index,市区町村コード,住所,種類,面積（㎡）,築年数,最寄駅：距離（分）,取引価格（総額）,divergence,ratio,signed_pct,direction,band,quantile_median,empirical_median,has_overlap,n_used,flag
39655,13303,東京都西多摩郡瑞穂町大字箱根ケ崎,中古マンション等,50,32.0,7.0,6600000,2.81034787000889,3.81034787000889,281.03478700088897,高値,重度,16003461.054037338,4200000.0,False,3,要人手査定
38640,13222,東京都東久留米市浅間町,中古マンション等,55,43.0,7.0,24000000,1.784256911371193,2.7842569113711932,178.42569113711932,高値,重度,21577991.063126747,7750000.0,True,30,要人手査定
11169,13108,東京都江東区豊洲,中古マンション等,185,17.0,5.0,450000000,1.7303160101929134,2.7303160101929134,173.03160101929134,高値,重度,450502141.6818307,165000000.0,True,30,要人手査定
4479,13103,東京都港区南青山,中古マンション等,95,20.0,10.0,420000000,1.6050820259417988,2.605082025941799,160.5082025941799,高値,重度,403787714.0209788,155000000.0,True,30,要人手査定
535,13101,東京都千代田区四番町,中古マンション等,260,19.0,3.0,1400000000,1.5675723828424422,2.5675723828424424,156.7572382842442,高値,重度,885812472.0806426,345000000.0,True,30,要人手査定
31079,13121,東京都足立区綾瀬,中古マンション等,30,38.0,2.0,21000000,1.5670518446806327,2.5670518446806327,156.70518446806327,高値,重度,20279709.572977,7900000.0,True,30,要人手査定
38781,13223,東京都武蔵村山市伊奈平,中古マンション等,90,18.0,5.0,22000000,1.564151682202507,2.5641516822025068,156.4151682202507,高値,重度,27692838.167787075,10800000.0,False,18,要人手査定
15827,13110,東京都目黒区目黒,中古マンション等,145,6.0,6.0,640000000,1.435542374494965,2.4355423744949647,143.5542374494965,高値,重度,462753051.1540433,190000000.0,True,30,要人手査定
36981,13209,東京都町田市成瀬,中古マンション等,140,35.0,13.0,53000000,1.428585337362348,2.4285853373623483,142.85853373623482,高値,重度,55857462.759334005,23000000.0,True,30,要人手査定
401,13101,東京都千代田区神田淡路町,中古マンション等,35,23.0,1.0,54000000,1.4148297126679037,2.4148297126679035,141.48297126679037,高値,重度,83311625.08704267,34500000.0,True,30,要人手査定
14332,13109,東京都品川区上大崎,中古マンション等,65,19.0,1.0,200000000,1.412340705924386,2.412340705924386,141.2340705924386,高値,重度,177307041.88544238,73500000.0,True,30,要人手査定
14328,13109,東京都品川区上大崎,中古マンション等,55,19.0,1.0,200000000,1.4072506987728428,2.407250698772843,140.72506987728428,高値,重度,166100298.21532616,69000000.0,True,30,要人手査定
38700,13222,東京都東久留米市南沢,中古マンション等,110,23.0,5.0,49000000,1.3900706535262797,2.3900706535262795,139.00706535262796,高値,重度,48996448.39728873,20500000.0,True,30,要人手査定
20704,13113,東京都渋谷区広尾,中古マンション等,130,40.0,4.0,560000000,1.3710520700410223,2.371052070041022,137.10520700410223,高値,重度,509776195.0588198,215000000.0,True,30,要人手査定
38701,13222,東京都東久留米市南沢,中古マンション等,105,23.0,5.0,50000000,1.3703615670927956,2.3703615670927958,137.03615670927957,高値,重度,48592412.12540231,20500000.0,True,30,要人手査定
5856,13104,東京都新宿区内藤町,中古マンション等,125,17.0,6.0,480000000,1.3509691763306753,2.3509691763306755,135.09691763306753,高値,重度,423174451.73952156,180000000.0,True,30,要人手査定
25176,13116,東京都豊島区南池袋,中古マンション等,30,27.0,6.0,55000000,1.3352644272479177,2.3352644272479175,133.52644272479176,高値,重度,54878714.04032607,23500000.0,True,30,要人手査定
31,13101,東京都千代田区四番町,中古マンション等,155,19.0,4.0,720000000,1.3206466549852454,2.3206466549852456,132.06466549852453,高値,重度,731003696.3203523,315000000.0,True,30,要人手査定
13251,13109,東京都品川区北品川,中古マンション等,90,56.0,14.0,93000000,1.3158027084704678,2.3158027084704678,131.5802708470468,高値,重度,97263713.75575964,42000000.0,True,30,要人手査定
13109,13109,東京都品川区上大崎,中古マンション等,80,9.0,2.0,330000000,1.308456878719587,2.308456878719587,130.8456878719587,高値,重度,288557109.83994836,125000000.0,True,30,要人手査定
38789,13223,東京都武蔵村山市神明,中古マンション等,60,28.0,20.0,12000000,1.292285073154863,2.2922850731548627,129.2285073154863,高値,重度,24756678.79007252,10800000.0,True,18,要人手査定
483,13101,東京都千代田区三番町,中古マンション等,80,57.0,5.0,120000000,1.2799714921458278,2.279971492145828,127.99714921458278,高値,重度,160737990.19628087,70500000.0,True,30,要人手査定
19984,13112,東京都世田谷区北沢,中古マンション等,30,38.0,3.0,34000000,1.2687867661827164,2.2687867661827164,126.87867661827164,高値,重度,38569375.02510618,17000000.0,True,30,要人手査定
20696,13113,東京都渋谷区広尾,中古マンション等,95,42.0,5.0,300000000,1.2579109520141725,2.2579109520141727,125.79109520141725,高値,重度,270949314.2417007,120000000.0,True,30,要人手査定
37099,13209,東京都町田市森野,中古マンション等,55,50.0,14.0,22000000,1.2570845013263803,2.2570845013263803,125.70845013263803,高値,重度,21329448.537534293,9450000.0,True,30,要人手査定
38761,13222,東京都東久留米市中央町,中古マンション等,65,56.0,11.0,27000000,1.2552240576006561,2.2552240576006564,125.52240576006561,高値,重度,27062688.691207875,12000000.0,True,30,要人手査定
13110,13109,東京都品川区上大崎,中古マンション等,70,19.0,2.0,200000000,1.254384493490549,2.254384493490549,125.4384493490549,高値,重度,196131450.93367776,87000000.0,True,30,要人手査定
1152,13102,東京都中央区勝どき,中古マンション等,160,3.0,2.0,880000000,1.2449175825805678,2.244917582580568,124.49175825805679,高値,重度,707149038.5128789,315000000.0,True,30,要人手査定
13174,13109,東京都品川区上大崎,中古マンション等,80,9.0,2.0,310000000,1.219172787970396,2.219172787970396,121.9172787970396,高値,重度,277396598.4962995,125000000.0,True,30,要人手査定
19987,13112,東京都世田谷区北沢,中古マンション等,25,44.0,2.0,38000000,1.2057634514176816,2.2057634514176816,120.57634514176816,高値,重度,29777806.5941387,13500000.0,True,30,要人手査定
5877,13104,東京都新宿区市谷砂土原町,中古マンション等,175,39.0,4.0,380000000,1.1978181770402496,2.19781817704025,119.78181770402496,高値,重度,340661817.4412387,155000000.0,True,30,要人手査定
31113,13121,東京都足立区梅島,中古マンション等,30,30.0,3.0,16000000,1.1914639616014315,2.1914639616014315,119.14639616014315,高値,重度,17531711.69281145,8000000.0,True,30,要人手査定
38782,13223,東京都武蔵村山市伊奈平,中古マンション等,65,18.0,5.0,19000000,1.1782874096165252,2.1782874096165252,117.82874096165253,高値,重度,23525504.023858473,10800000.0,True,18,要人手査定
2529,13103,東京都港区元麻布,中古マンション等,105,47.0,12.0,250000000,1.1772409418445793,2.177240941844579,117.72409418445793,高値,重度,250382708.3121266,115000000.0,True,30,要人手査定
14331,13109,東京都品川区上大崎,中古マンション等,65,19.0,1.0,190000000,1.14031171474448,2.1403117147444797,114.03117147444799,高値,重度,157312911.03371927,73500000.0,True,30,要人手査定
13166,13109,東京都品川区上大崎,中古マンション等,80,56.0,3.0,100000000,1.1351867361392554,2.1351867361392554,113.51867361392553,高値,重度,106759336.80696277,50000000.0,True,30,要人手査定
536,13101,東京都千代田区四番町,中古マンション等,145,19.0,3.0,720000000,1.1323936476214789,2.132393647621479,113.23936476214789,高値,重度,735675808.4294102,345000000.0,True,30,要人手査定
20699,13113,東京都渋谷区広尾,中古マンション等,105,42.0,6.0,360000000,1.1314385375599187,2.1314385375599185,113.14385375599187,高値,重度,309058587.9461882,145000000.0,True,30,要人手査定
19057,13112,東京都世田谷区奥沢,中古マンション等,185,8.0,5.0,320000000,1.113941086194605,2.113941086194605,111.39410861946051,高値,重度,338230573.7911368,160000000.0,True,30,要人手査定
24001,13115,東京都杉並区浜田山,中古マンション等,30,42.0,3.0,35000000,1.1094143598492698,2.1094143598492696,110.94143598492698,高値,重度,30586508.217814412,14500000.0,True,30,要人手査定
22532,13114,東京都中野区中野,中古マンション等,55,54.0,10.0,53000000,1.1031895264334322,2.1031895264334324,110.31895264334321,高値,重度,62044091.02978625,29500000.0,True,30,要人手査定
2507,13103,東京都港区元麻布,中古マンション等,100,24.0,8.0,500000000,1.0978308916695192,2.097830891669519,109.78308916695192,高値,重度,461522796.1672942,220000000.0,True,30,要人手査定
23431,13115,東京都杉並区高井戸東,中古マンション等,160,17.0,9.0,300000000,1.0879812052957565,2.0879812052957565,108.79812052957564,高値,重度,229677932.5825332,110000000.0,True,30,要人手査定
15235,13110,東京都目黒区三田,中古マンション等,155,32.0,10.0,550000000,1.085218253053344,2.085218253053344,108.5218253053344,高値,重度,364913194.2843352,175000000.0,True,30,要人手査定
20707,13113,東京都渋谷区広尾,中古マンション等,95,42.0,6.0,290000000,1.074956599079554,2.0749565990795538,107.4956599079554,高値,重度,269744357.880342,130000000.0,True,30,要人手査定
34537,13202,東京都立川市高松町,中古マンション等,80,30.0,11.0,51000000,1.0743902389671318,2.074390238967132,107.43902389671318,高値,重度,49785365.735211164,24000000.0,True,30,要人手査定
480,13101,東京都千代田区麹町,中古マンション等,40,23.0,2.0,73000000,1.0715515208524642,2.071551520852464,107.15515208524641,高値,重度,71468527.46941002,34500000.0,True,30,要人手査定
2518,13103,東京都港区麻布台,中古マンション等,65,12.0,7.0,200000000,1.066668666928608,2.0666686669286083,106.66686669286081,高値,重度,268666926.70071906,130000000.0,True,30,要人手査定
20204,13112,東京都世田谷区玉川,中古マンション等,120,7.0,6.0,330000000,1.0630663736340151,2.0630663736340153,106.3066373634015,高値,重度,278513960.44059205,135000000.0,True,30,要人手査定
25074,13116,東京都豊島区西池袋,中古マンション等,140,22.0,6.0,300000000,1.0599720442133531,2.059972044213353,105.99720442133531,高値,重度,267796365.74773592,130000000.0,True,30,要人手査定
39291,13225,東京都稲城市大丸,中古マンション等,60,47.0,9.0,25000000,1.0597198708415951,2.059719870841595,105.97198708415951,高値,重度,24716638.45009914,12000000.0,True,30,要人手査定
33795,13201,東京都八王子市子安町,中古マンション等,95,16.0,1.0,120000000,1.0580188434160975,2.0580188434160975,105.80188434160975,高値,重度,97755895.06226464,47500000.0,True,30,要人手査定
21386,13113,東京都渋谷区恵比寿,中古マンション等,35,43.0,4.0,65000000,1.0572753225632503,2.05727532256325,105.72753225632503,高値,重度,63775534.99946076,31000000.0,True,30,要人手査定
38788,13223,東京都武蔵村山市大南,中古マンション等,70,39.0,13.0,17000000,1.0555778795428987,2.055577879542899,105.55778795428988,高値,重度,22200241.099063307,10800000.0,True,18,要人手査定
32331,13122,東京都葛飾区立石,中古マンション等,30,28.0,2.0,23000000,1.0501990060550421,2.0501990060550424,105.01990060550422,高値,重度,19476890.5575229,9500000.0,True,30,要人手査定
35850,13206,東京都府中市府中町,中古マンション等,135,30.0,3.0,140000000,1.0498432234206474,2.0498432234206474,104.98432234206474,高値,重度,92242945.05392914,45000000.0,True,30,要人手査定
2629,13103,東京都港区南青山,中古マンション等,95,44.0,11.0,170000000,1.0493125001658437,2.0493125001658434,104.93125001658437,高値,重度,194684687.51575515,95000000.0,True,30,要人手査定
13167,13109,東京都品川区上大崎,中古マンション等,65,19.0,2.0,200000000,1.0451363288508706,2.0451363288508704,104.51363288508706,高値,重度,177926860.61002573,87000000.0,True,30,要人手査定
21478,13113,東京都渋谷区渋谷,中古マンション等,120,1.0,6.0,630000000,1.0442861107840542,2.044286110784054,104.42861107840542,高値,重度,623507263.7891365,305000000.0,True,30,要人手査定
38726,13222,東京都東久留米市新川町,中古マンション等,85,6.0,1.0,70000000,1.0436663239572848,2.043666323957285,104.36663239572847,高値,重度,66419155.52861176,32500000.0,True,30,要人手査定
15597,13110,東京都目黒区青葉台,中古マンション等,30,26.0,5.0,62000000,1.0399014496456067,2.0399014496456065,103.99014496456067,高値,重度,60177092.764545396,29500000.0,True,30,要人手査定
31283,13121,東京都足立区千住,中古マンション等,60,22.0,3.0,71000000,1.0385718708353993,2.038571870835399,103.85718708353993,高値,重度,66253585.80215047,32500000.0,True,30,要人手査定
13160,13109,東京都品川区上大崎,中古マンション等,70,9.0,2.0,230000000,1.0373208729251502,2.03732087292515,103.73208729251502,高値,重度,244478504.75101802,120000000.0,True,30,要人手査定
34521,13202,東京都立川市高松町,中古マンション等,70,29.0,11.0,49000000,1.0363231371414692,2.036323137141469,103.63231371414692,高値,重度,48871755.29139526,24000000.0,True,30,要人手査定
34927,13203,東京都武蔵野市御殿山,中古マンション等,80,55.0,8.0,95000000,1.0356056282057398,2.0356056282057398,103.56056282057398,高値,重度,94655661.7115669,46500000.0,True,30,要人手査定
3167,13103,東京都港区六本木,中古マンション等,85,59.0,3.0,94000000,1.0268214462022571,2.026821446202257,102.68214462022571,高値,重度,183427340.88130426,90500000.0,True,30,要人手査定
5187,13104,東京都新宿区荒木町,中古マンション等,125,24.0,2.0,170000000,1.0257687665365454,2.025768766536545,102.57687665365454,高値,重度,283607627.31511635,140000000.0,True,30,要人手査定
36925,13209,東京都町田市真光寺,中古マンション等,100,29.0,5.0,18000000,1.0245190131550397,2.0245190131550395,102.45190131550397,高値,重度,42514899.27625583,21000000.0,True,30,要人手査定
32335,13122,東京都葛飾区立石,中古マンション等,30,28.0,2.0,23000000,1.0239907274686362,2.023990727468636,102.39907274686362,高値,重度,19227911.910952043,9500000.0,True,30,要人手査定
31286,13121,東京都足立区千住,中古マンション等,50,27.0,3.0,72000000,1.0235116787157157,2.0235116787157157,102.35116787157156,高値,重度,64752373.7189029,32000000.0,True,30,要人手査定
38791,13223,東京都武蔵村山市神明,中古マンション等,65,23.0,20.0,20000000,1.0229530485290754,2.0229530485290756,102.29530485290755,高値,重度,21847892.924114015,10800000.0,True,18,要人手査定
24159,13116,東京都豊島区高田,中古マンション等,210,38.0,4.0,180000000,1.0228048746362561,2.022804874636256,102.28048746362562,高値,重度,222508536.20998818,110000000.0,True,30,要人手査定
453,13101,東京都千代田区神田錦町,中古マンション等,35,23.0,6.0,70000000,1.0218211789051699,2.02182117890517,102.18211789051699,高値,重度,67731009.49332319,33500000.0,True,30,要人手査定
20691,13113,東京都渋谷区広尾,中古マンション等,80,42.0,6.0,250000000,1.021561244870414,2.021561244870414,102.15612448704141,高値,重度,200134563.242171,99000000.0,True,30,要人手査定
14347,13109,東京都品川区北品川,中古マンション等,75,45.0,7.0,120000000,1.020605486741716,2.020605486741716,102.0605486741716,高値,重度,119215723.71776125,59000000.0,True,30,要人手査定
15581,13110,東京都目黒区目黒,中古マンション等,105,7.0,5.0,420000000,1.0177675804228214,2.0177675804228214,101.77675804228214,高値,重度,343020488.67187965,170000000.0,True,30,要人手査定
13595,13109,東京都品川区東五反田,中古マンション等,100,43.0,11.0,130000000,1.01704834762322,2.01704834762322,101.704834762322,高値,重度,145227481.02887183,72000000.0,True,30,要人手査定
23245,13115,東京都杉並区浜田山,中古マンション等,180,37.0,10.0,170000000,1.0155224451215341,2.015522445121534,101.55224451215341,高値,重度,189459109.8414242,94000000.0,True,30,要人手査定
7610,13105,東京都文京区本郷,中古マンション等,25,28.0,6.0,31000000,1.007806586971975,2.007806586971975,100.7806586971975,高値,重度,43167841.61989746,21500000.0,True,30,要人手査定
20541,13113,東京都渋谷区代官山町,中古マンション等,85,26.0,2.0,320000000,1.006659023661133,2.006659023661133,100.6659023661133,高値,重度,270898968.19425297,135000000.0,True,30,要人手査定
21482,13113,東京都渋谷区渋谷,中古マンション等,75,3.0,9.0,320000000,1.0018860600851773,2.0018860600851776,100.18860600851774,高値,重度,310292339.3132025,155000000.0,True,30,要人手査定
22539,13114,東京都中野区中野,中古マンション等,80,32.0,4.0,170000000,1.0009802192252564,2.0009802192252564,100.09802192252563,高値,重度,136066654.90731743,68000000.0,True,30,要人手査定
4370,13103,東京都港区虎ノ門,中古マンション等,30,23.0,5.0,52000000,0.9961667093412949,1.996166709341295,99.61667093412949,高値,中度,68867751.47227468,34500000.0,True,30,要人手査定
20542,13113,東京都渋谷区代官山町,中古マンション等,85,28.0,4.0,220000000,0.9954396027230235,1.9954396027230235,99.54396027230234,高値,中度,249429950.34037793,125000000.0,True,30,要人手査定
20630,13113,東京都渋谷区広尾,中古マンション等,110,43.0,4.0,520000000,0.9930226888090841,1.993022688809084,99.3022688809084,高値,中度,298953403.3213626,150000000.0,True,30,要人手査定
5936,13104,東京都新宿区歌舞伎町,中古マンション等,35,43.0,9.0,36000000,0.992629783258617,1.9926297832586168,99.2629783258617,高値,中度,39852595.66517234,20000000.0,True,30,要人手査定
13221,13109,東京都品川区上大崎,中古マンション等,80,48.0,4.0,130000000,0.992520470514667,1.9925204705146669,99.25204705146669,高値,中度,115566187.28985068,58000000.0,True,30,要人手査定
2530,13103,東京都港区元麻布,中古マンション等,95,18.0,8.0,400000000,0.9905587079799928,1.9905587079799927,99.05587079799928,高値,中度,418017328.6757985,210000000.0,True,30,要人手査定
9115,13107,東京都墨田区江東橋,中古マンション等,105,18.0,5.0,200000000,0.9890392343784898,1.98903923437849,98.90392343784899,高値,中度,179013531.0940641,90000000.0,True,30,要人手査定
6208,13104,東京都新宿区富久町,中古マンション等,30,11.0,7.0,50000000,0.9847791252163616,1.9847791252163616,98.47791252163616,高値,中度,72444438.0703972,36500000.0,True,30,要人手査定
31362,13121,東京都足立区千住中居町,中古マンション等,75,35.0,10.0,62000000,0.9832346761215577,1.9832346761215576,98.32346761215577,高値,中度,61480274.95976829,31000000.0,True,30,要人手査定
25156,13116,東京都豊島区東池袋,中古マンション等,110,25.0,8.0,200000000,0.9825033667141446,1.9825033667141447,98.25033667141446,高値,中度,198250336.67141446,100000000.0,True,30,要人手査定
14626,13109,東京都品川区東五反田,中古マンション等,90,28.0,4.0,200000000,0.976971228437259,1.9769712284372591,97.69712284372591,高値,中度,195720151.61528865,99000000.0,True,30,要人手査定
20672,13113,東京都渋谷区代官山町,中古マンション等,75,26.0,1.0,270000000,0.974358673992996,1.9743586739929961,97.4358673992996,高値,中度,217179454.13922957,110000000.0,True,30,要人手査定
39345,13227,東京都羽村市神明台,中古マンション等,95,15.0,11.0,31000000,0.9681296519052757,1.9681296519052756,96.81296519052756,高値,中度,31490074.43048441,16000000.0,False,30,要人手査定
29600,13120,東京都練馬区上石神井,中古マンション等,30,38.0,8.0,21000000,0.9658453436165685,1.9658453436165684,96.58453436165685,高値,中度,24573066.795207106,12500000.0,True,30,要人手査定
20565,13113,東京都渋谷区広尾,中古マンション等,95,42.0,6.0,310000000,0.9622315196826137,1.9622315196826137,96.22315196826136,高値,中度,255090097.55873978,130000000.0,True,30,要人手査定
22552,13114,東京都中野区中野,中古マンション等,40,54.0,6.0,48000000,0.962126246770564,1.962126246770564,96.2126246770564,高値,中度,44147840.55233769,22500000.0,True,30,要人手査定
1707,13102,東京都中央区佃,中古マンション等,180,27.0,9.0,560000000,0.9608647608990613,1.9608647608990613,96.08647608990613,高値,中度,470607542.6157747,240000000.0,True,30,要人手査定
36517,13208,東京都調布市仙川町,中古マンション等,110,9.0,9.0,83000000,0.9582745331714588,1.9582745331714588,95.82745331714588,高値,中度,117496471.99028753,60000000.0,True,30,要人手査定
482,13101,東京都千代田区三番町,中古マンション等,50,41.0,3.0,90000000,0.9516284192628411,1.9516284192628413,95.16284192628412,高値,中度,86847464.65719643,44500000.0,True,30,要人手査定
21634,13113,東京都渋谷区広尾,中古マンション等,85,49.0,5.0,210000000,0.9485402844569448,1.9485402844569448,94.85402844569448,高値,中度,185111327.02340975,95000000.0,True,30,要人手査定
23454,13115,東京都杉並区堀ノ内,中古マンション等,145,37.0,6.0,190000000,0.9474882924497601,1.94748829244976,94.74882924497601,高値,中度,179168922.90537792,92000000.0,True,30,要人手査定
5240,13104,東京都新宿区四谷,中古マンション等,90,2.0,4.0,410000000,0.9432538612281323,1.9432538612281323,94.32538612281323,高値,中度,369218233.6333451,190000000.0,True,30,要人手査定
24011,13115,東京都杉並区浜田山,中古マンション等,160,21.0,7.0,180000000,0.9409318504673768,1.9409318504673767,94.09318504673769,高値,中度,213502503.55141145,110000000.0,True,30,要人手査定
22042,13114,東京都中野区東中野,中古マンション等,110,16.0,1.0,180000000,0.9405482106399625,1.9405482106399625,94.05482106399626,高値,中度,194054821.06399626,100000000.0,True,30,要人手査定
30900,13121,東京都足立区千住大川町,中古マンション等,25,32.0,12.0,21000000,0.9405406693227678,1.9405406693227678,94.05406693227678,高値,中度,15524325.354582142,8000000.0,True,30,要人手査定
38952,13224,東京都多摩市関戸,中古マンション等,75,42.0,1.0,37000000,0.938582429483736,1.938582429483736,93.8582429483736,高値,中度,32955901.301223513,17000000.0,True,30,要人手査定
38969,13224,東京都多摩市関戸,中古マンション等,75,42.0,1.0,36000000,0.938582429483736,1.938582429483736,93.8582429483736,高値,中度,32955901.301223513,17000000.0,True,30,要人手査定
33838,13201,東京都八王子市長沼町,中古マンション等,190,35.0,15.0,110000000,0.9371969373821781,1.937196937382178,93.71969373821781,高値,中度,71676286.68314059,37000000.0,True,30,要人手査定
4403,13103,東京都港区西麻布,中古マンション等,105,41.0,12.0,270000000,0.9353599323176625,1.9353599323176625,93.53599323176624,高値,中度,261273590.86288443,135000000.0,True,30,要人手査定
484,13101,東京都千代田区三番町,中古マンション等,35,49.0,6.0,57000000,0.932377161824952,1.932377161824952,93.2377161824952,高値,中度,50241806.20744875,26000000.0,True,30,要人手査定
34721,13203,東京都武蔵野市御殿山,中古マンション等,85,8.0,6.0,200000000,0.9320263478867157,1.9320263478867157,93.20263478867157,高値,中度,165188252.7443142,85500000.0,True,30,要人手査定
25080,13116,東京都豊島区西池袋,中古マンション等,30,26.0,5.0,35000000,0.92916801999192,1.9291680199919201,92.916801999192,高値,中度,44370864.45981416,23000000.0,True,30,要人手査定
38658,13222,東京都東久留米市浅間町,中古マンション等,75,43.0,8.0,35000000,0.9275508293065179,1.9275508293065178,92.7550829306518,高値,中度,26985711.61029125,14000000.0,True,30,要人手査定
34456,13202,東京都立川市曙町,中古マンション等,90,28.0,7.0,70000000,0.9272989076373326,1.9272989076373326,92.72989076373325,高値,中度,58782616.68293864,30500000.0,True,30,要人手査定
56,13101,東京都千代田区四番町,中古マンション等,75,49.0,7.0,96000000,0.9271653427222828,1.9271653427222828,92.71653427222827,高値,中度,144537400.7041712,75000000.0,True,30,要人手査定
15831,13110,東京都目黒区目黒,中古マンション等,210,38.0,15.0,330000000,0.9258574930669645,1.9258574930669645,92.58574930669646,高値,中度,337025061.2867188,175000000.0,True,30,要人手査定
2499,13103,東京都港区麻布台,中古マンション等,65,12.0,8.0,270000000,0.9237857502146557,1.9237857502146558,92.37857502146556,高値,中度,259711076.27897853,135000000.0,True,30,要人手査定
21861,13114,東京都中野区中野,中古マンション等,80,32.0,3.0,150000000,0.920028953100684,1.920028953100684,92.0028953100684,高値,中度,126721910.90464514,66000000.0,True,30,要人手査定
5324,13104,東京都新宿区四谷,中古マンション等,105,19.0,5.0,270000000,0.9192864729292082,1.9192864729292083,91.92864729292081,高値,中度,268700106.21008915,140000000.0,True,30,要人手査定
15015,13110,東京都目黒区上目黒,中古マンション等,125,17.0,2.0,600000000,0.9186007485949533,1.9186007485949534,91.86007485949533,高値,中度,335755131.00411683,175000000.0,True,30,要人手査定
28410,13119,東京都板橋区中台,中古マンション等,20,46.0,11.0,37000000,0.9181024670745097,1.9181024670745097,91.81024670745097,高値,中度,16207965.846779607,8450000.0,True,30,要人手査定
38087,13214,東京都国分寺市南町,中古マンション等,145,25.0,5.0,100000000,0.9165681931207194,1.9165681931207192,91.65681931207193,高値,中度,130326637.13220891,68000000.0,True,30,要人手査定
31282,13121,東京都足立区千住,中古マンション等,50,35.0,9.0,45000000,0.9151831413572559,1.915183141357256,91.51831413572559,高値,中度,48837170.104610026,25500000.0,True,30,要人手査定
21639,13113,東京都渋谷区広尾,中古マンション等,75,23.0,4.0,240000000,0.9121467008024982,1.9121467008024982,91.21467008024982,高値,中度,200775403.5842623,105000000.0,True,30,要人手査定
474,13101,東京都千代田区九段南,中古マンション等,50,26.0,9.0,110000000,0.9075433025335751,1.907543302533575,90.75433025335751,高値,中度,91562078.5216116,48000000.0,True,30,要人手査定
105,13101,東京都千代田区三番町,中古マンション等,55,41.0,4.0,90000000,0.9024565159367279,1.902456515936728,90.24565159367279,高値,中度,90366684.50699458,47500000.0,True,30,要人手査定
3579,13103,東京都港区三田,中古マンション等,95,17.0,7.0,480000000,0.9012930865642329,1.9012930865642328,90.12930865642329,高値,中度,465816806.20823705,245000000.0,True,30,要人手査定
20193,13112,東京都世田谷区玉川,中古マンション等,100,16.0,8.0,230000000,0.8986093679439823,1.8986093679439824,89.86093679439823,高値,中度,227833124.15327787,120000000.0,True,30,要人手査定
38785,13223,東京都武蔵村山市本町,中古マンション等,60,29.0,5.0,8800000,0.8984117336606855,1.8984117336606856,89.84117336606855,高値,中度,22780940.803928226,12000000.0,True,18,要人手査定
38926,13224,東京都多摩市関戸,中古マンション等,80,42.0,1.0,36000000,0.8977576112996206,1.8977576112996206,89.77576112996206,高値,中度,32261879.39209355,17000000.0,True,30,要人手査定
38723,13222,東京都東久留米市前沢,中古マンション等,55,48.0,5.0,18000000,0.8928610649028148,1.8928610649028148,89.28610649028148,高値,中度,14385744.093261393,7600000.0,True,30,要人手査定
38891,13224,東京都多摩市関戸,中古マンション等,75,42.0,1.0,37000000,0.8909435561033316,1.8909435561033316,89.09435561033317,高値,中度,32146040.453756638,17000000.0,True,30,要人手査定
13164,13109,東京都品川区上大崎,中古マンション等,65,52.0,2.0,87000000,0.8894226351125394,1.8894226351125394,88.94226351125394,高値,中度,85968729.89762054,45500000.0,True,30,要人手査定
13116,13109,東京都品川区上大崎,中古マンション等,65,52.0,2.0,83000000,0.8888551924099054,1.8888551924099055,88.88551924099055,高値,中度,85942911.2546507,45500000.0,True,30,要人手査定
20476,13113,東京都渋谷区代官山町,中古マンション等,75,26.0,1.0,230000000,0.886430981917478,1.886430981917478,88.64309819174781,高値,中度,207507408.01092258,110000000.0,True,30,要人手査定
6810,13105,東京都文京区小石川,中古マンション等,85,5.0,1.0,260000000,0.8860817142531048,1.8860817142531048,88.60817142531047,高値,中度,264051439.99543467,140000000.0,True,30,要人手査定
2519,13103,東京都港区麻布台,中古マンション等,40,12.0,7.0,140000000,0.8846914727378528,1.8846914727378528,88.46914727378528,高値,中度,127216674.40980506,67500000.0,True,30,要人手査定
13162,13109,東京都品川区上大崎,中古マンション等,160,33.0,8.0,320000000,0.8821646752358451,1.882164675235845,88.21646752358451,高値,中度,319967994.79009366,170000000.0,True,30,要人手査定
20629,13113,東京都渋谷区広尾,中古マンション等,80,42.0,6.0,240000000,0.8802171522773956,1.8802171522773956,88.02171522773956,高値,中度,186141498.07546216,99000000.0,True,30,要人手査定
2790,13103,東京都港区南青山,中古マンション等,85,45.0,11.0,180000000,0.8795229763965047,1.8795229763965047,87.95229763965047,高値,中度,172916113.82847843,92000000.0,True,30,要人手査定
19811,13112,東京都世田谷区三宿,中古マンション等,80,48.0,15.0,85000000,0.8777013059016616,1.8777013059016616,87.77013059016616,高値,中度,91068513.33623059,48500000.0,True,30,要人手査定
26895,13118,東京都荒川区南千住,中古マンション等,160,34.0,18.0,95000000,0.8758319728507002,1.8758319728507002,87.58319728507003,高値,中度,123804910.20814621,66000000.0,True,30,要人手査定
39174,13224,東京都多摩市永山,中古マンション等,65,49.0,6.0,24000000,0.8730439389841019,1.873043938984102,87.3043938984102,高値,中度,22476527.267809223,12000000.0,True,30,要人手査定
17764,13111,東京都大田区西蒲田,中古マンション等,25,37.0,11.0,24000000,0.8725416588351829,1.8725416588351829,87.25416588351828,高値,中度,22470499.906022195,12000000.0,True,30,要人手査定
14365,13109,東京都品川区北品川,中古マンション等,30,27.0,7.0,46000000,0.8711879857446714,1.8711879857446714,87.11879857446714,高値,中度,53328857.59372313,28500000.0,True,30,要人手査定
33886,13201,東京都八王子市子安町,中古マンション等,80,16.0,2.0,88000000,0.8706148627117615,1.8706148627117616,87.06148627117615,高値,中度,88854205.97880867,47500000.0,True,30,要人手査定
26151,13117,東京都北区西ケ原,中古マンション等,70,24.0,10.0,110000000,0.8704529598665524,1.8704529598665525,87.04529598665523,高値,中度,98198780.392994,52500000.0,True,30,要人手査定
13111,13109,東京都品川区上大崎,中古マンション等,80,48.0,4.0,88000000,0.8696108367788982,1.8696108367788982,86.96108367788982,高値,中度,108437428.5331761,58000000.0,True,30,要人手査定
13558,13109,東京都品川区西五反田,中古マンション等,85,3.0,9.0,270000000,0.8693501141669212,1.869350114166921,86.93501141669212,高値,中度,271055766.55420357,145000000.0,True,30,要人手査定
7458,13105,東京都文京区水道,中古マンション等,30,17.0,8.0,53000000,0.8684398660337627,1.8684398660337627,86.84398660337627,高値,中度,49513656.44989471,26500000.0,True,30,要人手査定
28503,13119,東京都板橋区東坂下,中古マンション等,45,52.0,10.0,28000000,0.8658135540776163,1.8658135540776164,86.58135540776163,高値,中度,27987203.311164245,15000000.0,True,30,要人手査定
32319,13122,東京都葛飾区立石,中古マンション等,25,38.0,8.0,14000000,0.8645977133911843,1.8645977133911844,86.45977133911843,高値,中度,14077712.736103442,7550000.0,True,30,要人手査定
6799,13105,東京都文京区小石川,中古マンション等,145,35.0,9.0,350000000,0.864372036151902,1.864372036151902,86.4372036151902,高値,中度,261012085.06126627,140000000.0,True,30,要人手査定
4751,13104,東京都新宿区西新宿,中古マンション等,110,2.0,6.0,420000000,0.864020636456489,1.864020636456489,86.4020636456489,高値,中度,391444333.6558627,210000000.0,True,30,要人手査定
34926,13203,東京都武蔵野市御殿山,中古マンション等,50,55.0,8.0,68000000,0.8625894903968925,1.8625894903968925,86.25894903968924,高値,中度,56808979.45710522,30500000.0,True,30,要人手査定
8501,13106,東京都台東区池之端,中古マンション等,95,21.0,4.0,200000000,0.8623743806486225,1.8623743806486226,86.23743806486225,高値,中度,186237438.06486225,100000000.0,True,30,要人手査定
34447,13202,東京都立川市錦町,中古マンション等,95,24.0,15.0,53000000,0.8603332640477546,1.8603332640477546,86.03332640477545,高値,中度,55809997.92143264,30000000.0,True,30,要人手査定
19143,13112,東京都世田谷区太子堂,中古マンション等,135,18.0,11.0,310000000,0.8588093708370165,1.8588093708370166,85.88093708370165,高値,中度,241645218.20881215,130000000.0,True,30,要人手査定
19982,13112,東京都世田谷区北沢,中古マンション等,25,38.0,3.0,26000000,0.8568542287034235,1.8568542287034235,85.68542287034235,高値,中度,25995959.20184793,14000000.0,True,30,要人手査定
20161,13112,東京都世田谷区代沢,中古マンション等,30,8.0,6.0,62000000,0.8567997541657459,1.856799754165746,85.67997541657459,高値,中度,62202791.76455249,33500000.0,True,30,要人手査定
2496,13103,東京都港区元麻布,中古マンション等,80,14.0,9.0,230000000,0.8547600119335541,1.854760011933554,85.47600119335542,高値,中度,352404402.2673753,190000000.0,True,30,要人手査定
25233,13116,東京都豊島区目白,中古マンション等,105,20.0,8.0,250000000,0.8540122630180195,1.8540122630180194,85.40122630180194,高値,中度,194671287.61689204,105000000.0,True,30,要人手査定
5855,13104,東京都新宿区内藤町,中古マンション等,95,17.0,5.0,260000000,0.8530602136328035,1.8530602136328036,85.30602136328035,高値,中度,259428429.9085925,140000000.0,True,30,要人手査定
22542,13114,東京都中野区中野,中古マンション等,60,30.0,2.0,120000000,0.8524765009061747,1.8524765009061746,85.24765009061747,高値,中度,111148590.05437048,60000000.0,True,30,要人手査定
17140,13111,東京都大田区大森北,中古マンション等,60,1.0,3.0,140000000,0.8524665619116454,1.8524665619116454,85.24665619116453,高値,中度,135230059.0195501,73000000.0,True,30,要人手査定
428,13101,東京都千代田区神田神保町,中古マンション等,30,19.0,3.0,50000000,0.8507375947790027,1.8507375947790028,85.07375947790027,高値,中度,63850447.01987559,34500000.0,True,30,要人手査定
30043,13120,東京都練馬区練馬,中古マンション等,45,40.0,7.0,49000000,0.8504272923197586,1.8504272923197584,85.04272923197585,高値,中度,46260682.30799396,25000000.0,True,30,要人手査定
20954,13113,東京都渋谷区代々木,中古マンション等,30,21.0,5.0,68000000,0.8502004524361008,1.8502004524361007,85.02004524361007,高値,中度,60131514.704173274,32500000.0,True,30,要人手査定
13222,13109,東京都品川区上大崎,中古マンション等,55,9.0,3.0,230000000,0.84813376024773,1.8481337602477301,84.813376024773,高値,中度,182041175.3844014,98500000.0,True,30,要人手査定
38195,13215,東京都国立市中,中古マンション等,75,9.0,2.0,99000000,0.8468276559000113,1.8468276559000112,84.68276559000113,高値,中度,87724313.65525053,47500000.0,True,30,要人手査定
475,13101,東京都千代田区九段南,中古マンション等,80,17.0,8.0,250000000,0.8464483434280736,1.8464483434280736,84.64483434280736,高値,中度,221573801.21136883,120000000.0,True,30,要人手査定
6197,13104,東京都新宿区天神町,中古マンション等,25,22.0,3.0,35000000,0.8462999351271027,1.8462999351271028,84.62999351271027,高値,中度,49850098.24843177,27000000.0,True,30,要人手査定
14345,13109,東京都品川区上大崎,中古マンション等,85,51.0,4.0,180000000,0.8456675727639804,1.8456675727639804,84.56675727639804,高値,中度,119045558.44327673,64500000.0,True,30,要人手査定
20604,13113,東京都渋谷区代官山町,中古マンション等,75,28.0,4.0,160000000,0.8452159764956574,1.8452159764956573,84.52159764956573,高値,中度,193747677.53204402,105000000.0,True,30,要人手査定
22534,13114,東京都中野区中野,中古マンション等,60,30.0,2.0,130000000,0.845164214194049,1.845164214194049,84.51642141940489,高値,中度,110709852.85164294,60000000.0,True,30,要人手査定
15375,13110,東京都目黒区中目黒,中古マンション等,130,20.0,6.0,450000000,0.8441371002098614,1.8441371002098614,84.41371002098614,高値,中度,387268791.0440709,210000000.0,True,30,要人手査定
10404,13108,東京都江東区有明,中古マンション等,140,20.0,9.0,260000000,0.8418718499863779,1.8418718499863778,84.18718499863779,高値,中度,285490136.74788857,155000000.0,True,30,要人手査定
981,13102,東京都中央区晴海,中古マンション等,120,3.0,20.0,330000000,0.841422902591225,1.841422902591225,84.1422902591225,高値,中度,313041893.44050825,170000000.0,True,30,要人手査定
14339,13109,東京都品川区上大崎,中古マンション等,35,15.0,8.0,60000000,0.8405834274753117,1.8405834274753117,84.05834274753117,高値,中度,69942170.24406184,38000000.0,True,30,要人手査定
4043,13103,東京都港区赤坂,中古マンション等,35,25.0,2.0,90000000,0.8394620036803639,1.839462003680364,83.9462003680364,高値,中度,80936328.16193601,44000000.0,True,30,要人手査定
2508,13103,東京都港区元麻布,中古マンション等,80,14.0,9.0,290000000,0.8392317555751025,1.8392317555751025,83.92317555751025,高値,中度,349454033.5592695,190000000.0,True,30,要人手査定
8345,13106,東京都台東区池之端,中古マンション等,95,21.0,4.0,170000000,0.838878075514436,1.838878075514436,83.8878075514436,高値,中度,183887807.5514436,100000000.0,True,30,要人手査定
38186,13215,東京都国立市中,中古マンション等,15,43.0,10.0,4500000,0.838599061011264,0.161400938988736,-83.8599061011264,安値,重度,4277124.883201504,26500000.0,True,30,要人手査定
28131,13119,東京都板橋区加賀,中古マンション等,75,43.0,9.0,71000000,0.8347895626305972,1.8347895626305972,83.47895626305973,高値,中度,72474187.72390859,39500000.0,True,30,要人手査定
8500,13106,東京都台東区池之端,中古マンション等,80,21.0,4.0,120000000,0.8276573233426354,1.8276573233426354,82.76573233426355,高値,中度,158092358.46913797,86500000.0,True,30,要人手査定
38633,13221,東京都清瀬市野塩,中古マンション等,15,34.0,5.0,4700000,0.8242987711894296,0.17570122881057035,-82.42987711894297,安値,重度,4304680.105858973,24500000.0,True,30,要人手査定
22015,13114,東京都中野区中野,中古マンション等,35,0.0,6.0,90000000,0.8239784836635786,1.8239784836635786,82.39784836635786,高値,中度,74783117.83020672,41000000.0,True,30,要人手査定
21141,13113,東京都渋谷区渋谷,中古マンション等,45,23.0,4.0,120000000,0.8218461922166562,1.8218461922166562,82.18461922166563,高値,中度,113865387.01354101,62500000.0,True,30,要人手査定
32358,13122,東京都葛飾区西新小岩,中古マンション等,60,31.0,10.0,58000000,0.8215694454472388,1.8215694454472389,82.15694454472387,高値,中度,54647083.36341716,30000000.0,True,30,要人手査定
4494,13103,東京都港区南青山,中古マンション等,35,13.0,4.0,120000000,0.8200023212052595,1.8200023212052596,82.00023212052595,高値,中度,114660146.23593135,63000000.0,True,30,要人手査定
13056,13109,東京都品川区上大崎,中古マンション等,105,9.0,2.0,440000000,0.8195542932313722,1.8195542932313722,81.95542932313722,高値,中度,373008630.1124313,205000000.0,True,30,要人手査定
25459,13117,東京都北区中里,中古マンション等,115,37.0,3.0,130000000,0.8191534682815441,1.819153468281544,81.91534682815441,高値,中度,127340742.77970809,70000000.0,True,30,要人手査定
478,13101,東京都千代田区麹町,中古マンション等,50,3.0,3.0,170000000,0.8190633618747788,1.8190633618747787,81.90633618747788,高値,中度,166444297.61154225,91500000.0,True,30,要人手査定
19861,13112,東京都世田谷区大原,中古マンション等,30,36.0,3.0,34000000,0.8165328212995733,1.8165328212995733,81.65328212995733,高値,中度,29972791.55144296,16500000.0,True,30,要人手査定
31278,13121,東京都足立区千住,中古マンション等,50,31.0,2.0,65000000,0.8162505369334323,1.8162505369334323,81.62505369334323,高値,中度,63568768.79267013,35000000.0,True,30,要人手査定
6288,13104,東京都新宿区西新宿,中古マンション等,25,23.0,9.0,52000000,0.8153803292908806,1.8153803292908806,81.53803292908806,高値,中度,47199888.561562896,26000000.0,True,30,要人手査定
34803,13203,東京都武蔵野市御殿山,中古マンション等,70,56.0,6.0,65000000,0.8144660394246855,1.8144660394246857,81.44660394246856,高値,中度,78929272.71497382,43500000.0,True,30,要人手査定
34808,13203,東京都武蔵野市御殿山,中古マンション等,70,55.0,7.0,62000000,0.8143730044517171,1.814373004451717,81.43730044517172,高値,中度,78925225.6936497,43500000.0,True,30,要人手査定
772,13102,東京都中央区晴海,中古マンション等,125,7.0,11.0,360000000,0.8091586377119339,1.8091586377119337,80.91586377119339,高値,中度,361831727.5423868,200000000.0,True,30,要人手査定
36485,13208,東京都調布市仙川町,中古マンション等,110,22.0,3.0,150000000,0.8083142871492935,1.8083142871492934,80.83142871492936,高値,中度,95840657.21891256,53000000.0,True,30,要人手査定
10412,13108,東京都江東区有明,中古マンション等,125,18.0,5.0,320000000,0.8078434704431295,1.8078434704431294,80.78434704431295,高値,中度,289254955.2709007,160000000.0,True,30,要人手査定
4046,13103,東京都港区赤坂,中古マンション等,35,25.0,2.0,61000000,0.8078416239753955,1.8078416239753954,80.78416239753955,高値,中度,79545031.4549174,44000000.0,True,30,要人手査定
33304,13123,東京都江戸川区西小岩,中古マンション等,190,37.0,7.0,84000000,0.8073753622110207,1.8073753622110207,80.73753622110206,高値,中度,98501957.24050063,54500000.0,True,30,要人手査定
13706,13109,東京都品川区東五反田,中古マンション等,75,14.0,8.0,170000000,0.8049059219970924,1.8049059219970924,80.49059219970924,高値,中度,172368515.55072233,95500000.0,True,30,要人手査定
38100,13214,東京都国分寺市西恋ケ窪,中古マンション等,15,39.0,7.0,6800000,0.8037494692700692,0.19625053072993076,-80.37494692700692,安値,重度,5004388.533613235,25500000.0,True,30,要人手査定
15675,13110,東京都目黒区下目黒,中古マンション等,35,13.0,8.0,75000000,0.8019729909327813,1.8019729909327813,80.19729909327813,高値,中度,79286811.60104237,44000000.0,True,30,要人手査定
20197,13112,東京都世田谷区玉川,中古マンション等,85,16.0,6.0,210000000,0.8018806503840671,1.801880650384067,80.1880650384067,高値,中度,189197468.29032704,105000000.0,True,30,要人手査定
39376,13227,東京都羽村市神明台,中古マンション等,85,15.0,13.0,31000000,0.8010447819857522,1.8010447819857522,80.10447819857522,高値,中度,28816716.511772037,16000000.0,True,30,要人手査定
20119,13112,東京都世田谷区下馬,中古マンション等,70,26.0,8.0,150000000,0.8001952015600837,1.8001952015600837,80.01952015600837,高値,中度,129614054.51232603,72000000.0,True,30,要人手査定
17484,13111,東京都大田区山王,中古マンション等,85,37.0,8.0,110000000,0.8000886268086251,1.8000886268086251,80.0088626808625,高値,中度,92704564.2806442,51500000.0,True,30,要人手査定
28089,13119,東京都板橋区大山金井町,中古マンション等,40,48.0,9.0,26000000,0.7993441397329369,1.7993441397329368,79.9344139732937,高値,中度,27889834.165860523,15500000.0,True,30,要人手査定
4536,13103,東京都港区六本木,中古マンション等,85,23.0,6.0,460000000,0.7969208763486433,1.7969208763486433,79.69208763486432,高値,中度,404307197.17844474,225000000.0,True,30,要人手査定
504,13101,東京都千代田区外神田,中古マンション等,40,19.0,2.0,49000000,0.7966743252768975,1.7966743252768975,79.66743252768975,高値,中度,66476950.03524521,37000000.0,True,30,要人手査定
38261,13215,東京都国立市中,中古マンション等,15,40.0,9.0,5900000,0.7951565498343587,0.20484345016564132,-79.51565498343587,安値,重度,5633194.879555136,27500000.0,True,30,要人手査定
1487,13102,東京都中央区豊海町,中古マンション等,105,0.0,10.0,330000000,0.7947529163583906,1.7947529163583906,79.47529163583906,高値,中度,341003054.1080942,190000000.0,True,30,要人手査定
33880,13201,東京都八王子市子安町,中古マンション等,75,16.0,2.0,82000000,0.7927449030666893,1.7927449030666893,79.27449030666894,高値,中度,83362637.99260105,46500000.0,True,30,要人手査定
3755,13103,東京都港区麻布狸穴町,中古マンション等,110,18.0,10.0,590000000,0.7925915320980885,1.7925915320980885,79.25915320980886,高値,中度,457110840.6850126,255000000.0,True,30,要人手査定
22650,13114,東京都中野区本町,中古マンション等,25,55.0,0.0,27000000,0.7924527990811877,1.7924527990811876,79.24527990811877,高値,中度,28679244.785299003,16000000.0,True,30,要人手査定
7433,13105,東京都文京区小石川,中古マンション等,70,55.0,2.0,95000000,0.7923029659974997,1.7923029659974998,79.23029659974998,高値,中度,98576663.12986249,55000000.0,True,30,要人手査定
25069,13116,東京都豊島区西池袋,中古マンション等,30,17.0,10.0,44000000,0.792292306632803,1.7922923066328031,79.2292306632803,高値,中度,46599599.97245288,26000000.0,True,30,要人手査定
34750,13203,東京都武蔵野市御殿山,中古マンション等,70,56.0,6.0,74000000,0.7915054848315456,1.7915054848315455,79.15054848315457,高値,中度,77930488.59017223,43500000.0,True,30,要人手査定
25705,13117,東京都北区赤羽西,中古マンション等,130,31.0,1.0,120000000,0.7914677658055806,1.7914677658055806,79.14677658055807,高値,中度,128089945.25509901,71500000.0,True,30,要人手査定
38634,13221,東京都清瀬市野塩,中古マンション等,20,36.0,18.0,3200000,0.7911529321486963,0.20884706785130364,-79.11529321486964,安値,重度,5116753.162356939,24500000.0,True,30,要人手査定
17482,13111,東京都大田区山王,中古マンション等,80,37.0,8.0,92000000,0.7909753929734326,1.7909753929734324,79.09753929734326,高値,中度,89548769.64867163,50000000.0,True,30,要人手査定
33722,13201,東京都八王子市台町,中古マンション等,30,44.0,4.0,11000000,0.7908446125134718,1.7908446125134718,79.08446125134718,高値,中度,8416969.678813318,4700000.0,True,30,要人手査定
28183,13119,東京都板橋区小茂根,中古マンション等,85,2.0,5.0,160000000,0.7894719511067416,1.7894719511067416,78.94719511067416,高値,中度,143157756.08853933,80000000.0,True,30,要人手査定
26863,13118,東京都荒川区町屋,中古マンション等,25,39.0,3.0,25000000,0.7889679314660728,1.7889679314660727,78.89679314660728,高値,中度,20573131.211859837,11500000.0,True,30,要人手査定
9257,13107,東京都墨田区千歳,中古マンション等,105,23.0,8.0,94000000,0.7874917179116734,1.7874917179116734,78.74917179116734,高値,中度,127805657.83068465,71500000.0,True,30,要人手査定
25229,13116,東京都豊島区目白,中古マンション等,25,23.0,4.0,39000000,0.7865396892936849,1.786539689293685,78.65396892936849,高値,中度,41090412.85375475,23000000.0,True,30,要人手査定
35360,13205,東京都青梅市河辺町,中古マンション等,30,34.0,1.0,4000000,0.7842441242814783,1.7842441242814782,78.42441242814783,高値,中度,8029098.559266652,4500000.0,True,30,要人手査定
394,13101,東京都千代田区内神田,中古マンション等,50,4.0,4.0,120000000,0.7812789248710682,1.7812789248710683,78.12789248710682,高値,中度,152299348.07647634,85500000.0,True,30,要人手査定
3743,13103,東京都港区赤坂,中古マンション等,75,47.0,6.0,140000000,0.7807990569218882,1.7807990569218883,78.07990569218882,高値,中度,158491116.06604806,89000000.0,True,30,要人手査定
21411,13113,東京都渋谷区恵比寿南,中古マンション等,25,28.0,5.0,44000000,0.7802160606126919,1.780216060612692,78.02160606126918,高値,中度,51626265.757768065,29000000.0,True,30,要人手査定
21477,13113,東京都渋谷区渋谷,中古マンション等,70,1.0,6.0,300000000,0.7750233490975834,1.7750233490975835,77.50233490975835,高値,中度,284003735.85561335,160000000.0,True,30,要人手査定
14602,13109,東京都品川区東五反田,中古マンション等,35,25.0,4.0,54000000,0.7744088221117517,1.7744088221117515,77.44088221117516,高値,中度,56781082.30757605,32000000.0,True,30,要人手査定
36583,13208,東京都調布市小島町,中古マンション等,55,55.0,4.0,30000000,0.7743875646047056,1.7743875646047056,77.43875646047056,高値,中度,35487751.29209411,20000000.0,True,30,要人手査定
4439,13103,東京都港区三田,中古マンション等,105,2.0,7.0,900000000,0.7738427597462758,1.7738427597462758,77.38427597462758,高値,中度,833706097.0807496,470000000.0,True,30,要人手査定
4491,13103,東京都港区南青山,中古マンション等,25,48.0,1.0,55000000,0.7731152535617135,1.7731152535617136,77.31152535617134,高値,中度,45214438.965823695,25500000.0,True,30,要人手査定
6467,13104,東京都新宿区四谷,中古マンション等,75,23.0,4.0,350000000,0.7727640094202368,1.7727640094202368,77.27640094202368,高値,中度,203867861.08332723,115000000.0,True,30,要人手査定
8349,13106,東京都台東区池之端,中古マンション等,45,16.0,7.0,83000000,0.7718265697818472,1.7718265697818472,77.18265697818471,高値,中度,75302629.2157285,42500000.0,True,30,要人手査定
25432,13117,東京都北区西ケ原,中古マンション等,70,8.0,6.0,110000000,0.7716554189776287,1.7716554189776286,77.16554189776286,高値,中度,118700913.07150112,67000000.0,True,30,要人手査定
8392,13106,東京都台東区池之端,中古マンション等,45,16.0,7.0,63000000,0.7713937305352622,1.771393730535262,77.13937305352621,高値,中度,75284233.54774864,42500000.0,True,30,要人手査定
14586,13109,東京都品川区東五反田,中古マンション等,60,25.0,6.0,140000000,0.7706830489576795,1.7706830489576795,77.06830489576795,高値,中度,139883960.86765668,79000000.0,True,30,要人手査定
13108,13109,東京都品川区上大崎,中古マンション等,105,19.0,8.0,280000000,0.7699418793202791,1.7699418793202792,76.99418793202791,高値,中度,265491281.89804187,150000000.0,True,30,要人手査定
21205,13113,東京都渋谷区恵比寿,中古マンション等,60,56.0,4.0,76000000,0.7688526434248776,1.7688526434248775,76.88526434248776,高値,中度,88442632.17124388,50000000.0,True,30,要人手査定
29757,13120,東京都練馬区関町北,中古マンション等,30,42.0,3.0,19000000,0.7672533028346639,1.767253302834664,76.72533028346639,高値,中度,19439786.331181303,11000000.0,True,30,要人手査定
6290,13104,東京都新宿区西新宿,中古マンション等,25,23.0,9.0,53000000,0.7669028391493214,1.7669028391493216,76.69028391493214,高値,中度,45939473.81788236,26000000.0,True,30,要人手査定
35887,13206,東京都府中市宮西町,中古マンション等,85,23.0,6.0,84000000,0.766691869951466,1.766691869951466,76.6691869951466,高値,中度,74201058.53796157,42000000.0,True,30,要人手査定
30040,13120,東京都練馬区練馬,中古マンション等,35,51.0,5.0,27000000,0.7661108577090421,1.766110857709042,76.61108577090421,高値,中度,28257773.723344672,16000000.0,True,30,要人手査定
4478,13103,東京都港区南青山,中古マンション等,80,9.0,8.0,320000000,0.7657049640845162,1.7657049640845162,76.57049640845162,高値,中度,353140992.81690323,200000000.0,True,30,要人手査定
2075,13102,東京都中央区銀座,中古マンション等,30,22.0,2.0,65000000,0.7648932304443746,1.7648932304443747,76.48932304443747,高値,中度,67065942.75688624,38000000.0,True,30,要人手査定
18919,13112,東京都世田谷区奥沢,中古マンション等,115,10.0,3.0,250000000,0.7625423101479217,1.7625423101479218,76.25423101479217,高値,中度,211505077.2177506,120000000.0,True,30,要人手査定
21638,13113,東京都渋谷区広尾,中古マンション等,195,32.0,15.0,600000000,0.7622621389948326,1.7622621389948325,76.22621389948327,高値,中度,599169127.2582431,340000000.0,True,30,要人手査定
2526,13103,東京都港区元麻布,中古マンション等,70,48.0,10.0,140000000,0.761705273175861,1.7617052731758611,76.1705273175861,高値,中度,144459832.4004206,82000000.0,True,30,要人手査定
35785,13206,東京都府中市片町,中古マンション等,70,49.0,7.0,43000000,0.7586874968908637,1.7586874968908637,75.86874968908637,高値,中度,44846531.17071702,25500000.0,True,30,要人手査定
37688,13212,東京都日野市新町,中古マンション等,50,53.0,10.0,17000000,0.7572619138611615,1.7572619138611616,75.72619138611614,高値,中度,14585273.88504764,8300000.0,True,30,要人手査定
39364,13227,東京都羽村市栄町,中古マンション等,15,42.0,5.0,2900000,0.7570700194460366,0.2429299805539634,-75.70700194460366,安値,重度,2538618.2967889174,10450000.0,True,30,要人手査定
25071,13116,東京都豊島区西池袋,中古マンション等,30,27.0,4.0,40000000,0.756517073738094,1.756517073738094,75.6517073738094,高値,中度,40399892.69597616,23000000.0,True,30,要人手査定
4800,13104,東京都新宿区市谷砂土原町,中古マンション等,110,30.0,4.0,140000000,0.7534062425951996,1.7534062425951997,75.34062425951996,高値,中度,227942811.53737596,130000000.0,True,30,要人手査定
27180,13119,東京都板橋区板橋,中古マンション等,35,9.0,2.0,51000000,0.7530645639134697,1.7530645639134697,75.30645639134697,高値,中度,50838872.35349062,29000000.0,True,30,要人手査定
14627,13109,東京都品川区東五反田,中古マンション等,30,26.0,2.0,47000000,0.7519705043279333,1.7519705043279334,75.19705043279333,高値,中度,45551233.11252627,26000000.0,True,30,要人手査定
7777,13106,東京都台東区上野,中古マンション等,30,3.0,2.0,63000000,0.7510633638195706,1.7510633638195705,75.10633638195706,高値,中度,63038281.09750454,36000000.0,True,30,要人手査定
5876,13104,東京都新宿区市谷砂土原町,中古マンション等,110,24.0,6.0,300000000,0.750197724348841,1.750197724348841,75.0197724348841,高値,中度,297533613.13930297,170000000.0,True,30,要人手査定
39292,13225,東京都稲城市大丸,中古マンション等,50,52.0,10.0,21000000,0.7472790121086068,1.7472790121086068,74.72790121086068,高値,中度,20093708.63924898,11500000.0,True,30,要人手査定
22361,13114,東京都中野区弥生町,中古マンション等,110,4.0,9.0,98000000,0.7456219941218679,1.745621994121868,74.56219941218679,高値,中度,155360357.47684625,89000000.0,True,30,要人手査定
35090,13204,東京都三鷹市下連雀,中古マンション等,35,27.0,6.0,25000000,0.7454486648641387,1.7454486648641387,74.54486648641388,高値,中度,27054454.30539415,15500000.0,True,30,要人手査定
39268,13225,東京都稲城市東長沼,中古マンション等,15,39.0,5.0,3400000,0.7454190921216443,0.2545809078783557,-74.54190921216443,安値,重度,4327875.433932046,17000000.0,True,30,要人手査定
9236,13107,東京都墨田区石原,中古マンション等,100,24.0,9.0,130000000,0.7450998521472509,1.745099852147251,74.50998521472509,高値,中度,120411889.79816031,69000000.0,True,30,要人手査定
13218,13109,東京都品川区上大崎,中古マンション等,30,9.0,3.0,80000000,0.7449960379908855,1.7449960379908855,74.49960379908856,高値,中度,71544837.5576263,41000000.0,True,30,要人手査定
6289,13104,東京都新宿区西新宿,中古マンション等,25,23.0,9.0,50000000,0.7449300665043036,1.7449300665043037,74.49300665043036,高値,中度,45368181.729111895,26000000.0,True,30,要人手査定
34538,13202,東京都立川市曙町,中古マンション等,50,52.0,15.0,19000000,0.7444354128993672,1.744435412899367,74.44354128993672,高値,中度,19188789.54189304,11000000.0,True,30,要人手査定
34170,13201,東京都八王子市初沢町,中古マンション等,35,48.0,1.0,2000000,0.743632825482754,1.743632825482754,74.36328254827541,高値,中度,14036244.24513617,8050000.0,True,30,要人手査定
6132,13104,東京都新宿区新宿,中古マンション等,70,53.0,1.0,93000000,0.74311332195025,1.74311332195025,74.311332195025,高値,中度,88027222.75848763,50500000.0,True,30,要人手査定
24041,13115,東京都杉並区堀ノ内,中古マンション等,30,38.0,13.0,22000000,0.7427480299500927,1.7427480299500928,74.27480299500927,高値,中度,21784350.37437616,12500000.0,True,30,要人手査定
16474,13111,東京都大田区大森北,中古マンション等,65,2.0,3.0,140000000,0.741627179404987,1.741627179404987,74.1627179404987,高値,中度,131492852.04507652,75500000.0,True,30,要人手査定
7885,13106,東京都台東区台東,中古マンション等,65,48.0,6.0,70000000,0.7403146332236312,1.7403146332236312,74.03146332236312,高値,中度,69612585.32894525,40000000.0,True,30,要人手査定
13168,13109,東京都品川区上大崎,中古マンション等,60,52.0,2.0,79000000,0.7402997873797383,1.7402997873797383,74.02997873797383,高値,中度,78313490.43208823,45000000.0,True,30,要人手査定
5773,13104,東京都新宿区白銀町,中古マンション等,75,23.0,2.0,200000000,0.740258169666864,1.740258169666864,74.02581696668639,高値,中度,169675171.54251924,97500000.0,True,30,要人手査定
39097,13224,東京都多摩市鶴牧,中古マンション等,120,36.0,18.0,22000000,0.7400295404155832,1.7400295404155832,74.00295404155833,高値,中度,43500738.51038958,25000000.0,True,30,要人手査定
16813,13111,東京都大田区山王,中古マンション等,150,46.0,6.0,130000000,0.7393599222597191,1.7393599222597191,73.93599222597192,高値,中度,140018473.7419074,80500000.0,True,30,要人手査定
34636,13202,東京都立川市錦町,中古マンション等,45,52.0,11.0,22000000,0.7390302202386575,1.7390302202386576,73.90302202386574,高値,中度,19129332.422625232,11000000.0,True,30,要人手査定
7929,13106,東京都台東区上野,中古マンション等,80,20.0,1.0,180000000,0.7384604222029958,1.7384604222029958,73.84604222029958,高値,中度,151246056.73166063,87000000.0,True,30,要人手査定
33831,13201,東京都八王子市子安町,中古マンション等,85,16.0,3.0,93000000,0.7376404142440823,1.7376404142440824,73.76404142440823,高値,中度,80800279.26234983,46500000.0,True,30,要人手査定
14359,13109,東京都品川区北品川,中古マンション等,40,47.0,7.0,50000000,0.7373178177396089,1.737317817739609,73.73178177396089,高値,中度,47776239.987839244,27500000.0,True,30,要人手査定
32570,13123,東京都江戸川区中葛西,中古マンション等,35,46.0,9.0,22000000,0.735454712662114,1.735454712662114,73.54547126621141,高値,中度,19957729.19561431,11500000.0,True,30,要人手査定
28705,13120,東京都練馬区中村北,中古マンション等,40,17.0,7.0,55000000,0.7345404149158098,1.73454041491581,73.45404149158098,高値,中度,42496240.16543734,24500000.0,True,30,要人手査定
16967,13111,東京都大田区南馬込,中古マンション等,195,38.0,15.0,120000000,0.7329582285702081,1.732958228570208,73.29582285702081,高値,中度,143835532.97132728,83000000.0,True,30,要人手査定
15517,13110,東京都目黒区目黒,中古マンション等,90,7.0,5.0,280000000,0.7326304736154591,1.7326304736154592,73.2630473615459,高値,中度,268557723.41039616,155000000.0,True,30,要人手査定
39285,13225,東京都稲城市東長沼,中古マンション等,15,39.0,5.0,4800000,0.7311701184565621,0.2688298815434379,-73.11701184565621,安値,重度,4570107.986238444,17000000.0,True,30,要人手査定
13165,13109,東京都品川区上大崎,中古マンション等,75,55.0,4.0,90000000,0.7309980434322363,1.7309980434322363,73.09980434322362,高値,中度,86549902.17161182,50000000.0,True,30,要人手査定
18658,13112,東京都世田谷区玉川,中古マンション等,95,16.0,6.0,280000000,0.7289123669399544,1.7289123669399544,72.89123669399544,高値,中度,198824922.19809476,115000000.0,True,30,要人手査定
35811,13206,東京都府中市住吉町,中古マンション等,55,48.0,11.0,27000000,0.7287877383600454,1.7287877383600454,72.87877383600454,高値,中度,26796209.944580704,15500000.0,True,30,要人手査定
9454,13107,東京都墨田区両国,中古マンション等,155,42.0,3.0,92000000,0.7286220946473203,1.7286220946473203,72.86220946473203,高値,中度,129646657.09854902,75000000.0,True,30,要人手査定
2538,13103,東京都港区海岸,中古マンション等,15,51.0,14.0,6500000,0.7285818211598191,0.27141817884018093,-72.8581821159819,安値,重度,7871127.186365247,29000000.0,True,30,要人手査定
34550,13202,東京都立川市曙町,中古マンション等,90,11.0,10.0,83000000,0.7284925266263234,1.7284925266263234,72.84925266263234,高値,中度,82103395.01475036,47500000.0,True,30,要人手査定
37171,13210,東京都小金井市中町,中古マンション等,15,35.0,16.0,4000000,0.7283037236175941,0.27169627638240595,-72.83037236175942,安値,重度,5162229.251265713,19000000.0,True,30,要人手査定
37141,13210,東京都小金井市中町,中古マンション等,15,35.0,16.0,4100000,0.7282792153186951,0.2717207846813049,-72.8279215318695,安値,重度,5162694.908944793,19000000.0,True,30,要人手査定
6292,13104,東京都新宿区西新宿,中古マンション等,25,23.0,9.0,53000000,0.7282732287940664,1.7282732287940663,72.82732287940664,高値,中度,44935103.948645726,26000000.0,True,30,要人手査定
12180,13108,東京都江東区越中島,中古マンション等,65,40.0,3.0,75000000,0.7279774314167661,1.727977431416766,72.7977431416766,高値,中度,76894995.69804609,44500000.0,True,30,要人手査定
37208,13210,東京都小金井市中町,中古マンション等,15,35.0,10.0,4000000,0.7260744017781698,0.2739255982218302,-72.60744017781698,安値,重度,4656735.169771113,17000000.0,True,30,要人手査定
19875,13112,東京都世田谷区奥沢,中古マンション等,75,42.0,5.0,120000000,0.7258864060596499,1.72588640605965,72.588640605965,高値,中度,107004957.1756983,62000000.0,True,30,要人手査定
39110,13224,東京都多摩市永山,中古マンション等,70,49.0,4.0,25000000,0.7253165200268699,1.7253165200268699,72.53165200268698,高値,中度,25017089.540389612,14500000.0,True,30,要人手査定
7396,13105,東京都文京区小石川,中古マンション等,35,21.0,9.0,70000000,0.7238313427989734,1.7238313427989733,72.38313427989735,高値,中度,57748349.98376561,33500000.0,True,30,要人手査定
4087,13103,東京都港区麻布十番,中古マンション等,60,67.0,1.0,110000000,0.7222838216940829,1.7222838216940828,72.22838216940829,高値,中度,101614745.47995089,59000000.0,True,30,要人手査定
36574,13208,東京都調布市小島町,中古マンション等,40,3.0,5.0,53000000,0.7215041038200054,1.7215041038200054,72.15041038200054,高値,中度,57670387.47797018,33500000.0,True,30,要人手査定
38767,13222,東京都東久留米市本町,中古マンション等,55,32.0,2.0,39000000,0.7210964525276577,1.7210964525276577,72.10964525276577,高値,中度,41306314.86066379,24000000.0,True,30,要人手査定
21313,13113,東京都渋谷区渋谷,中古マンション等,90,46.0,5.0,160000000,0.720669101506049,1.720669101506049,72.0669101506049,高値,中度,180670255.65813515,105000000.0,True,30,要人手査定
4430,13103,東京都港区東新橋,中古マンション等,90,24.0,3.0,330000000,0.7198127699946452,1.7198127699946453,71.98127699946451,高値,中度,421354128.6486881,245000000.0,True,30,要人手査定
26577,13118,東京都荒川区西日暮里,中古マンション等,85,18.0,2.0,120000000,0.7193073020720997,1.7193073020720997,71.93073020720998,高値,中度,129807701.30644353,75500000.0,True,30,要人手査定
26561,13118,東京都荒川区西日暮里,中古マンション等,85,18.0,2.0,150000000,0.7193073020720997,1.7193073020720997,71.93073020720998,高値,中度,129807701.30644353,75500000.0,True,30,要人手査定
27742,13119,東京都板橋区小茂根,中古マンション等,90,2.0,5.0,160000000,0.718908154675347,1.718908154675347,71.8908154675347,高値,中度,137512652.37402776,80000000.0,True,30,要人手査定
13290,13109,東京都品川区西五反田,中古マンション等,85,3.0,9.0,270000000,0.7184409462281599,1.71844094622816,71.84409462281599,高値,中度,249173937.2030832,145000000.0,True,30,要人手査定
273,13101,東京都千代田区一番町,中古マンション等,85,54.0,2.0,130000000,0.7182342736788985,1.7182342736788985,71.82342736788985,高値,中度,156359318.90477976,91000000.0,True,30,要人手査定
327,13101,東京都千代田区神田須田町,中古マンション等,40,22.0,2.0,60000000,0.7182122613588227,1.7182122613588227,71.82122613588227,高値,中度,59278323.01687938,34500000.0,True,30,要人手査定
8241,13106,東京都台東区池之端,中古マンション等,45,16.0,7.0,66000000,0.7162450109947026,1.7162450109947025,71.62450109947027,高値,中度,72940412.96727486,42500000.0,True,30,要人手査定
38104,13214,東京都国分寺市西町,中古マンション等,60,61.0,25.0,5100000,0.7161636427135348,0.28383635728646517,-71.61636427135349,安値,重度,9650436.147739816,34000000.0,True,30,要人手査定
20494,13113,東京都渋谷区東,中古マンション等,75,45.0,3.0,150000000,0.7157387988062353,1.7157387988062354,71.57387988062352,高値,中度,138116973.30390194,80500000.0,True,30,要人手査定
15570,13110,東京都目黒区大橋,中古マンション等,155,13.0,5.0,600000000,0.7146185492265196,1.7146185492265196,71.46185492265195,高値,中度,325777524.3530387,190000000.0,True,30,要人手査定
39157,13224,東京都多摩市関戸,中古マンション等,70,42.0,1.0,35000000,0.7145242152187653,1.7145242152187654,71.45242152187653,高値,中度,29146911.65871901,17000000.0,True,30,要人手査定
26882,13118,東京都荒川区南千住,中古マンション等,145,34.0,18.0,90000000,0.7140770231661193,1.7140770231661193,71.40770231661193,高値,中度,110557967.9942147,64500000.0,True,30,要人手査定
31966,13122,東京都葛飾区西新小岩,中古マンション等,65,31.0,10.0,60000000,0.7133442917624107,1.7133442917624107,71.33442917624106,高値,中度,54827017.33639714,32000000.0,True,30,要人手査定
35782,13206,東京都府中市片町,中古マンション等,65,49.0,7.0,45000000,0.7128747125794739,1.7128747125794739,71.28747125794739,高値,中度,40252555.745617636,23500000.0,True,30,要人手査定
21468,13113,東京都渋谷区渋谷,中古マンション等,45,14.0,4.0,130000000,0.7127545973860197,1.7127545973860197,71.27545973860197,高値,中度,137020367.79088157,80000000.0,True,30,要人手査定
9060,13107,東京都墨田区太平,中古マンション等,85,20.0,4.0,170000000,0.7118488773470719,1.711848877347072,71.18488773470719,高値,中度,127532741.36235686,74500000.0,True,30,要人手査定
20092,13112,東京都世田谷区桜新町,中古マンション等,90,26.0,2.0,220000000,0.7118399919572995,1.7118399919572995,71.18399919572995,高値,中度,166048479.21985805,97000000.0,True,30,要人手査定
9108,13107,東京都墨田区江東橋,中古マンション等,55,18.0,5.0,95000000,0.7114905592547602,1.7114905592547602,71.14905592547602,高値,中度,87286018.52199277,51000000.0,True,30,要人手査定
17485,13111,東京都大田区山王,中古マンション等,100,30.0,4.0,120000000,0.7114833078572357,1.7114833078572358,71.14833078572357,高値,中度,131784214.70500715,77000000.0,True,30,要人手査定
35517,13206,東京都府中市宮西町,中古マンション等,85,23.0,5.0,84000000,0.7114581159334687,1.7114581159334687,71.14581159334688,高値,中度,70169782.75327222,41000000.0,True,30,要人手査定
24566,13116,東京都豊島区目白,中古マンション等,100,21.0,10.0,130000000,0.7098968443309176,1.7098968443309175,70.98968443309175,高値,中度,170989684.43309176,100000000.0,True,30,要人手査定
2543,13103,東京都港区海岸,中古マンション等,20,51.0,13.0,6900000,0.7096633047132191,0.29033669528678085,-70.96633047132191,安値,重度,9290774.249176987,32000000.0,True,30,要人手査定
25072,13116,東京都豊島区西池袋,中古マンション等,155,22.0,6.0,360000000,0.7087828157551205,1.7087828157551204,70.87828157551205,高値,中度,230685680.12694126,135000000.0,True,30,要人手査定
32359,13122,東京都葛飾区西新小岩,中古マンション等,25,37.0,2.0,16000000,0.7083412053202398,1.7083412053202398,70.83412053202397,高値,中度,15716739.088946206,9200000.0,True,30,要人手査定
38007,13214,東京都国分寺市西町,中古マンション等,55,61.0,5.0,5700000,0.7076560196975485,0.29234398030245146,-70.76560196975485,安値,重度,7600943.487863737,26000000.0,True,30,要人手査定
26552,13118,東京都荒川区西日暮里,中古マンション等,35,18.0,2.0,54000000,0.7076477294181411,1.7076477294181411,70.76477294181412,高値,中度,46106488.69428981,27000000.0,True,30,要人手査定
19486,13112,東京都世田谷区三軒茶屋,中古マンション等,160,37.0,9.0,200000000,0.7068764391428306,1.7068764391428306,70.68764391428306,高値,中度,221893937.08856797,130000000.0,True,30,要人手査定
4455,13103,東京都港区三田,中古マンション等,80,2.0,7.0,660000000,0.7067534120298559,1.7067534120298558,70.67534120298559,高値,中度,435222120.06761324,255000000.0,True,30,要人手査定
14360,13109,東京都品川区北品川,中古マンション等,30,27.0,8.0,31000000,0.7060588288089291,1.7060588288089291,70.6058828808929,高値,中度,46916617.79224555,27500000.0,True,30,要人手査定
39184,13224,東京都多摩市和田,中古マンション等,75,24.0,20.0,35000000,0.7050134435764724,1.7050134435764723,70.50134435764724,高値,中度,37510295.75868239,22000000.0,True,30,要人手査定
4448,13103,東京都港区三田,中古マンション等,80,2.0,7.0,440000000,0.7043403121031339,1.7043403121031337,70.43403121031339,高値,中度,434606779.5862991,255000000.0,True,30,要人手査定
35440,13206,東京都府中市宮西町,中古マンション等,75,23.0,4.0,69000000,0.7041299073614075,1.7041299073614076,70.41299073614074,高値,中度,69869326.2018177,41000000.0,True,30,要人手査定
481,13101,東京都千代田区五番町,中古マンション等,75,55.0,3.0,160000000,0.7038074617098319,1.7038074617098318,70.38074617098319,高値,中度,131193174.55165705,77000000.0,True,30,要人手査定
14433,13109,東京都品川区西大井,中古マンション等,30,24.0,6.0,34000000,0.7027444297155719,1.7027444297155718,70.27444297155719,高値,中度,40865866.313173726,24000000.0,True,30,要人手査定
34779,13203,東京都武蔵野市御殿山,中古マンション等,90,13.0,10.0,180000000,0.7025291340599492,1.7025291340599493,70.25291340599492,高値,中度,158335209.46757528,93000000.0,True,30,要人手査定
39269,13225,東京都稲城市東長沼,中古マンション等,15,39.0,12.0,2800000,0.7023544105207363,0.29764558947926373,-70.23544105207364,安値,重度,3571747.073751165,12000000.0,True,30,要人手査定
36035,13207,東京都昭島市玉川町,中古マンション等,25,41.0,2.0,5600000,0.7023441025069901,0.2976558974930099,-70.23441025069901,安値,重度,6548429.744846218,22000000.0,True,30,要人手査定
12160,13108,東京都江東区永代,中古マンション等,35,44.0,7.0,35000000,0.7023052680565518,1.7023052680565518,70.23052680565517,高値,中度,33194952.72710276,19500000.0,True,30,要人手査定
21552,13113,東京都渋谷区代官山町,中古マンション等,60,55.0,7.0,110000000,0.7015240277734384,1.7015240277734385,70.15240277734384,高値,中度,103792965.69417974,61000000.0,True,30,要人手査定
12358,13108,東京都江東区亀戸,中古マンション等,35,5.0,3.0,75000000,0.7012006472763727,1.7012006472763725,70.12006472763727,高値,中度,55289021.03648211,32500000.0,True,30,要人手査定
20577,13113,東京都渋谷区広尾,中古マンション等,140,41.0,7.0,660000000,0.7008928183560403,1.7008928183560403,70.08928183560403,高値,中度,510267845.5068121,300000000.0,True,30,要人手査定
9055,13107,東京都墨田区太平,中古マンション等,70,11.0,7.0,99000000,0.7007188864914464,1.7007188864914464,70.07188864914464,高値,中度,102893492.63273251,60500000.0,True,30,要人手査定
26974,13119,東京都板橋区上板橋,中古マンション等,65,54.0,5.0,30000000,0.7006860236967464,1.7006860236967465,70.06860236967464,高値,中度,34864063.4857833,20500000.0,True,30,要人手査定
3093,13103,東京都港区浜松町,中古マンション等,85,2.0,2.0,520000000,0.7006119338140655,1.7006119338140655,70.06119338140655,高値,中度,544195818.820501,320000000.0,True,30,要人手査定
38768,13222,東京都東久留米市本町,中古マンション等,55,32.0,2.0,41000000,0.7004563796620658,1.7004563796620658,70.04563796620657,高値,中度,40810953.11188958,24000000.0,True,30,要人手査定
13050,13109,東京都品川区上大崎,中古マンション等,55,9.0,3.0,200000000,0.7002914360997704,1.7002914360997705,70.02914360997704,高値,中度,167478706.4558274,98500000.0,True,30,要人手査定
30760,13121,東京都足立区千住,中古マンション等,65,30.0,5.0,68000000,0.7002877290052495,1.7002877290052496,70.02877290052496,高値,中度,57809782.786178485,34000000.0,True,30,要人手査定
15457,13110,東京都目黒区中町,中古マンション等,25,62.0,16.0,10000000,0.6983167898601768,0.30168321013982324,-69.83167898601768,安値,重度,10709753.959963726,35500000.0,True,30,要人手査定
18332,13112,東京都世田谷区深沢,中古マンション等,80,45.0,16.0,76000000,0.6977055642635691,1.697705564263569,69.7705564263569,高値,中度,78943308.73825596,46500000.0,True,30,要人手査定
8509,13106,東京都台東区池之端,中古マンション等,70,7.0,4.0,240000000,0.6968010009149734,1.6968010009149734,69.68010009149734,高値,中度,165438097.5892099,97500000.0,True,30,要人手査定
38062,13214,東京都国分寺市南町,中古マンション等,15,42.0,3.0,6600000,0.6963616128601197,0.30363838713988034,-69.63616128601197,安値,重度,6680044.517077368,22000000.0,True,30,要人手査定
11231,13108,東京都江東区大島,中古マンション等,35,3.0,11.0,50000000,0.6956101153806885,1.6956101153806884,69.56101153806885,高値,中度,50868303.461420655,30000000.0,True,30,要人手査定
3570,13103,東京都港区三田,中古マンション等,105,1.0,7.0,650000000,0.6945078615381441,1.6945078615381441,69.45078615381442,高値,中度,796418694.9229277,470000000.0,True,30,要人手査定
3114,13103,東京都港区南青山,中古マンション等,75,4.0,12.0,320000000,0.6943705836006356,1.6943705836006355,69.43705836006356,高値,中度,279571146.2941049,165000000.0,True,30,要人手査定
4487,13103,東京都港区南青山,中古マンション等,70,25.0,12.0,240000000,0.6942077700422918,1.694207770042292,69.42077700422918,高値,中度,211775971.25528648,125000000.0,True,30,要人手査定
19830,13112,東京都世田谷区池尻,中古マンション等,55,50.0,6.0,71000000,0.6924174775623878,1.6924174775623877,69.24174775623878,高値,中度,71081534.05762029,42000000.0,True,30,要人手査定
31307,13121,東京都足立区千住東,中古マンション等,65,28.0,9.0,66000000,0.6918155916618907,1.6918155916618907,69.18155916618906,高値,中度,62597176.89148995,37000000.0,True,30,要人手査定
37998,13214,東京都国分寺市西町,中古マンション等,55,61.0,5.0,5900000,0.691779966340674,0.30822003365932604,-69.1779966340674,安値,重度,8013720.875142477,26000000.0,True,30,要人手査定
14613,13109,東京都品川区東五反田,中古マンション等,35,43.0,7.0,60000000,0.6916764528913641,1.6916764528913641,69.16764528913642,高値,中度,42291911.3222841,25000000.0,True,30,要人手査定
37039,13209,東京都町田市鶴間,中古マンション等,15,35.0,12.0,4900000,0.6915846228345832,0.3084153771654167,-69.15846228345832,安値,重度,4317815.280315834,14000000.0,True,30,要人手査定
31314,13121,東京都足立区千住河原町,中古マンション等,60,30.0,11.0,58000000,0.6903229149503437,1.6903229149503436,69.03229149503437,高値,中度,55780656.19336134,33000000.0,True,30,要人手査定
39293,13225,東京都稲城市大丸,中古マンション等,60,47.0,5.0,24000000,0.6901776851115925,1.6901776851115924,69.01776851115925,高値,中度,25352665.276673887,15000000.0,True,30,要人手査定
38802,13224,東京都多摩市馬引沢,中古マンション等,15,37.0,9.0,3200000,0.6898771322384013,0.31012286776159875,-68.98771322384013,安値,重度,3411351.545377586,11000000.0,True,30,要人手査定
34547,13202,東京都立川市曙町,中古マンション等,30,1.0,8.0,41000000,0.6890588685457613,1.6890588685457613,68.90588685457612,高値,中度,45604589.450735554,27000000.0,True,30,要人手査定
15377,13110,東京都目黒区中目黒,中古マンション等,105,20.0,7.0,400000000,0.6890213860623654,1.6890213860623655,68.90213860623653,高値,中度,287133635.6306021,170000000.0,True,30,要人手査定
30041,13120,東京都練馬区練馬,中古マンション等,20,32.0,6.0,18000000,0.6879337863619812,1.6879337863619812,68.79337863619813,高値,中度,18567271.649981793,11000000.0,True,30,要人手査定
14379,13109,東京都品川区北品川,中古マンション等,75,12.0,12.0,160000000,0.6872297413333673,1.6872297413333672,68.72297413333673,高値,中度,161974055.16800326,96000000.0,True,30,要人手査定
26576,13118,東京都荒川区西日暮里,中古マンション等,35,18.0,1.0,50000000,0.6862295014663505,1.6862295014663504,68.62295014663505,高値,中度,50586885.043990515,30000000.0,True,30,要人手査定
26575,13118,東京都荒川区西日暮里,中古マンション等,35,18.0,1.0,52000000,0.6862295014663505,1.6862295014663504,68.62295014663505,高値,中度,50586885.043990515,30000000.0,True,30,要人手査定
4451,13103,東京都港区三田,中古マンション等,105,2.0,7.0,800000000,0.6862252331469947,1.6862252331469947,68.62252331469946,高値,中度,792525859.5790875,470000000.0,True,30,要人手査定
37468,13211,東京都小平市小川町,中古マンション等,15,34.0,16.0,5200000,0.6851271302705074,0.31487286972949263,-68.51271302705074,安値,重度,4723093.045942389,15000000.0,True,30,要人手査定
37321,13211,東京都小平市上水本町,中古マンション等,20,40.0,12.0,3300000,0.6848178303440233,0.31518216965597673,-68.48178303440233,安値,重度,4727732.544839651,15000000.0,True,30,要人手査定
5007,13104,東京都新宿区西新宿,中古マンション等,50,43.0,8.0,67000000,0.683989315723746,1.683989315723746,68.3989315723746,高値,中度,61465610.02391673,36500000.0,True,30,要人手査定
38344,13218,東京都福生市志茂,中古マンション等,65,39.0,8.0,19000000,0.6827202155338185,1.6827202155338186,68.27202155338185,高値,中度,21875362.80193964,13000000.0,True,30,要人手査定
12078,13108,東京都江東区千石,中古マンション等,75,45.0,15.0,65000000,0.682600422194751,1.682600422194751,68.26004221947511,高値,中度,58049714.56571891,34500000.0,True,30,要人手査定
5325,13104,東京都新宿区四谷,中古マンション等,60,2.0,4.0,160000000,0.6821701092801402,1.6821701092801402,68.21701092801402,高値,中度,193449562.56721613,115000000.0,True,30,要人手査定
38233,13215,東京都国立市富士見台,中古マンション等,30,35.0,7.0,5800000,0.6820092336652308,0.31799076633476914,-68.20092336652309,安値,重度,8903741.457373535,28000000.0,True,30,要人手査定
16665,13111,東京都大田区山王,中古マンション等,75,26.0,3.0,120000000,0.6820025378229536,1.6820025378229535,68.20025378229536,高値,中度,103443156.07611164,61500000.0,True,30,要人手査定
3115,13103,東京都港区南青山,中古マンション等,95,5.0,11.0,290000000,0.68166291101232,1.68166291101232,68.166291101232,高値,中度,403599098.6429568,240000000.0,True,30,要人手査定
35505,13206,東京都府中市本町,中古マンション等,90,13.0,11.0,92000000,0.6815678476522763,1.6815678476522762,68.15678476522763,高値,中度,79874472.76348312,47500000.0,True,30,要人手査定
16371,13111,東京都大田区大森北,中古マンション等,65,2.0,3.0,130000000,0.681213537661884,1.681213537661884,68.12135376618839,高値,中度,126931622.09347224,75500000.0,True,30,要人手査定
3174,13103,東京都港区六本木,中古マンション等,70,51.0,7.0,150000000,0.6791692835151073,1.6791692835151073,67.91692835151073,高値,中度,142729389.09878412,85000000.0,True,30,要人手査定
27032,13119,東京都板橋区板橋,中古マンション等,35,9.0,2.0,48000000,0.6790321893650052,1.679032189365005,67.90321893650052,高値,中度,48691933.49158515,29000000.0,True,30,要人手査定
19989,13112,東京都世田谷区北沢,中古マンション等,30,8.0,2.0,59000000,0.6789725591451466,1.6789725591451465,67.89725591451466,高値,中度,58764039.57008013,35000000.0,True,30,要人手査定
2942,13103,東京都港区浜松町,中古マンション等,90,2.0,2.0,480000000,0.6783148824784424,1.6783148824784424,67.83148824784423,高値,中度,579018634.4550626,345000000.0,True,30,要人手査定
38779,13223,東京都武蔵村山市神明,中古マンション等,65,28.0,20.0,12000000,0.6782042318377106,1.6782042318377106,67.82042318377106,高値,中度,18124605.703847274,10800000.0,True,18,要人手査定
15177,13110,東京都目黒区三田,中古マンション等,35,22.0,7.0,66000000,0.6779739422227079,1.677973942222708,67.7973942222708,高値,中度,63763009.8044629,38000000.0,True,30,要人手査定
38513,13220,東京都東大和市新堀,中古マンション等,20,36.0,20.0,3400000,0.6767621715002352,0.3232378284997647,-67.67621715002352,安値,重度,4202091.770496941,13000000.0,True,30,要人手査定
14453,13109,東京都品川区西五反田,中古マンション等,30,16.0,6.0,50000000,0.6763034412637292,1.6763034412637292,67.63034412637292,高値,中度,51127254.95854374,30500000.0,True,30,要人手査定
36500,13208,東京都調布市仙川町,中古マンション等,90,9.0,9.0,89000000,0.675418901271613,1.675418901271613,67.5418901271613,高値,中度,102200552.97756839,61000000.0,True,30,要人手査定
25289,13117,東京都北区西ケ原,中古マンション等,70,8.0,6.0,120000000,0.6751030056138675,1.6751030056138674,67.51030056138674,高値,中度,112231901.37612912,67000000.0,True,30,要人手査定
8986,13107,東京都墨田区太平,中古マンション等,80,20.0,4.0,160000000,0.6740894548259503,1.6740894548259502,67.40894548259503,高値,中度,109652859.29109974,65500000.0,True,30,要人手査定
20841,13113,東京都渋谷区猿楽町,中古マンション等,105,2.0,5.0,470000000,0.6736632238546558,1.6736632238546558,67.36632238546558,高値,中度,468625702.67930365,280000000.0,True,30,要人手査定
15693,13110,東京都目黒区下目黒,中古マンション等,30,37.0,8.0,41000000,0.6735739622008384,1.6735739622008383,67.35739622008384,高値,中度,41002562.07392054,24500000.0,True,30,要人手査定
14307,13109,東京都品川区大崎,中古マンション等,210,17.0,5.0,490000000,0.6730944031589907,1.6730944031589907,67.30944031589907,高値,中度,460100960.86872244,275000000.0,True,30,要人手査定
7541,13105,東京都文京区西片,中古マンション等,75,56.0,2.0,90000000,0.673060513217588,1.673060513217588,67.3060513217588,高値,中度,95364449.25340252,57000000.0,True,30,要人手査定
22658,13114,東京都中野区本町,中古マンション等,75,31.0,3.0,130000000,0.6729636773115211,1.672963677311521,67.2963677311521,高値,中度,113761530.05718343,68000000.0,True,30,要人手査定
17495,13111,東京都大田区山王,中古マンション等,80,57.0,9.0,62000000,0.6726806946802831,1.672680694680283,67.26806946802832,高値,中度,67743568.13455147,40500000.0,True,30,要人手査定
22174,13114,東京都中野区野方,中古マンション等,55,57.0,14.0,55000000,0.6723827024127317,1.6723827024127316,67.23827024127317,高値,中度,46826715.66755649,28000000.0,True,30,要人手査定
186,13101,東京都千代田区麹町,中古マンション等,45,7.0,1.0,160000000,0.6720811106779034,1.6720811106779034,67.20811106779034,高値,中度,127914204.96685961,76500000.0,True,30,要人手査定
21578,13113,東京都渋谷区南平台町,中古マンション等,50,56.0,10.0,69000000,0.6719662536438413,1.6719662536438413,67.19662536438413,高値,中度,68550616.39939749,41000000.0,True,30,要人手査定
21636,13113,東京都渋谷区広尾,中古マンション等,70,49.0,5.0,120000000,0.6715750876044683,1.6715750876044682,67.15750876044683,高値,中度,130382856.83314852,78000000.0,True,30,要人手査定
9109,13107,東京都墨田区江東橋,中古マンション等,55,2.0,4.0,89000000,0.6715601938720273,1.6715601938720273,67.15601938720272,高値,中度,106144072.31087373,63500000.0,True,30,要人手査定
28130,13119,東京都板橋区加賀,中古マンション等,75,43.0,9.0,66000000,0.6712680059130798,1.6712680059130798,67.12680059130798,高値,中度,66015086.23356665,39500000.0,True,30,要人手査定
31340,13121,東京都足立区千住寿町,中古マンション等,60,29.0,10.0,56000000,0.6708888008673856,1.6708888008673857,67.08888008673856,高値,中度,55974774.82905742,33500000.0,True,30,要人手査定
36827,13209,東京都町田市小山田桜台,中古マンション等,100,41.0,5.0,12000000,0.6704188119408929,1.670418811940893,67.04188119408929,高値,中度,30067538.614936072,18000000.0,True,30,要人手査定
36848,13209,東京都町田市原町田,中古マンション等,75,10.0,2.0,72000000,0.670057813858718,1.670057813858718,67.0057813858718,高値,中度,69307399.2751368,41500000.0,True,30,要人手査定
21858,13114,東京都中野区中野,中古マンション等,75,2.0,8.0,75000000,0.6690549295307823,1.6690549295307824,66.90549295307822,高値,中度,148545888.72823963,89000000.0,True,30,要人手査定
31419,13121,東京都足立区東和,中古マンション等,80,3.0,15.0,78000000,0.6690022920197016,1.6690022920197016,66.90022920197016,高値,中度,71767098.55684717,43000000.0,True,30,要人手査定
21474,13113,東京都渋谷区渋谷,中古マンション等,90,25.0,9.0,330000000,0.6682947253690318,1.668294725369032,66.82947253690318,高値,中度,316975997.82011604,190000000.0,True,30,要人手査定
14071,13109,東京都品川区大崎,中古マンション等,35,5.0,10.0,55000000,0.6681340324233352,1.6681340324233351,66.81340324233352,高値,中度,60886892.183451734,36500000.0,True,30,要人手査定
36526,13208,東京都調布市小島町,中古マンション等,40,3.0,5.0,53000000,0.66801208855809,1.66801208855809,66.80120885580901,高値,中度,55878404.96669602,33500000.0,True,30,要人手査定
22129,13114,東京都中野区新井,中古マンション等,55,57.0,14.0,31000000,0.6676862826216385,1.6676862826216385,66.76862826216386,高値,中度,46695215.91340588,28000000.0,True,30,要人手査定
38731,13222,東京都東久留米市本町,中古マンション等,50,44.0,5.0,11000000,0.6672502745220795,1.6672502745220794,66.72502745220795,高値,中度,14254989.84716378,8550000.0,True,30,要人手査定
22939,13115,東京都杉並区上荻,中古マンション等,35,54.0,10.0,29000000,0.6671349854639077,1.6671349854639077,66.71349854639077,高値,中度,29174862.245618384,17500000.0,True,30,要人手査定
43,13101,東京都千代田区平河町,中古マンション等,35,47.0,4.0,26000000,0.6667864324747443,1.6667864324747443,66.67864324747444,高値,中度,37502694.73068175,22500000.0,True,30,要人手査定
6478,13104,東京都新宿区四谷三栄町,中古マンション等,30,14.0,4.0,56000000,0.6666909197909425,1.6666909197909425,66.66909197909425,高値,中度,59167527.65257846,35500000.0,True,30,要人手査定
14310,13109,東京都品川区大崎,中古マンション等,60,42.0,5.0,70000000,0.6661858481068599,1.6661858481068599,66.61858481068599,高値,中度,78310734.86102241,47000000.0,True,30,要人手査定
20504,13113,東京都渋谷区広尾,中古マンション等,150,40.0,4.0,750000000,0.6656426700636839,1.665642670063684,66.5642670063684,高値,中度,499692801.0191052,300000000.0,True,30,要人手査定
25230,13116,東京都豊島区目白,中古マンション等,30,23.0,4.0,45000000,0.6655155598461109,1.6655155598461109,66.55155598461108,高値,中度,44968920.115844995,27000000.0,True,30,要人手査定
38733,13222,東京都東久留米市本町,中古マンション等,70,12.0,2.0,55000000,0.6653777511460253,1.6653777511460253,66.53777511460252,高値,中度,54957465.787818834,33000000.0,True,30,要人手査定
15749,13110,東京都目黒区中目黒,中古マンション等,75,48.0,9.0,80000000,0.6653055534892512,1.6653055534892514,66.53055534892512,高値,中度,119901999.85122609,72000000.0,True,30,要人手査定
14349,13109,東京都品川区北品川,中古マンション等,70,11.0,6.0,230000000,0.6649219119488793,1.6649219119488794,66.49219119488792,高値,中度,199790629.43386552,120000000.0,True,30,要人手査定
23672,13115,東京都杉並区天沼,中古マンション等,20,40.0,2.0,25000000,0.6648294124719516,1.6648294124719516,66.48294124719516,高値,中度,19977952.94966342,12000000.0,True,30,要人手査定
10540,13108,東京都江東区平野,中古マンション等,75,21.0,12.0,110000000,0.6646866714749057,1.6646866714749056,66.46866714749056,高値,中度,109869320.31734377,66000000.0,True,30,要人手査定
38893,13224,東京都多摩市関戸,中古マンション等,80,42.0,3.0,35000000,0.6646544943609641,1.664654494360964,66.4654494360964,高値,中度,29963780.898497354,18000000.0,True,30,要人手査定
7551,13105,東京都文京区根津,中古マンション等,195,34.0,6.0,180000000,0.6646431784651504,1.6646431784651503,66.46431784651504,高値,中度,216403613.20046955,130000000.0,True,30,要人手査定
20609,13113,東京都渋谷区西原,中古マンション等,30,9.0,1.0,54000000,0.6637796451773281,0.33622035482267193,-66.3779645177328,安値,重度,40346442.57872063,120000000.0,True,30,要人手査定
4801,13104,東京都新宿区市谷砂土原町,中古マンション等,120,24.0,6.0,300000000,0.6635680751282931,1.663568075128293,66.3568075128293,高値,中度,299442253.52309275,180000000.0,True,30,要人手査定
13515,13109,東京都品川区北品川,中古マンション等,80,45.0,7.0,100000000,0.6630419213390241,1.663041921339024,66.3041921339024,高値,中度,108097724.88703656,65000000.0,True,30,要人手査定
38601,13221,東京都清瀬市元町,中古マンション等,75,6.0,2.0,60000000,0.6630407100534929,1.6630407100534927,66.30407100534929,高値,中度,59037945.206898995,35500000.0,True,30,要人手査定
18444,13112,東京都世田谷区玉川,中古マンション等,130,23.0,16.0,280000000,0.6624214425474321,1.6624214425474322,66.24214425474321,高値,中度,199490573.10569185,120000000.0,True,30,要人手査定
174,13101,東京都千代田区神田神保町,中古マンション等,40,26.0,2.0,53000000,0.662268752018248,1.662268752018248,66.2268752018248,高値,中度,63166212.57669342,38000000.0,True,30,要人手査定
31231,13121,東京都足立区佐野,中古マンション等,70,36.0,23.0,25000000,0.6621635691435239,1.662163569143524,66.21635691435239,高値,中度,31581107.813726954,19000000.0,True,30,要人手査定
4559,13103,東京都港区六本木,中古マンション等,65,22.0,2.0,260000000,0.6616447436779109,1.661644743677911,66.16447436779109,高値,中度,265863158.98846576,160000000.0,True,30,要人手査定
36067,13207,東京都昭島市玉川町,中古マンション等,25,41.0,1.0,6300000,0.6616435755475529,0.3383564244524471,-66.1643575547553,安値,重度,7613019.55018006,22500000.0,True,30,要人手査定
18496,13112,東京都世田谷区北沢,中古マンション等,25,44.0,1.0,24000000,0.6613249356221276,1.6613249356221276,66.13249356221276,高値,中度,25750536.502142977,15500000.0,True,30,要人手査定
34598,13202,東京都立川市高松町,中古マンション等,60,32.0,16.0,42000000,0.6612912724969466,1.6612912724969466,66.12912724969466,高値,中度,42362927.44867214,25500000.0,True,30,要人手査定
8387,13106,東京都台東区池之端,中古マンション等,75,21.0,4.0,150000000,0.6606679873830253,1.6606679873830255,66.06679873830254,高値,中度,139496110.94017413,84000000.0,True,30,要人手査定
38780,13223,東京都武蔵村山市学園,中古マンション等,25,34.0,28.0,3400000,0.6604604931133421,0.33953950688665796,-66.04604931133422,安値,重度,4074474.082639896,12000000.0,True,18,要人手査定
8508,13106,東京都台東区池之端,中古マンション等,70,16.0,6.0,160000000,0.6602258272810884,1.6602258272810884,66.02258272810883,高値,中度,142779421.1461736,86000000.0,True,30,要人手査定
24337,13116,東京都豊島区駒込,中古マンション等,105,15.0,8.0,120000000,0.6601445988675112,1.6601445988675112,66.01445988675113,高値,中度,199217351.86410135,120000000.0,True,30,要人手査定
21105,13113,東京都渋谷区恵比寿,中古マンション等,35,43.0,3.0,61000000,0.6600592343400772,1.660059234340077,66.00592343400771,高値,中度,58932102.81907274,35500000.0,True,30,要人手査定
14352,13109,東京都品川区北品川,中古マンション等,25,45.0,6.0,25000000,0.6596900378650343,1.6596900378650343,65.96900378650344,高値,中度,25725195.58690803,15500000.0,True,30,要人手査定
39328,13225,東京都稲城市若葉台,中古マンション等,105,23.0,16.0,60000000,0.6595081438105084,1.6595081438105084,65.95081438105083,高値,中度,58912539.105273046,35500000.0,True,30,要人手査定
13709,13109,東京都品川区東五反田,中古マンション等,70,45.0,10.0,83000000,0.6594943552517059,1.6594943552517059,65.94943552517059,高値,中度,75506993.16395262,45500000.0,True,30,要人手査定
30824,13121,東京都足立区千住曙町,中古マンション等,145,36.0,5.0,140000000,0.6589266390967286,1.6589266390967286,65.89266390967285,高値,中度,106171304.90219063,64000000.0,True,30,要人手査定
37715,13212,東京都日野市三沢,中古マンション等,65,53.0,6.0,25000000,0.6589052105400739,1.658905210540074,65.8905210540074,高値,中度,18247957.315940812,11000000.0,True,30,要人手査定
34548,13202,東京都立川市曙町,中古マンション等,70,18.0,12.0,57000000,0.6583051787901592,1.6583051787901593,65.83051787901591,高値,中度,57211528.66826049,34500000.0,True,30,要人手査定
12178,13108,東京都江東区越中島,中古マンション等,55,40.0,3.0,58000000,0.6579571624098141,1.6579571624098142,65.7957162409814,高値,中度,66318286.49639256,40000000.0,True,30,要人手査定
8988,13107,東京都墨田区太平,中古マンション等,85,20.0,4.0,170000000,0.6578525762860701,1.65785257628607,65.78525762860701,高値,中度,123510016.93331222,74500000.0,True,30,要人手査定
2512,13103,東京都港区元麻布,中古マンション等,125,47.0,9.0,350000000,0.6569093847136739,1.6569093847136738,65.69093847136739,高値,中度,347950970.7898715,210000000.0,True,30,要人手査定
18551,13112,東京都世田谷区玉川,中古マンション等,90,16.0,8.0,200000000,0.6562047649472212,1.6562047649472211,65.62047649472213,高値,中度,182182524.14419433,110000000.0,True,30,要人手査定
21281,13113,東京都渋谷区恵比寿,中古マンション等,35,43.0,3.0,68000000,0.6561881511612276,1.6561881511612275,65.61881511612276,高値,中度,58794679.36622358,35500000.0,True,30,要人手査定
22008,13114,東京都中野区中野,中古マンション等,75,14.0,2.0,170000000,0.654332139600124,1.654332139600124,65.43321396001241,高値,中度,165433213.9600124,100000000.0,True,30,要人手査定
20771,13113,東京都渋谷区恵比寿西,中古マンション等,65,55.0,1.0,86000000,0.6533993798941716,1.6533993798941715,65.33993798941717,高値,中度,89283566.51428527,54000000.0,True,30,要人手査定
3464,13103,東京都港区三田,中古マンション等,130,11.0,7.0,900000000,0.6532521808643745,1.6532521808643745,65.32521808643746,高値,中度,843158612.240831,510000000.0,True,30,要人手査定
37703,13212,東京都日野市日野台,中古マンション等,55,45.0,10.0,21000000,0.6526128634848679,1.652612863484868,65.26128634848679,高値,中度,18178741.498333547,11000000.0,True,30,要人手査定
35619,13206,東京都府中市府中町,中古マンション等,75,22.0,4.0,72000000,0.65230794388271,1.65230794388271,65.230794388271,高値,中度,67744625.69919111,41000000.0,True,30,要人手査定
24386,13116,東京都豊島区池袋,中古マンション等,35,40.0,3.0,31000000,0.6504845893037415,1.6504845893037416,65.04845893037415,高値,中度,28058238.018163607,17000000.0,True,30,要人手査定
39353,13227,東京都羽村市小作台,中古マンション等,70,13.0,4.0,25000000,0.6502515070672422,1.6502515070672423,65.02515070672422,高値,中度,24753772.606008634,15000000.0,True,30,要人手査定
2639,13103,東京都港区南青山,中古マンション等,80,20.0,13.0,240000000,0.649950257466219,1.649950257466219,64.9950257466219,高値,中度,247492538.61993286,150000000.0,True,30,要人手査定
25452,13117,東京都北区中里,中古マンション等,90,49.0,7.0,79000000,0.6497049099004025,1.6497049099004024,64.97049099004025,高値,中度,67637901.3059165,41000000.0,True,30,要人手査定
8497,13106,東京都台東区池之端,中古マンション等,70,21.0,4.0,140000000,0.6493441188000455,1.6493441188000455,64.93441188000455,高値,中度,135246217.74160373,82000000.0,True,30,要人手査定
15514,13110,東京都目黒区目黒,中古マンション等,120,36.0,17.0,190000000,0.6492368563610947,1.6492368563610948,64.92368563610947,高値,中度,189662238.4815259,115000000.0,True,30,要人手査定
19698,13112,東京都世田谷区池尻,中古マンション等,65,51.0,5.0,68000000,0.649223771871425,1.649223771871425,64.9223771871425,高値,中度,74215069.73421413,45000000.0,True,30,要人手査定
3110,13103,東京都港区南青山,中古マンション等,85,34.0,9.0,170000000,0.648689358592664,1.6486893585926639,64.8689358592664,高値,中度,230816510.20297295,140000000.0,True,30,要人手査定
526,13101,東京都千代田区平河町,中古マンション等,25,47.0,4.0,31000000,0.6481507795994423,1.6481507795994423,64.81507795994423,高値,中度,32138940.202189125,19500000.0,True,30,要人手査定
14329,13109,東京都品川区上大崎,中古マンション等,20,12.0,2.0,41000000,0.6479188330713641,1.647918833071364,64.79188330713642,高値,中度,46141727.325998195,28000000.0,True,30,要人手査定
17167,13111,東京都大田区大森北,中古マンション等,55,28.0,5.0,47000000,0.6476525264758625,1.6476525264758626,64.76525264758625,高値,中度,73320537.42817588,44500000.0,True,30,要人手査定
2689,13103,東京都港区六本木,中古マンション等,75,48.0,2.0,110000000,0.647624314060024,1.647624314060024,64.76243140600239,高値,中度,131809945.12480192,80000000.0,True,30,要人手査定
21316,13113,東京都渋谷区渋谷,中古マンション等,90,23.0,8.0,340000000,0.6475533049932392,1.6475533049932392,64.75533049932392,高値,中度,321272894.4736816,195000000.0,True,30,要人手査定
14358,13109,東京都品川区北品川,中古マンション等,80,4.0,13.0,170000000,0.6473804610981879,1.647380461098188,64.7380461098188,高値,中度,181211850.72080067,110000000.0,True,30,要人手査定
21142,13113,東京都渋谷区渋谷,中古マンション等,170,23.0,8.0,770000000,0.6470641882265639,1.6470641882265638,64.70641882265639,高値,中度,667060996.2317584,405000000.0,True,30,要人手査定
29719,13120,東京都練馬区石神井町,中古マンション等,25,41.0,2.0,21000000,0.6469769112312366,1.6469769112312367,64.69769112312366,高値,中度,16058024.884504557,9750000.0,True,30,要人手査定
271,13101,東京都千代田区一番町,中古マンション等,45,62.0,5.0,52000000,0.6462489043055069,1.6462489043055069,64.62489043055069,高値,中度,51033716.03347071,31000000.0,True,30,要人手査定
17640,13111,東京都大田区田園調布,中古マンション等,30,12.0,8.0,85000000,0.6455989300849868,1.6455989300849867,64.55989300849868,高値,中度,42785572.182209656,26000000.0,False,30,要人手査定
28634,13119,東京都板橋区大和町,中古マンション等,40,52.0,3.0,23000000,0.6449995243053184,1.6449995243053184,64.49995243053183,高値,中度,25497492.626732435,15500000.0,True,30,要人手査定
2849,13103,東京都港区六本木,中古マンション等,75,48.0,2.0,80000000,0.6445249630192476,1.6445249630192476,64.45249630192475,高値,中度,131561997.0415398,80000000.0,True,30,要人手査定
21551,13113,東京都渋谷区代官山町,中古マンション等,50,28.0,5.0,140000000,0.6444719243156687,1.6444719243156687,64.44719243156686,高値,中度,127446574.13446432,77500000.0,True,30,要人手査定
6070,13104,東京都新宿区新小川町,中古マンション等,55,46.0,10.0,75000000,0.6443121621795467,1.6443121621795467,64.43121621795467,高値,中度,74816203.37916937,45500000.0,True,30,要人手査定
31089,13121,東京都足立区綾瀬,中古マンション等,75,39.0,6.0,38000000,0.6440312712644007,1.6440312712644007,64.40312712644007,高値,中度,43566828.68850662,26500000.0,True,30,要人手査定
21941,13114,東京都中野区中野,中古マンション等,65,9.0,3.0,170000000,0.6438735222227205,1.6438735222227205,64.38735222227206,高値,中度,158633794.89449254,96500000.0,True,30,要人手査定
36857,13209,東京都町田市原町田,中古マンション等,45,42.0,7.0,22000000,0.643838369099874,1.6438383690998741,64.38383690998741,高値,中度,19726060.42919849,12000000.0,True,30,要人手査定
21859,13114,東京都中野区中野,中古マンション等,55,54.0,5.0,44000000,0.6437256458583529,1.643725645858353,64.37256458583529,高値,中度,55886671.959184,34000000.0,True,30,要人手査定
2154,13102,東京都中央区月島,中古マンション等,25,52.0,4.0,28000000,0.6425713780658369,1.6425713780658369,64.25713780658369,高値,中度,26281142.04905339,16000000.0,True,30,要人手査定
19126,13112,東京都世田谷区下馬,中古マンション等,75,26.0,8.0,150000000,0.6422031647751748,1.6422031647751747,64.22031647751749,高値,中度,128091846.85246363,78000000.0,True,30,要人手査定
1025,13102,東京都中央区晴海,中古マンション等,100,1.0,15.0,340000000,0.6421649852715309,1.6421649852715308,64.21649852715309,高値,中度,287378872.4225179,175000000.0,True,30,要人手査定
5537,13104,東京都新宿区赤城元町,中古マンション等,95,16.0,1.0,200000000,0.6420326677086847,1.6420326677086847,64.20326677086847,高値,中度,229884573.47921586,140000000.0,True,30,要人手査定
8663,13106,東京都台東区台東,中古マンション等,30,42.0,9.0,34000000,0.6419977614519604,1.6419977614519605,64.19977614519604,高値,中度,29555959.706135288,18000000.0,True,30,要人手査定
17491,13111,東京都大田区山王,中古マンション等,100,30.0,4.0,160000000,0.6418686729545697,1.6418686729545697,64.18686729545698,高値,中度,126423887.81750187,77000000.0,True,30,要人手査定
21641,13113,東京都渋谷区広尾,中古マンション等,135,32.0,15.0,350000000,0.6417360199510564,1.6417360199510564,64.17360199510564,高値,中度,385807964.68849826,235000000.0,True,30,要人手査定
25076,13116,東京都豊島区西池袋,中古マンション等,60,50.0,8.0,64000000,0.6416777657867814,1.6416777657867814,64.16777657867814,高値,中度,64025432.86568447,39000000.0,True,30,要人手査定
22560,13114,東京都中野区中野,中古マンション等,75,9.0,6.0,200000000,0.6416430797189346,1.6416430797189348,64.16430797189346,高値,中度,180580738.7690828,110000000.0,True,30,要人手査定
30799,13121,東京都足立区大谷田,中古マンション等,40,52.0,12.0,12000000,0.6406722747735535,1.6406722747735534,64.06722747735535,高値,中度,15422319.382871402,9400000.0,True,30,要人手査定
259,13101,東京都千代田区神田淡路町,中古マンション等,55,13.0,3.0,170000000,0.640468266099287,1.6404682660992869,64.0468266099287,高値,中度,160765890.07773012,98000000.0,True,30,要人手査定
2641,13103,東京都港区南青山,中古マンション等,30,46.0,8.0,25000000,0.6403530361539782,1.6403530361539782,64.03530361539782,高値,中度,36087766.79538752,22000000.0,True,30,要人手査定
25172,13116,東京都豊島区南池袋,中古マンション等,70,11.0,7.0,180000000,0.6395862044727662,1.639586204472766,63.958620447276616,高値,中度,180354482.49200428,110000000.0,True,30,要人手査定
34581,13202,東京都立川市上砂町,中古マンション等,95,38.0,3.0,5700000,0.6393840577996759,0.3606159422003241,-63.93840577996759,安値,重度,18030797.110016204,50000000.0,True,30,要人手査定
38775,13223,東京都武蔵村山市大南,中古マンション等,75,39.0,12.0,17000000,0.639341730178537,1.639341730178537,63.9341730178537,高値,中度,17704890.6859282,10800000.0,True,18,要人手査定
38637,13221,東京都清瀬市元町,中古マンション等,15,41.0,4.0,6100000,0.6392039844191973,0.36079601558080276,-63.92039844191974,安値,重度,5953134.257083246,16500000.0,True,30,要人手査定
6212,13104,東京都新宿区富久町,中古マンション等,35,11.0,7.0,83000000,0.6388661102989358,1.638866110298936,63.88661102989358,高値,中度,75387841.07375105,46000000.0,True,30,要人手査定
167,13101,東京都千代田区三番町,中古マンション等,35,21.0,6.0,45000000,0.6387348449041526,1.6387348449041526,63.87348449041526,高値,中度,55716984.72674119,34000000.0,True,30,要人手査定
36462,13208,東京都調布市多摩川,中古マンション等,20,36.0,5.0,7800000,0.6385101086423367,0.36148989135766335,-63.85101086423367,安値,重度,7049052.881474435,19500000.0,True,30,要人手査定
33830,13201,東京都八王子市子安町,中古マンション等,65,16.0,2.0,77000000,0.6379988049841371,1.637998804984137,63.79988049841371,高値,中度,64700952.79687341,39500000.0,True,30,要人手査定
25133,13116,東京都豊島区東池袋,中古マンション等,35,18.0,14.0,60000000,0.6377210935066141,1.6377210935066142,63.77210935066141,高値,中度,51588214.445458345,31500000.0,True,30,要人手査定
16806,13111,東京都大田区山王,中古マンション等,80,43.0,6.0,80000000,0.6376217319675542,1.6376217319675543,63.76217319675542,高値,中度,79424654.00042638,48500000.0,True,30,要人手査定
2794,13103,東京都港区南青山,中古マンション等,100,20.0,10.0,420000000,0.6375970550078954,1.6375970550078955,63.75970550078954,高値,中度,352083366.8266975,215000000.0,True,30,要人手査定
25075,13116,東京都豊島区西池袋,中古マンション等,60,55.0,7.0,60000000,0.637204762728724,1.6372047627287238,63.720476272872396,高値,中度,60576576.220962785,37000000.0,True,30,要人手査定
35919,13206,東京都府中市宮町,中古マンション等,60,21.0,1.0,75000000,0.6370266746651974,1.6370266746651974,63.702667466519735,高値,中度,65481066.986607894,40000000.0,True,30,要人手査定
15786,13110,東京都目黒区東山,中古マンション等,85,23.0,11.0,170000000,0.6363237186089965,1.6363237186089965,63.63237186089965,高値,中度,196358846.23307958,120000000.0,True,30,要人手査定
17486,13111,東京都大田区山王,中古マンション等,85,27.0,7.0,110000000,0.6354976895925926,1.6354976895925926,63.549768959259254,高値,中度,120209080.18505555,73500000.0,True,30,要人手査定
19823,13112,東京都世田谷区若林,中古マンション等,90,15.0,13.0,150000000,0.6354197333491286,1.6354197333491285,63.54197333491286,高値,中度,150458615.46811983,92000000.0,True,30,要人手査定
8297,13106,東京都台東区池之端,中古マンション等,70,21.0,4.0,130000000,0.6351966972592684,1.6351966972592684,63.51966972592684,高値,中度,134086129.17526,82000000.0,True,30,要人手査定
31284,13121,東京都足立区千住,中古マンション等,50,27.0,3.0,68000000,0.6351491074791082,1.6351491074791082,63.514910747910825,高値,中度,52324771.439331464,32000000.0,True,30,要人手査定
2949,13103,東京都港区東麻布,中古マンション等,30,26.0,3.0,34000000,0.6347211040643128,1.6347211040643128,63.472110406431284,高値,中度,58032599.194283105,35500000.0,True,30,要人手査定
3088,13103,東京都港区虎ノ門,中古マンション等,105,20.0,6.0,500000000,0.6345881936230027,1.6345881936230027,63.45881936230027,高値,中度,498549399.0550158,305000000.0,True,30,要人手査定
9716,13107,東京都墨田区錦糸,中古マンション等,45,42.0,4.0,56000000,0.6344437096577804,1.6344437096577804,63.44437096577804,高値,中度,52302198.70904897,32000000.0,True,30,要人手査定
24564,13116,東京都豊島区目白,中古マンション等,130,29.0,12.0,140000000,0.6338910120988558,1.633891012098856,63.38910120988558,高値,中度,187897466.39136842,115000000.0,True,30,要人手査定
13173,13109,東京都品川区上大崎,中古マンション等,50,9.0,2.0,140000000,0.6338591970544831,1.6338591970544831,63.385919705448316,高値,中度,160118201.31133935,98000000.0,True,30,要人手査定
18501,13112,東京都世田谷区北沢,中古マンション等,30,38.0,8.0,26000000,0.6335469444252068,1.6335469444252069,63.354694442520675,高値,中度,23686430.694165498,14500000.0,True,30,要人手査定
33883,13201,東京都八王子市子安町,中古マンション等,60,31.0,7.0,20000000,0.6334846789718541,1.633484678971854,63.348467897185415,高値,中度,31036208.900465228,19000000.0,True,30,要人手査定
38957,13224,東京都多摩市関戸,中古マンション等,85,51.0,8.0,24000000,0.6327905499713399,1.63279054997134,63.27905499713399,高値,中度,22042672.42461309,13500000.0,True,30,要人手査定
13633,13109,東京都品川区北品川,中古マンション等,65,47.0,6.0,62000000,0.6325827105796775,1.6325827105796775,63.258271057967754,高値,中度,81629135.52898388,50000000.0,True,30,要人手査定
4431,13103,東京都港区東新橋,中古マンション等,80,24.0,3.0,300000000,0.6324027473454523,1.6324027473454523,63.24027473454523,高値,中度,326480549.46909046,200000000.0,True,30,要人手査定
19699,13112,東京都世田谷区池尻,中古マンション等,45,51.0,5.0,53000000,0.6323572358853317,1.6323572358853315,63.23572358853317,高値,中度,52235431.54833061,32000000.0,True,30,要人手査定
15645,13110,東京都目黒区上目黒,中古マンション等,50,40.0,8.0,79000000,0.6316829608030078,1.6316829608030077,63.16829608030078,高値,中度,73425733.23613535,45000000.0,True,30,要人手査定
1225,13102,東京都中央区勝どき,中古マンション等,120,3.0,2.0,570000000,0.6316827280066514,1.6316827280066513,63.168272800665136,高値,中度,505821645.6820619,310000000.0,True,30,要人手査定
15602,13110,東京都目黒区青葉台,中古マンション等,35,28.0,9.0,74000000,0.6314787870128372,1.631478787012837,63.14787870128372,高値,中度,64443412.08700707,39500000.0,True,30,要人手査定
38328,13218,東京都福生市大字福生,中古マンション等,75,2.0,7.0,46000000,0.63104024837581,1.63104024837581,63.104024837580994,高値,中度,35882885.46426782,22000000.0,True,30,要人手査定
128,13101,東京都千代田区麹町,中古マンション等,55,7.0,1.0,200000000,0.6307785323864742,1.630778532386474,63.07785323864742,高値,中度,179385638.56251216,110000000.0,True,30,要人手査定
3967,13103,東京都港区麻布十番,中古マンション等,65,43.0,1.0,140000000,0.6305411506385501,1.63054115063855,63.05411506385501,高値,中度,127182209.74980691,78000000.0,True,30,要人手査定
17161,13111,東京都大田区大森北,中古マンション等,30,14.0,7.0,49000000,0.6305136363349154,1.6305136363349155,63.05136363349154,高値,中度,40762840.90837289,25000000.0,True,30,要人手査定
13217,13109,東京都品川区上大崎,中古マンション等,85,24.0,8.0,170000000,0.6297787512852451,1.629778751285245,62.97787512852451,高値,中度,187424556.3978032,115000000.0,True,30,要人手査定
21580,13113,東京都渋谷区南平台町,中古マンション等,65,56.0,10.0,84000000,0.629308822064472,1.629308822064472,62.9308822064472,高値,中度,99387838.1459328,61000000.0,True,30,要人手査定
31907,13122,東京都葛飾区西新小岩,中古マンション等,25,37.0,2.0,16000000,0.6290373097141676,1.6290373097141677,62.90373097141676,高値,中度,14987143.249370342,9200000.0,True,30,要人手査定
21487,13113,東京都渋谷区渋谷,中古マンション等,50,23.0,8.0,170000000,0.6288673989804694,1.6288673989804694,62.88673989804694,高値,中度,144154764.80977154,88500000.0,True,30,要人手査定
33816,13201,東京都八王子市横山町,中古マンション等,95,8.0,5.0,85000000,0.6285135827355333,1.6285135827355333,62.85135827355332,高値,中度,78982908.76267336,48500000.0,True,30,要人手査定
2638,13103,東京都港区南青山,中古マンション等,90,37.0,7.0,130000000,0.6284975184169654,1.6284975184169654,62.849751841696545,高値,中度,227989652.57837516,140000000.0,True,30,要人手査定
35855,13206,東京都府中市府中町,中古マンション等,70,22.0,4.0,72000000,0.6273678983275665,1.6273678983275663,62.73678983275664,高値,中度,70790503.57724914,43500000.0,True,30,要人手査定
5241,13104,東京都新宿区四谷,中古マンション等,80,2.0,4.0,330000000,0.6272757808542718,1.627275780854272,62.72757808542718,高値,中度,301046019.4580403,185000000.0,True,30,要人手査定
16374,13111,東京都大田区大森北,中古マンション等,55,2.0,3.0,100000000,0.6272135409369183,1.6272135409369182,62.72135409369183,高値,中度,104141666.61996277,64000000.0,True,30,要人手査定
21334,13113,東京都渋谷区千駄ケ谷,中古マンション等,35,11.0,3.0,79000000,0.6270163309187273,1.6270163309187273,62.701633091872736,高値,中度,86231865.53869255,53000000.0,True,30,要人手査定
39266,13225,東京都稲城市若葉台,中古マンション等,115,23.0,6.0,64000000,0.6270068503177084,1.6270068503177084,62.700685031770846,高値,中度,57758743.18627865,35500000.0,True,30,要人手査定
39259,13225,東京都稲城市若葉台,中古マンション等,115,23.0,6.0,60000000,0.6269175080701614,1.6269175080701614,62.69175080701614,高値,中度,57755571.53649073,35500000.0,True,30,要人手査定
35890,13206,東京都府中市宮西町,中古マンション等,65,23.0,3.0,69000000,0.626693632373743,1.6266936323737429,62.6693632373743,高値,中度,66694438.92732346,41000000.0,True,30,要人手査定
9982,13107,東京都墨田区緑,中古マンション等,35,15.0,9.0,43000000,0.6263038555811056,1.6263038555811056,62.63038555811056,高値,中度,45536507.956270956,28000000.0,True,30,要人手査定
18862,13112,東京都世田谷区太子堂,中古マンション等,130,18.0,11.0,280000000,0.6258535838145323,1.6258535838145323,62.585358381453226,高値,中度,211360965.8958892,130000000.0,True,30,要人手査定
30640,13121,東京都足立区千住,中古マンション等,60,27.0,2.0,68000000,0.625548323416075,1.625548323416075,62.5548323416075,高値,中度,55268642.99614655,34000000.0,True,30,要人手査定
36691,13208,東京都調布市布田,中古マンション等,20,23.0,6.0,44000000,0.6253797765811709,1.6253797765811708,62.53797765811709,高値,中度,33320285.419914003,20500000.0,True,30,要人手査定
36046,13207,東京都昭島市代官山,中古マンション等,85,2.0,5.0,88000000,0.6247538759469792,1.6247538759469793,62.47538759469792,高値,中度,69864416.6657201,43000000.0,True,30,要人手査定
31374,13121,東京都足立区千住橋戸町,中古マンション等,70,23.0,3.0,59000000,0.6244005654592005,1.6244005654592006,62.44005654592005,高値,中度,69037024.03201602,42500000.0,True,30,要人手査定
30480,13121,東京都足立区千住東,中古マンション等,70,25.0,9.0,65000000,0.6242487659646828,1.6242487659646827,62.42487659646828,高値,中度,64969950.63858731,40000000.0,True,30,要人手査定
31287,13121,東京都足立区千住,中古マンション等,50,41.0,2.0,75000000,0.6234946770567271,1.6234946770567271,62.34946770567271,高値,中度,50328334.98875854,31000000.0,True,30,要人手査定
37373,13211,東京都小平市小川町,中古マンション等,35,49.0,8.0,4800000,0.622593955126839,0.37740604487316104,-62.2593955126839,安値,重度,6038496.717970577,16000000.0,True,30,要人手査定
30139,13121,東京都足立区綾瀬,中古マンション等,30,32.0,9.0,14000000,0.6222735159349634,1.6222735159349635,62.22735159349634,高値,中度,14600461.64341467,9000000.0,True,30,要人手査定
31350,13121,東京都足立区千住関屋町,中古マンション等,60,28.0,2.0,52000000,0.6217125875046016,1.6217125875046017,62.171258750460154,高値,中度,51894802.80014725,32000000.0,True,30,要人手査定
4528,13103,東京都港区元麻布,中古マンション等,115,16.0,9.0,420000000,0.6216162695152134,1.6216162695152134,62.16162695152134,高値,中度,535133368.94002044,330000000.0,True,30,要人手査定
34287,13201,東京都八王子市元横山町,中古マンション等,55,29.0,7.0,30000000,0.6215609776291088,1.6215609776291087,62.156097762910875,高値,中度,29188097.597323958,18000000.0,True,30,要人手査定
30015,13120,東京都練馬区貫井,中古マンション等,35,54.0,8.0,27000000,0.6214785166966945,1.6214785166966945,62.14785166966945,高値,中度,25943656.267147113,16000000.0,True,30,要人手査定
30016,13120,東京都練馬区貫井,中古マンション等,35,54.0,8.0,26000000,0.6214785166966945,1.6214785166966945,62.14785166966945,高値,中度,25943656.267147113,16000000.0,True,30,要人手査定
37713,13212,東京都日野市三沢,中古マンション等,65,56.0,18.0,17000000,0.6213575608621192,1.6213575608621194,62.13575608621193,高値,中度,15402896.828190133,9500000.0,True,30,要人手査定
39326,13225,東京都稲城市矢野口,中古マンション等,15,23.0,8.0,6900000,0.6213389904649319,0.378661009535068,-62.13389904649319,安値,重度,10981169.276516972,29000000.0,True,30,要人手査定
8244,13106,東京都台東区池之端,中古マンション等,65,21.0,4.0,120000000,0.6212682565907469,1.621268256590747,62.12682565907469,高値,中度,119973850.98771527,74000000.0,True,30,要人手査定
24850,13116,東京都豊島区東池袋,中古マンション等,75,10.0,7.0,130000000,0.6212674725126064,1.6212674725126064,62.12674725126064,高値,中度,162126747.25126064,100000000.0,True,30,要人手査定
16734,13111,東京都大田区山王,中古マンション等,35,8.0,11.0,44000000,0.6212635657083395,1.6212635657083394,62.12635657083395,高値,中度,46206011.622687675,28500000.0,True,30,要人手査定
3849,13103,東京都港区赤坂,中古マンション等,70,48.0,5.0,140000000,0.6209388728253267,1.6209388728253267,62.09388728253267,高値,中度,138590273.62656543,85500000.0,True,30,要人手査定
28435,13119,東京都板橋区成増,中古マンション等,50,42.0,0.0,45000000,0.6208330974425934,1.6208330974425935,62.08330974425934,高値,中度,45383326.728392616,28000000.0,True,30,要人手査定
18784,13112,東京都世田谷区奥沢,中古マンション等,60,42.0,5.0,67000000,0.6205924323563607,1.6205924323563607,62.059243235636075,高値,中度,69685474.59132351,43000000.0,True,30,要人手査定
18755,13112,東京都世田谷区玉川,中古マンション等,75,16.0,6.0,170000000,0.6204164474168345,1.6204164474168345,62.041644741683456,高値,中度,154749770.7283077,95500000.0,True,30,要人手査定
22538,13114,東京都中野区中野,中古マンション等,70,14.0,2.0,170000000,0.620350899569279,1.620350899569279,62.035089956927905,高値,中度,161224914.50714326,99500000.0,True,30,要人手査定
36941,13209,東京都町田市南町田,中古マンション等,95,26.0,5.0,60000000,0.6193620753402306,1.6193620753402307,61.936207534023055,高値,中度,47771181.2225368,29500000.0,True,30,要人手査定
38003,13214,東京都国分寺市本多,中古マンション等,30,10.0,9.0,18000000,0.6192626186149722,0.3807373813850277,-61.926261861497224,安値,重度,22273136.811024122,58500000.0,True,30,要人手査定
25170,13116,東京都豊島区南池袋,中古マンション等,40,11.0,7.0,96000000,0.6189785399001945,1.6189785399001946,61.89785399001945,高値,中度,80139437.72505963,49500000.0,True,30,要人手査定
14269,13109,東京都品川区荏原,中古マンション等,30,33.0,6.0,41000000,0.6189678486047423,1.6189678486047423,61.89678486047423,高値,中度,37236260.51790907,23000000.0,True,30,要人手査定
28147,13119,東京都板橋区上板橋,中古マンション等,60,55.0,1.0,31000000,0.6187129847724401,1.61871298477244,61.87129847724401,高値,中度,35611685.66499368,22000000.0,True,30,要人手査定
14276,13109,東京都品川区大井,中古マンション等,35,26.0,5.0,60000000,0.6186032373134884,1.6186032373134884,61.86032373134884,高値,中度,57460414.92462884,35500000.0,True,30,要人手査定
18329,13112,東京都世田谷区深沢,中古マンション等,70,2.0,20.0,110000000,0.6185590701298269,1.618559070129827,61.85590701298269,高値,中度,114917693.97921771,71000000.0,True,30,要人手査定
4484,13103,東京都港区南青山,中古マンション等,70,29.0,11.0,140000000,0.6184427786566506,1.6184427786566506,61.84427786566506,高値,中度,186120919.54551482,115000000.0,True,30,要人手査定
33702,13201,東京都八王子市明神町,中古マンション等,65,51.0,7.0,13000000,0.6180837431146224,1.6180837431146224,61.808374311462245,高値,中度,17798921.174260847,11000000.0,True,30,要人手査定
5853,13104,東京都新宿区住吉町,中古マンション等,70,42.0,1.0,100000000,0.6178523809107711,1.617852380910771,61.78523809107711,高値,中度,93026511.90236934,57500000.0,True,30,要人手査定
3578,13103,東京都港区三田,中古マンション等,130,44.0,8.0,370000000,0.6174379169576982,1.6174379169576982,61.74379169576982,高値,中度,388185100.0698476,240000000.0,True,30,要人手査定
21481,13113,東京都渋谷区渋谷,中古マンション等,50,23.0,8.0,180000000,0.6173760763961508,1.6173760763961509,61.73760763961508,高値,中度,143137782.76105934,88500000.0,True,30,要人手査定
21471,13113,東京都渋谷区渋谷,中古マンション等,70,1.0,6.0,300000000,0.6170672447866679,1.6170672447866679,61.706724478666786,高値,中度,258730759.16586685,160000000.0,True,30,要人手査定
23555,13115,東京都杉並区梅里,中古マンション等,45,51.0,4.0,40000000,0.6160538906869367,1.6160538906869366,61.605389068693675,高値,中度,38785293.37648648,24000000.0,True,30,要人手査定
18490,13112,東京都世田谷区上用賀,中古マンション等,165,37.0,11.0,220000000,0.616006221561613,1.6160062215616129,61.6006221561613,高値,中度,210080808.8030097,130000000.0,True,30,要人手査定
2531,13103,東京都港区海岸,中古マンション等,30,24.0,16.0,26000000,0.6158105959795682,0.3841894040204317,-61.58105959795682,安値,重度,27661637.089471083,72000000.0,True,30,要人手査定
8394,13106,東京都台東区池之端,中古マンション等,75,14.0,6.0,180000000,0.6156849131174732,1.615684913117473,61.56849131174732,高値,中度,159952806.39862984,99000000.0,True,30,要人手査定
36891,13209,東京都町田市図師町,中古マンション等,60,33.0,5.0,4500000,0.6151391487470353,0.38486085125296465,-61.51391487470354,安値,重度,14624712.347612657,38000000.0,True,30,要人手査定
33590,13201,東京都八王子市旭町,中古マンション等,85,7.0,3.0,75000000,0.6149006601452068,1.614900660145207,61.490066014520686,高値,中度,78322682.01704253,48500000.0,True,30,要人手査定
3589,13103,東京都港区三田,中古マンション等,105,1.0,5.0,650000000,0.6146999324111447,1.6146999324111446,61.46999324111447,高値,中度,799276466.5435166,495000000.0,True,30,要人手査定
476,13101,東京都千代田区九段南,中古マンション等,60,26.0,8.0,120000000,0.6142837449118269,1.614283744911827,61.428374491182694,高値,中度,112999862.14382789,70000000.0,True,30,要人手査定
7399,13105,東京都文京区小石川,中古マンション等,55,43.0,11.0,73000000,0.6138057772152854,1.6138057772152854,61.38057772152854,高値,中度,72621259.97468784,45000000.0,True,30,要人手査定
3739,13103,東京都港区赤坂,中古マンション等,65,48.0,5.0,130000000,0.6137315988588511,1.6137315988588512,61.37315988588511,高値,中度,128291662.10927866,79500000.0,True,30,要人手査定
39653,13229,東京都西東京市谷戸町,中古マンション等,35,53.0,13.0,3000000,0.6134888358838672,0.3865111641161328,-61.34888358838671,安値,重度,6957200.95409039,18000000.0,True,30,要人手査定
30271,13121,東京都足立区栗原,中古マンション等,25,37.0,6.0,5000000,0.6130326278723227,1.6130326278723226,61.30326278723227,高値,中度,11049273.50092541,6850000.0,True,30,要人手査定
35471,13206,東京都府中市宮西町,中古マンション等,75,23.0,4.0,70000000,0.6125443345733241,1.6125443345733241,61.25443345733241,高値,中度,66114317.71750629,41000000.0,True,30,要人手査定
34543,13202,東京都立川市曙町,中古マンション等,35,1.0,8.0,48000000,0.6120399473371497,1.6120399473371498,61.20399473371497,高値,中度,42719058.60443447,26500000.0,True,30,要人手査定
8249,13106,東京都台東区池之端,中古マンション等,70,21.0,4.0,120000000,0.6120256592928338,1.612025659292834,61.20256592928338,高値,中度,132186104.06201237,82000000.0,True,30,要人手査定
33738,13201,東京都八王子市明神町,中古マンション等,75,51.0,9.0,21000000,0.6112461220990634,1.6112461220990635,61.12461220990634,高値,中度,20140576.526238292,12500000.0,True,30,要人手査定
39652,13229,東京都西東京市谷戸町,中古マンション等,115,29.0,3.0,90000000,0.6109008662881691,1.610900866288169,61.090086628816906,高値,中度,73295989.4161117,45500000.0,True,30,要人手査定
36383,13208,東京都調布市国領町,中古マンション等,20,35.0,8.0,8000000,0.6107195314080939,0.3892804685919061,-61.071953140809384,安値,重度,7396328.9032462165,19000000.0,True,30,要人手査定
8553,13106,東京都台東区上野桜木,中古マンション等,70,24.0,7.0,150000000,0.6105676865871492,1.6105676865871492,61.05676865871492,高値,中度,124013711.86721049,77000000.0,True,30,要人手査定
17527,13111,東京都大田区下丸子,中古マンション等,160,23.0,15.0,130000000,0.6104987044736309,1.6104987044736307,61.049870447363084,高値,中度,133671392.47131136,83000000.0,True,30,要人手査定
14341,13109,東京都品川区上大崎,中古マンション等,45,41.0,7.0,80000000,0.6096664446305331,1.609666444630533,60.96664446305331,高値,中度,65191491.00753659,40500000.0,True,30,要人手査定
6649,13105,東京都文京区小石川,中古マンション等,80,5.0,1.0,320000000,0.6095455384767939,1.6095455384767938,60.95455384767939,高値,中度,225336375.38675115,140000000.0,True,30,要人手査定
21797,13114,東京都中野区中野,中古マンション等,55,55.0,5.0,57000000,0.6094250573627948,1.6094250573627948,60.942505736279486,高値,中度,53915739.42165363,33500000.0,True,30,要人手査定
25150,13116,東京都豊島区東池袋,中古マンション等,70,25.0,8.0,150000000,0.6090151208021197,1.6090151208021197,60.90151208021197,高値,中度,138375300.3889823,86000000.0,True,30,要人手査定
2850,13103,東京都港区六本木,中古マンション等,70,22.0,1.0,260000000,0.6085624749414701,1.60856247494147,60.856247494147006,高値,中度,265412808.36534256,165000000.0,True,30,要人手査定
25232,13116,東京都豊島区目白,中古マンション等,75,20.0,8.0,210000000,0.6085112573414982,1.6085112573414984,60.851125734149825,高値,中度,148787291.3040886,92500000.0,True,30,要人手査定
17488,13111,東京都大田区山王,中古マンション等,50,12.0,8.0,84000000,0.6085011411639041,1.608501141163904,60.85011411639041,高値,中度,76403804.20528544,47500000.0,True,30,要人手査定
14531,13109,東京都品川区西中延,中古マンション等,30,23.0,8.0,38000000,0.6084799093397936,1.6084799093397937,60.847990933979354,高値,中度,41820477.64283463,26000000.0,True,30,要人手査定
13888,13109,東京都品川区二葉,中古マンション等,15,39.0,10.0,7800000,0.6082269574486086,0.39177304255139145,-60.82269574486085,安値,重度,8227233.89357922,21000000.0,True,30,要人手査定
22559,13114,東京都中野区中野,中古マンション等,50,60.0,5.0,53000000,0.6077906962778683,1.6077906962778683,60.77906962778683,高値,中度,53057092.977169655,33000000.0,True,30,要人手査定
2150,13102,東京都中央区築地,中古マンション等,35,54.0,3.0,40000000,0.6076576999914277,1.6076576999914278,60.76576999914277,高値,中度,32956982.84982427,20500000.0,True,30,要人手査定
21090,13113,東京都渋谷区千駄ケ谷,中古マンション等,75,28.0,2.0,130000000,0.6076574966268335,1.6076574966268335,60.765749662683355,高値,中度,168804037.14581752,105000000.0,True,30,要人手査定
5866,13104,東京都新宿区赤城下町,中古マンション等,30,6.0,3.0,65000000,0.6075544535142763,1.6075544535142763,60.755445351427625,高値,中度,65105955.36732819,40500000.0,True,30,要人手査定
34517,13202,東京都立川市砂川町,中古マンション等,70,38.0,4.0,13000000,0.60723134554735,0.39276865445264997,-60.723134554735005,安値,重度,13550518.578616424,34500000.0,True,30,要人手査定
34257,13201,東京都八王子市明神町,中古マンション等,55,50.0,9.0,19000000,0.6070191997539466,1.6070191997539465,60.70191997539466,高値,中度,17677211.197293412,11000000.0,True,30,要人手査定
39089,13224,東京都多摩市山王下,中古マンション等,15,42.0,7.0,4000000,0.6068558372424527,0.3931441627575473,-60.68558372424528,安値,重度,3892127.2112997184,9900000.0,True,30,要人手査定
228,13101,東京都千代田区九段南,中古マンション等,45,26.0,7.0,72000000,0.6065628649858197,1.6065628649858197,60.65628649858197,高値,中度,72295328.92436188,45000000.0,True,30,要人手査定
37237,13210,東京都小金井市緑町,中古マンション等,20,33.0,19.0,6000000,0.606458134938815,0.39354186506118505,-60.6458134938815,安値,重度,7870837.301223701,20000000.0,True,30,要人手査定
11140,13108,東京都江東区豊洲,中古マンション等,75,10.0,11.0,140000000,0.6060732605439226,1.6060732605439225,60.60732605439226,高値,中度,139728373.66732126,87000000.0,True,30,要人手査定
26596,13118,東京都荒川区西日暮里,中古マンション等,65,17.0,2.0,130000000,0.6060442081567657,1.6060442081567656,60.604420815676576,高値,中度,99574740.90571947,62000000.0,True,30,要人手査定
31289,13121,東京都足立区千住,中古マンション等,55,5.0,5.0,82000000,0.605717313126776,1.605717313126776,60.5717313126776,高値,中度,78680148.34321202,49000000.0,True,30,要人手査定
36980,13209,東京都町田市成瀬,中古マンション等,115,35.0,13.0,39000000,0.6056399495101409,1.6056399495101408,60.56399495101409,高値,中度,36126898.86397817,22500000.0,True,30,要人手査定
13386,13109,東京都品川区北品川,中古マンション等,75,21.0,13.0,140000000,0.6049552458529431,1.604955245852943,60.49552458529431,高値,中度,139631106.38920605,87000000.0,True,30,要人手査定
39503,13229,東京都西東京市向台町,中古マンション等,20,39.0,10.0,3500000,0.604485493213442,0.395514506786558,-60.4485493213442,安値,重度,6130474.855191649,15500000.0,True,30,要人手査定
22610,13114,東京都中野区東中野,中古マンション等,35,52.0,10.0,35000000,0.6044824032730453,1.6044824032730454,60.448240327304525,高値,中度,33694130.46873395,21000000.0,True,30,要人手査定
37052,13209,東京都町田市成瀬,中古マンション等,110,35.0,12.0,39000000,0.6041247226123876,1.6041247226123876,60.41247226123876,高値,中度,34488681.53616633,21500000.0,True,30,要人手査定
27031,13119,東京都板橋区板橋,中古マンション等,35,7.0,5.0,36000000,0.6038890707716325,1.6038890707716325,60.388907077163246,高値,中度,44106949.44621989,27500000.0,True,30,要人手査定
38645,13222,東京都東久留米市南町,中古マンション等,45,50.0,5.0,14000000,0.6034905259113381,1.6034905259113381,60.34905259113381,高値,中度,12827924.207290705,8000000.0,True,30,要人手査定
28129,13119,東京都板橋区加賀,中古マンション等,75,23.0,11.0,85000000,0.6031586705769306,1.6031586705769305,60.31586705769306,高値,中度,85768988.87586579,53500000.0,True,30,要人手査定
12186,13108,東京都江東区越中島,中古マンション等,75,40.0,3.0,95000000,0.6029865298462502,1.6029865298462502,60.29865298462502,高値,中度,89767245.67139001,56000000.0,True,30,要人手査定
37928,13213,東京都東村山市本町,中古マンション等,15,40.0,8.0,3800000,0.6028612922413632,0.3971387077586368,-60.28612922413632,安値,重度,4130242.560689823,10400000.0,True,30,要人手査定
3774,13103,東京都港区芝浦,中古マンション等,105,20.0,12.0,260000000,0.6025792303221028,1.602579230322103,60.25792303221028,高値,中度,280451365.306368,175000000.0,True,30,要人手査定
8142,13106,東京都台東区松が谷,中古マンション等,70,11.0,12.0,79000000,0.6022359253115703,1.6022359253115703,60.22359253115703,高値,中度,97736391.44400579,61000000.0,True,30,要人手査定
31290,13121,東京都足立区千住,中古マンション等,50,23.0,3.0,42000000,0.6019709312606397,1.6019709312606398,60.19709312606397,高値,中度,52865040.73160111,33000000.0,True,30,要人手査定
2642,13103,東京都港区南青山,中古マンション等,30,28.0,4.0,67000000,0.6017985919599844,1.6017985919599844,60.17985919599844,高値,中度,54461152.12663947,34000000.0,True,30,要人手査定
39333,13225,東京都稲城市若葉台,中古マンション等,110,23.0,5.0,64000000,0.6016614865012513,1.6016614865012513,60.16614865012513,高値,中度,56858982.77079442,35500000.0,True,30,要人手査定
38332,13218,東京都福生市武蔵野台,中古マンション等,80,38.0,13.0,17000000,0.6009397383373185,1.6009397383373185,60.09397383373185,高値,中度,22413156.33672246,14000000.0,True,30,要人手査定
3268,13103,東京都港区三田,中古マンション等,100,24.0,9.0,320000000,0.6007083396397384,1.6007083396397384,60.07083396397383,高値,中度,368162918.1171398,230000000.0,True,30,要人手査定
15621,13110,東京都目黒区大橋,中古マンション等,35,26.0,8.0,47000000,0.6002314455038615,1.6002314455038615,60.02314455038616,高値,中度,58408447.760890946,36500000.0,True,30,要人手査定
33122,13123,東京都江戸川区平井,中古マンション等,85,1.0,2.0,130000000,0.6001369867739953,1.6001369867739952,60.01369867739953,高値,中度,135211575.3824026,84500000.0,True,30,要人手査定
14333,13109,東京都品川区上大崎,中古マンション等,50,5.0,8.0,160000000,0.6000835693811429,1.600083569381143,60.0083569381143,高値,中度,138407228.75146887,86500000.0,True,30,要人手査定
19056,13112,東京都世田谷区奥沢,中古マンション等,45,57.0,3.0,49000000,0.5996777193349342,1.599677719334934,59.96777193349342,高値,中度,47990331.580048025,30000000.0,True,30,要人手査定
20141,13112,東京都世田谷区瀬田,中古マンション等,80,56.0,15.0,75000000,0.5996185437088285,1.5996185437088286,59.96185437088285,高値,中度,75182071.55431494,47000000.0,True,30,要人手査定
31285,13121,東京都足立区千住,中古マンション等,50,29.0,6.0,46000000,0.5993297235537576,1.5993297235537576,59.93297235537576,高値,中度,47979891.70661273,30000000.0,True,30,要人手査定
15292,13110,東京都目黒区三田,中古マンション等,90,41.0,12.0,160000000,0.5984804971972507,1.5984804971972508,59.84804971972507,高値,中度,159848049.71972507,100000000.0,True,30,要人手査定
14334,13109,東京都品川区上大崎,中古マンション等,85,27.0,6.0,160000000,0.5983387772736314,1.5983387772736313,59.83387772736314,高値,中度,175817265.50009945,110000000.0,True,30,要人手査定
34723,13203,東京都武蔵野市御殿山,中古マンション等,85,55.0,7.0,69000000,0.5978182023784736,1.5978182023784735,59.78182023784736,高値,中度,88678910.23200528,55500000.0,True,30,要人手査定
20111,13112,東京都世田谷区三軒茶屋,中古マンション等,85,22.0,12.0,150000000,0.5977525166235895,1.5977525166235895,59.775251662358954,高値,中度,124624696.29663998,78000000.0,True,30,要人手査定
27553,13119,東京都板橋区成増,中古マンション等,125,39.0,11.0,75000000,0.5974759329032464,1.5974759329032464,59.747593290324644,高値,中度,70288941.04774284,44000000.0,True,30,要人手査定
14330,13109,東京都品川区上大崎,中古マンション等,60,6.0,7.0,100000000,0.5974558580626654,1.5974558580626654,59.74558580626655,高値,中度,154154490.3030472,96500000.0,True,30,要人手査定
23755,13115,東京都杉並区荻窪,中古マンション等,30,20.0,4.0,34000000,0.5971361232269221,1.597136123226922,59.713612322692214,高値,中度,39928403.080673054,25000000.0,True,30,要人手査定
14449,13109,東京都品川区西五反田,中古マンション等,35,47.0,2.0,32000000,0.5969966413085718,1.5969966413085719,59.69966413085718,高値,中度,40723414.35336858,25500000.0,True,30,要人手査定
13103,13109,東京都品川区上大崎,中古マンション等,65,48.0,5.0,62000000,0.5968241539142436,1.5968241539142436,59.68241539142436,高値,中度,72655499.00309809,45500000.0,True,30,要人手査定
37474,13211,東京都小平市学園西町,中古マンション等,70,44.0,2.0,33000000,0.5959483729698886,1.5959483729698885,59.59483729698886,高値,中度,32716941.645882715,20500000.0,True,30,要人手査定
14464,13109,東京都品川区西五反田,中古マンション等,75,2.0,4.0,220000000,0.5957777552944017,1.5957777552944017,59.57777552944017,高値,中度,223408885.74121624,140000000.0,True,30,要人手査定
31849,13122,東京都葛飾区西新小岩,中古マンション等,70,47.0,3.0,48000000,0.5956163550868001,1.5956163550868,59.56163550868001,高値,中度,43081641.5873436,27000000.0,True,30,要人手査定
30759,13121,東京都足立区千住,中古マンション等,70,5.0,3.0,110000000,0.5955982591763885,1.5955982591763884,59.559825917638854,高値,中度,106107284.23522983,66500000.0,True,30,要人手査定
22006,13114,東京都中野区中野,中古マンション等,60,9.0,6.0,160000000,0.595548682468374,1.595548682468374,59.5548682468374,高値,中度,142801607.08091947,89500000.0,True,30,要人手査定
37578,13212,東京都日野市平山,中古マンション等,20,36.0,6.0,3500000,0.5952704600289687,0.40472953997103134,-59.52704600289687,安値,重度,3298545.7507639052,8150000.0,True,30,要人手査定
13107,13109,東京都品川区上大崎,中古マンション等,45,9.0,2.0,130000000,0.5950560891430359,1.5950560891430359,59.505608914303586,高値,中度,145150104.11201626,91000000.0,True,30,要人手査定
31338,13121,東京都足立区千住寿町,中古マンション等,60,29.0,11.0,40000000,0.5950194103142885,1.5950194103142885,59.50194103142885,高値,中度,52635640.54037152,33000000.0,True,30,要人手査定
30762,13121,東京都足立区千住曙町,中古マンション等,85,17.0,15.0,93000000,0.5948239517104001,1.5948239517104001,59.48239517104001,高値,中度,67780017.947692,42500000.0,True,30,要人手査定
34526,13202,東京都立川市高松町,中古マンション等,85,10.0,19.0,73000000,0.5944205793129809,1.5944205793129809,59.44205793129809,高値,中度,71748926.06908414,45000000.0,True,30,要人手査定
24881,13116,東京都豊島区池袋,中古マンション等,20,21.0,9.0,25000000,0.5940444673618985,1.5940444673618985,59.404446736189854,高値,中度,35866000.51564272,22500000.0,True,30,要人手査定
4549,13103,東京都港区六本木,中古マンション等,40,44.0,5.0,85000000,0.5938668533787804,1.5938668533787803,59.38668533787804,高値,中度,63754674.135151215,40000000.0,True,30,要人手査定
18443,13112,東京都世田谷区玉川,中古マンション等,85,16.0,6.0,140000000,0.5938074107623617,1.5938074107623617,59.38074107623616,高値,中度,167349778.13004798,105000000.0,True,30,要人手査定
31852,13122,東京都葛飾区西新小岩,中古マンション等,65,31.0,10.0,58000000,0.5937133159790701,1.59371331597907,59.37133159790701,高値,中度,50998826.11133024,32000000.0,True,30,要人手査定
27947,13119,東京都板橋区前野町,中古マンション等,40,2.0,10.0,36000000,0.593668400723155,1.593668400723155,59.3668400723155,高値,中度,43825881.01988676,27500000.0,True,30,要人手査定
34966,13204,東京都三鷹市新川,中古マンション等,75,47.0,22.0,23000000,0.5932702703457187,0.4067297296542813,-59.32702703457187,安値,重度,19116297.29375122,47000000.0,True,30,要人手査定
27652,13119,東京都板橋区加賀,中古マンション等,80,43.0,9.0,45000000,0.5930137138521308,1.5930137138521308,59.30137138521307,高値,中度,61331027.983307034,38500000.0,True,30,要人手査定
14510,13109,東京都品川区西五反田,中古マンション等,60,3.0,9.0,190000000,0.5929997257580776,1.5929997257580777,59.29997257580776,高値,中度,175229969.83338854,110000000.0,True,30,要人手査定
37698,13212,東京都日野市東豊田,中古マンション等,45,54.0,9.0,13000000,0.5922825032471333,1.5922825032471333,59.22825032471333,高値,中度,12977102.401464136,8150000.0,True,30,要人手査定
13105,13109,東京都品川区上大崎,中古マンション等,160,33.0,7.0,310000000,0.5920165257103067,1.5920165257103067,59.20165257103067,高値,中度,310443222.5135098,195000000.0,True,30,要人手査定
29106,13120,東京都練馬区桜台,中古マンション等,30,35.0,1.0,19000000,0.5916877749173607,1.5916877749173608,59.168777491736066,高値,中度,17508565.524090968,11000000.0,True,30,要人手査定
12494,13108,東京都江東区佐賀,中古マンション等,25,20.0,7.0,30000000,0.5914330210304981,1.591433021030498,59.14330210304981,高値,中度,39785825.52576245,25000000.0,True,30,要人手査定
2484,13103,東京都港区元麻布,中古マンション等,80,24.0,8.0,500000000,0.591318237437135,1.591318237437135,59.1318237437135,高値,中度,302350465.11305565,190000000.0,True,30,要人手査定
12498,13108,東京都江東区佐賀,中古マンション等,30,14.0,11.0,44000000,0.5910676710272033,1.5910676710272034,59.106767102720326,高値,中度,43754360.95324809,27500000.0,False,30,要人手査定
37785,13213,東京都東村山市本町,中古マンション等,15,39.0,10.0,3500000,0.590833885049954,0.409166114950046,-59.083388504995405,安値,重度,3416537.059832884,8350000.0,True,30,要人手査定
36534,13208,東京都調布市仙川町,中古マンション等,90,11.0,7.0,100000000,0.5907602556934646,1.5907602556934646,59.076025569346456,高値,中度,101808656.36438173,64000000.0,True,30,要人手査定
10820,13108,東京都江東区亀戸,中古マンション等,25,52.0,13.0,5500000,0.5905335645981237,0.4094664354018764,-59.05335645981237,安値,重度,10850860.538149724,26500000.0,True,30,要人手査定
29256,13120,東京都練馬区石神井町,中古マンション等,105,24.0,2.0,120000000,0.5903336679153354,1.5903336679153353,59.03336679153354,高値,中度,112118523.58803114,70500000.0,True,30,要人手査定
527,13101,東京都千代田区平河町,中古マンション等,30,47.0,4.0,26000000,0.5901452449671012,1.5901452449671012,59.014524496710116,高値,中度,32597977.521825574,20500000.0,True,30,要人手査定
20123,13112,東京都世田谷区下馬,中古マンション等,30,31.0,6.0,48000000,0.5898438791129637,1.5898438791129637,58.984387911296366,高値,中度,31001955.64270279,19500000.0,True,30,要人手査定
38865,13224,東京都多摩市貝取,中古マンション等,20,35.0,10.0,4700000,0.589558672846324,0.410441327153676,-58.955867284632404,安値,重度,5130516.58942095,12500000.0,True,30,要人手査定
26532,13118,東京都荒川区西日暮里,中古マンション等,85,18.0,2.0,190000000,0.5895403013411284,1.5895403013411284,58.95403013411284,高値,中度,120010292.7512552,75500000.0,True,30,要人手査定
32435,13122,東京都葛飾区堀切,中古マンション等,60,38.0,6.0,38000000,0.5895173397730187,1.5895173397730187,58.95173397730187,高値,中度,36558898.81477943,23000000.0,True,30,要人手査定
30007,13120,東京都練馬区貫井,中古マンション等,35,54.0,8.0,30000000,0.5894526608279492,1.5894526608279491,58.94526608279492,高値,中度,25431242.573247187,16000000.0,True,30,要人手査定
15109,13110,東京都目黒区洗足,中古マンション等,35,57.0,2.0,22000000,0.5894004884370756,0.41059951156292435,-58.94004884370756,安値,重度,14576282.660483815,35500000.0,True,30,要人手査定
18927,13112,東京都世田谷区奥沢,中古マンション等,80,42.0,5.0,85000000,0.5892472884841131,1.5892472884841131,58.92472884841131,高値,中度,102506450.1072253,64500000.0,True,30,要人手査定
2504,13103,東京都港区元麻布,中古マンション等,65,25.0,4.0,220000000,0.5889867446482033,1.5889867446482033,58.89867446482033,高値,中度,214513210.52750745,135000000.0,True,30,要人手査定
28059,13119,東京都板橋区板橋,中古マンション等,45,53.0,6.0,35000000,0.5885383885691443,1.5885383885691444,58.85383885691443,高値,中度,31770767.771382887,20000000.0,True,30,要人手査定
19678,13112,東京都世田谷区三宿,中古マンション等,30,30.0,12.0,32000000,0.5885336278923688,1.5885336278923687,58.85336278923688,高値,中度,31770672.557847377,20000000.0,True,30,要人手査定
33704,13201,東京都八王子市明神町,中古マンション等,75,44.0,1.0,35000000,0.588515525776089,1.588515525776089,58.8515525776089,高値,中度,28593279.463969603,18000000.0,True,30,要人手査定
3847,13103,東京都港区赤坂,中古マンション等,95,17.0,8.0,380000000,0.5885022134762004,1.5885022134762004,58.850221347620035,高値,中度,333585464.83000207,210000000.0,True,30,要人手査定
20199,13112,東京都世田谷区玉川,中古マンション等,70,16.0,6.0,160000000,0.5884433810550556,1.5884433810550556,58.84433810550556,高値,中度,154079007.96234038,97000000.0,True,30,要人手査定
8656,13106,東京都台東区台東,中古マンション等,70,18.0,8.0,140000000,0.5881755896521501,1.58817558965215,58.817558965215014,高値,中度,120701344.8135634,76000000.0,True,30,要人手査定
2966,13103,東京都港区南青山,中古マンション等,60,20.0,10.0,180000000,0.5880889152537849,1.588088915253785,58.80889152537849,高値,中度,151662491.40673646,95500000.0,True,30,要人手査定
26043,13117,東京都北区滝野川,中古マンション等,30,14.0,4.0,40000000,0.5874936003052482,1.5874936003052482,58.74936003052482,高値,中度,39687340.007631205,25000000.0,True,30,要人手査定
25166,13116,東京都豊島区東池袋,中古マンション等,50,42.0,0.0,58000000,0.5874505263835684,1.5874505263835683,58.745052638356846,高値,中度,60323120.0025756,38000000.0,True,30,要人手査定
10626,13108,東京都江東区亀戸,中古マンション等,25,52.0,13.0,12000000,0.5873392793362846,0.41266072066371534,-58.73392793362846,安値,重度,10935509.097588457,26500000.0,True,30,要人手査定
30563,13121,東京都足立区千住東,中古マンション等,65,41.0,9.0,50000000,0.5873131695062244,1.5873131695062244,58.731316950622436,高値,中度,46032081.915680505,29000000.0,True,30,要人手査定
34817,13203,東京都武蔵野市中町,中古マンション等,90,16.0,2.0,190000000,0.586999933797977,1.586999933797977,58.6999933797977,高値,中度,141242994.10801995,89000000.0,True,30,要人手査定
35438,13206,東京都府中市宮西町,中古マンション等,15,39.0,5.0,7000000,0.5869650040055997,0.4130349959944003,-58.69650040055997,安値,重度,6402042.437913205,15500000.0,True,30,要人手査定
182,13101,東京都千代田区麹町,中古マンション等,45,7.0,2.0,95000000,0.5867235749066189,1.5867235749066189,58.67235749066189,高値,中度,113450735.60582325,71500000.0,True,30,要人手査定
38056,13214,東京都国分寺市本町,中古マンション等,20,43.0,4.0,6500000,0.5860559011170039,0.41394409888299605,-58.60559011170039,安値,重度,9106770.175425913,22000000.0,True,30,要人手査定
38787,13223,東京都武蔵村山市伊奈平,中古マンション等,60,18.0,26.0,15000000,0.5859456419013445,1.5859456419013445,58.59456419013445,高値,中度,17128212.93253452,10800000.0,True,18,要人手査定
20365,13112,東京都世田谷区松原,中古マンション等,20,32.0,5.0,27000000,0.5857034540328857,1.5857034540328858,58.57034540328857,高値,中度,22199848.3564604,14000000.0,True,30,要人手査定
6035,13104,東京都新宿区下落合,中古マンション等,45,57.0,5.0,49000000,0.5855027040361019,1.585502704036102,58.55027040361019,高値,中度,44394075.713010855,28000000.0,True,30,要人手査定
39264,13225,東京都稲城市若葉台,中古マンション等,105,23.0,6.0,58000000,0.5853984818892949,1.585398481889295,58.53984818892949,高値,中度,55488946.86612532,35000000.0,True,30,要人手査定
12712,13108,東京都江東区東陽,中古マンション等,35,52.0,7.0,25000000,0.5850551594329368,1.5850551594329367,58.50551594329369,高値,中度,31701103.188658737,20000000.0,True,30,要人手査定
21486,13113,東京都渋谷区渋谷,中古マンション等,90,25.0,9.0,270000000,0.5850430247699395,1.5850430247699396,58.50430247699395,高値,中度,301158174.7062885,190000000.0,True,30,要人手査定
21503,13113,東京都渋谷区神宮前,中古マンション等,95,13.0,7.0,300000000,0.5848808218235992,1.5848808218235992,58.488082182359925,高値,中度,332824972.58295584,210000000.0,True,30,要人手査定
39513,13229,東京都西東京市向台町,中古マンション等,20,39.0,9.0,4100000,0.5848626352638508,0.41513736473614915,-58.48626352638509,安値,重度,6434629.153410312,15500000.0,True,30,要人手査定
20795,13113,東京都渋谷区本町,中古マンション等,35,58.0,10.0,16000000,0.5842230523084757,0.4157769476915243,-58.42230523084757,安値,重度,16215300.959969448,39000000.0,True,30,要人手査定
36414,13208,東京都調布市国領町,中古マンション等,20,34.0,3.0,8200000,0.5841899362206796,0.4158100637793204,-58.41899362206796,安値,重度,8316201.275586408,20000000.0,True,30,要人手査定
33754,13201,東京都八王子市大和田町,中古マンション等,30,33.0,26.0,4600000,0.5839454123010624,0.41605458769893755,-58.39454123010624,安値,重度,6864900.697032469,16500000.0,True,30,要人手査定
188,13101,東京都千代田区五番町,中古マンション等,100,55.0,4.0,130000000,0.5837899906608611,1.5837899906608612,58.37899906608611,高値,中度,145708679.14079922,92000000.0,True,30,要人手査定
26295,13118,東京都荒川区荒川,中古マンション等,130,20.0,1.0,130000000,0.5835965375600163,1.5835965375600163,58.35965375600163,高値,中度,134605705.69260138,85000000.0,True,30,要人手査定
23846,13115,東京都杉並区高円寺南,中古マンション等,25,43.0,6.0,17000000,0.5835543636091566,1.5835543636091565,58.35543636091566,高値,中度,18210875.1815053,11500000.0,True,30,要人手査定
21937,13114,東京都中野区中野,中古マンション等,65,30.0,2.0,120000000,0.5832659541688362,1.5832659541688363,58.32659541688362,高値,中度,102912287.02097435,65000000.0,True,30,要人手査定
35817,13206,東京都府中市住吉町,中古マンション等,60,48.0,11.0,23000000,0.583227043973683,1.583227043973683,58.3227043973683,高値,中度,26914859.74755261,17000000.0,True,30,要人手査定
35753,13206,東京都府中市緑町,中古マンション等,85,17.0,7.0,68000000,0.5829525880341037,1.5829525880341035,58.29525880341036,高値,中度,71232866.46153466,45000000.0,True,30,要人手査定
26196,13117,東京都北区堀船,中古マンション等,35,17.0,3.0,42000000,0.5828345717170135,1.5828345717170134,58.28345717170135,高値,中度,41945116.15050086,26500000.0,True,30,要人手査定
7003,13105,東京都文京区音羽,中古マンション等,145,41.0,3.0,130000000,0.5828268224306705,1.5828268224306705,58.28268224306705,高値,中度,189939218.69168046,120000000.0,True,30,要人手査定
17675,13111,東京都大田区仲池上,中古マンション等,35,34.0,6.0,31000000,0.5828143527908413,1.5828143527908414,58.28143527908413,高値,中度,30864879.879421405,19500000.0,True,30,要人手査定
1477,13102,東京都中央区銀座,中古マンション等,25,45.0,1.0,39000000,0.5826888767103726,1.5826888767103726,58.26888767103726,高値,中度,31653777.534207452,20000000.0,True,30,要人手査定
14446,13109,東京都品川区西五反田,中古マンション等,30,21.0,2.0,44000000,0.5826566422989432,1.5826566422989432,58.26566422989432,高値,中度,44314385.98437041,28000000.0,True,30,要人手査定
34941,13203,東京都武蔵野市中町,中古マンション等,85,16.0,2.0,150000000,0.5824539824721323,1.5824539824721322,58.24539824721323,高値,中度,127387545.58900665,80500000.0,True,30,要人手査定
38011,13214,東京都国分寺市西町,中古マンション等,65,61.0,5.0,2000000,0.5820058807967913,0.4179941192032087,-58.20058807967913,安値,重度,12121829.456893053,29000000.0,True,30,要人手査定
2120,13102,東京都中央区築地,中古マンション等,30,55.0,2.0,27000000,0.580942683753927,1.580942683753927,58.0942683753927,高値,中度,29247439.64944765,18500000.0,True,30,要人手査定
38660,13222,東京都東久留米市東本町,中古マンション等,15,44.0,3.0,4300000,0.5805253712754948,0.41947462872450525,-58.05253712754948,安値,重度,4404483.601607305,10500000.0,True,30,要人手査定
16482,13111,東京都大田区大森北,中古マンション等,40,2.0,3.0,80000000,0.5803486627715576,1.5803486627715575,58.034866277155764,高値,中度,66374643.83640542,42000000.0,True,30,要人手査定
21204,13113,東京都渋谷区恵比寿,中古マンション等,35,43.0,3.0,70000000,0.5800959310855528,1.5800959310855527,58.00959310855528,高値,中度,56093405.55353712,35500000.0,True,30,要人手査定
5020,13104,東京都新宿区西新宿,中古マンション等,110,25.0,10.0,290000000,0.5798238461583392,1.5798238461583392,57.982384615833915,高値,中度,236973576.92375088,150000000.0,True,30,要人手査定
6129,13104,東京都新宿区新宿,中古マンション等,30,3.0,8.0,53000000,0.5795174985478359,1.5795174985478357,57.951749854783586,高値,中度,63180699.94191343,40000000.0,True,30,要人手査定
34907,13203,東京都武蔵野市境南町,中古マンション等,20,41.0,3.0,8100000,0.5791610295771931,0.42083897042280694,-57.9161029577193,安値,重度,10100135.290147366,24000000.0,True,30,要人手査定
21940,13114,東京都中野区中野,中古マンション等,80,9.0,6.0,200000000,0.5790359096208526,1.5790359096208526,57.90359096208526,高値,中度,173693950.0582938,110000000.0,True,30,要人手査定
7909,13106,東京都台東区東上野,中古マンション等,45,1.0,5.0,98000000,0.5789566662919075,1.5789566662919075,57.89566662919074,高値,中度,94737399.97751445,60000000.0,True,30,要人手査定
37997,13214,東京都国分寺市西町,中古マンション等,55,61.0,5.0,13000000,0.5789542170109617,0.4210457829890383,-57.895421701096176,安値,重度,10947190.357714996,26000000.0,True,30,要人手査定
5320,13104,東京都新宿区四谷,中古マンション等,35,11.0,4.0,75000000,0.578932787168962,1.578932787168962,57.893278716896205,高値,中度,73420374.60335673,46500000.0,True,30,要人手査定
8989,13107,東京都墨田区太平,中古マンション等,80,20.0,6.0,150000000,0.5787911685439658,1.578791168543966,57.879116854396585,高値,中度,113672964.13516554,72000000.0,True,30,要人手査定
20160,13112,東京都世田谷区代沢,中古マンション等,95,27.0,6.0,150000000,0.5783647603941175,1.5783647603941175,57.83647603941176,高値,中度,150733834.61763823,95500000.0,True,30,要人手査定
16670,13111,東京都大田区山王,中古マンション等,80,19.0,9.0,110000000,0.578360471033213,1.5783604710332129,57.8360471033213,高値,中度,110485232.97232491,70000000.0,True,30,要人手査定
35445,13206,東京都府中市宮西町,中古マンション等,95,23.0,5.0,86000000,0.5782628587620023,1.5782628587620025,57.82628587620023,高値,中度,70232697.2149091,44500000.0,True,30,要人手査定
29281,13120,東京都練馬区豊玉北,中古マンション等,115,25.0,3.0,160000000,0.5779629333459358,1.577962933345936,57.796293334593585,高値,中度,111246386.80088848,70500000.0,True,30,要人手査定
13319,13109,東京都品川区西五反田,中古マンション等,105,2.0,4.0,350000000,0.5777278503405129,1.577727850340513,57.77278503405129,高値,中度,323434209.31980515,205000000.0,True,30,要人手査定
21642,13113,東京都渋谷区広尾,中古マンション等,85,44.0,8.0,110000000,0.5776902153661078,1.5776902153661079,57.76902153661078,高値,中度,165657472.61344132,105000000.0,True,30,要人手査定
15372,13110,東京都目黒区中目黒,中古マンション等,55,53.0,5.0,75000000,0.5774116030715832,1.5774116030715832,57.741160307158324,高値,中度,73349639.54282862,46500000.0,True,30,要人手査定
13285,13109,東京都品川区西五反田,中古マンション等,80,3.0,9.0,230000000,0.5773725374506299,1.5773725374506298,57.737253745062986,高値,中度,228719017.93034133,145000000.0,True,30,要人手査定
13278,13109,東京都品川区西五反田,中古マンション等,80,3.0,9.0,240000000,0.5773725374506299,1.5773725374506298,57.737253745062986,高値,中度,228719017.93034133,145000000.0,True,30,要人手査定
15788,13110,東京都目黒区東山,中古マンション等,85,21.0,8.0,260000000,0.577167988941239,1.5771679889412389,57.7167988941239,高値,中度,212917678.50706726,135000000.0,True,30,要人手査定
37512,13212,東京都日野市多摩平,中古マンション等,85,6.0,2.0,65000000,0.5771447123581035,1.5771447123581035,57.71447123581035,高値,中度,65451505.56286129,41500000.0,True,30,要人手査定
32287,13122,東京都葛飾区新小岩,中古マンション等,100,23.0,4.0,99000000,0.5771156231082639,1.577115623108264,57.711562310826395,高値,中度,90684148.32872517,57500000.0,True,30,要人手査定
39232,13225,東京都稲城市大丸,中古マンション等,70,52.0,8.0,21000000,0.5769913772178422,1.5769913772178423,57.69913772178422,高値,中度,18923896.526614107,12000000.0,True,30,要人手査定
22150,13114,東京都中野区本町,中古マンション等,35,43.0,5.0,33000000,0.5769120338598444,1.5769120338598444,57.69120338598444,高値,中度,31538240.677196886,20000000.0,True,30,要人手査定
37617,13212,東京都日野市南平,中古マンション等,15,43.0,11.0,2500000,0.5768834901001336,0.4231165098998664,-57.68834901001336,安値,重度,3448399.555683911,8150000.0,True,30,要人手査定
4444,13103,東京都港区三田,中古マンション等,125,2.0,7.0,950000000,0.5766365663745145,1.5766365663745145,57.66365663745145,高値,中度,985397853.9840716,625000000.0,True,30,要人手査定
137,13101,東京都千代田区二番町,中古マンション等,35,29.0,5.0,51000000,0.5766187711782295,1.5766187711782296,57.66187711782295,高値,中度,52028419.448881574,33000000.0,True,30,要人手査定
24138,13116,東京都豊島区駒込,中古マンション等,85,45.0,4.0,50000000,0.5765240750782511,1.5765240750782512,57.65240750782511,高値,中度,88285348.20438206,56000000.0,True,30,要人手査定
10889,13108,東京都江東区豊洲,中古マンション等,120,26.0,12.0,140000000,0.5764383929849136,1.5764383929849135,57.643839298491365,高値,中度,157643839.29849136,100000000.0,True,30,要人手査定
34960,13204,東京都三鷹市新川,中古マンション等,50,49.0,23.0,20000000,0.5760113827716243,0.42398861722837555,-57.601138277162434,安値,重度,16323561.76329246,38500000.0,True,30,要人手査定
38027,13214,東京都国分寺市西町,中古マンション等,55,61.0,5.0,16000000,0.5756322061861374,0.42436779381386264,-57.56322061861374,安値,重度,11033562.639160428,26000000.0,True,30,要人手査定
12385,13108,東京都江東区亀戸,中古マンション等,25,52.0,13.0,6200000,0.5754964817735705,0.42450351822642957,-57.54964817735705,安値,重度,11249343.233000383,26500000.0,True,30,要人手査定
22021,13114,東京都中野区中野,中古マンション等,60,9.0,7.0,130000000,0.5754107891337653,1.5754107891337654,57.54107891337653,高値,中度,135485327.86550382,86000000.0,True,30,要人手査定
6953,13105,東京都文京区大塚,中古マンション等,110,15.0,1.0,340000000,0.5751831882260613,1.5751831882260614,57.518318822606126,高値,中度,252029310.1161698,160000000.0,True,30,要人手査定
31703,13122,東京都葛飾区東新小岩,中古マンション等,65,52.0,7.0,27000000,0.574907577847696,1.574907577847696,57.4907577847696,高値,中度,33860512.92372546,21500000.0,True,30,要人手査定
48,13101,東京都千代田区平河町,中古マンション等,50,44.0,3.0,68000000,0.5748388556211833,1.5748388556211834,57.48388556211833,高値,中度,67718070.79171088,43000000.0,True,30,要人手査定
29148,13120,東京都練馬区上石神井,中古マンション等,85,3.0,24.0,82000000,0.5746403121977443,1.5746403121977441,57.46403121977443,高値,中度,77944695.45378834,49500000.0,True,30,要人手査定
22554,13114,東京都中野区中野,中古マンション等,55,9.0,6.0,120000000,0.5745657615186863,1.5745657615186863,57.45657615186863,高値,中度,135412655.49060702,86000000.0,True,30,要人手査定
21171,13113,東京都渋谷区千駄ケ谷,中古マンション等,95,3.0,1.0,440000000,0.5743095602163192,1.574309560216319,57.43095602163192,高値,中度,440806676.86056936,280000000.0,True,30,要人手査定
39537,13229,東京都西東京市谷戸町,中古マンション等,75,1.0,2.0,96000000,0.5742347223141757,1.5742347223141757,57.42347223141757,高値,中度,88157144.44959384,56000000.0,True,30,要人手査定
39538,13229,東京都西東京市谷戸町,中古マンション等,75,1.0,2.0,96000000,0.5742347223141757,1.5742347223141757,57.42347223141757,高値,中度,88157144.44959384,56000000.0,True,30,要人手査定
10894,13108,東京都江東区豊洲,中古マンション等,105,5.0,5.0,310000000,0.5740102878244827,1.5740102878244826,57.40102878244827,高値,中度,299061954.6866517,190000000.0,True,30,要人手査定
8913,13107,東京都墨田区太平,中古マンション等,85,20.0,4.0,170000000,0.5734836097804232,1.5734836097804232,57.34836097804232,高値,中度,117224528.92864153,74500000.0,True,30,要人手査定
34573,13202,東京都立川市上砂町,中古マンション等,60,28.0,5.0,20000000,0.5733914156210085,0.42660858437899146,-57.33914156210085,安値,重度,17064343.37515966,40000000.0,True,30,要人手査定
37930,13213,東京都東村山市本町,中古マンション等,15,40.0,8.0,3300000,0.5733352940658538,0.4266647059341462,-57.333529406585384,安値,重度,4437312.94171512,10400000.0,True,30,要人手査定
31352,13121,東京都足立区千住関屋町,中古マンション等,60,47.0,7.0,37000000,0.5733153175061351,1.5733153175061352,57.33153175061351,高値,中度,39332882.93765338,25000000.0,True,30,要人手査定
15475,13110,東京都目黒区東山,中古マンション等,25,40.0,8.0,20000000,0.5732085690264639,1.5732085690264639,57.32085690264639,高値,中度,25171337.104423422,16000000.0,True,30,要人手査定
9127,13107,東京都墨田区太平,中古マンション等,65,20.0,5.0,120000000,0.5731932701969639,1.573193270196964,57.31932701969639,高値,中度,99111176.02240872,63000000.0,True,30,要人手査定
6291,13104,東京都新宿区西新宿,中古マンション等,20,48.0,4.0,29000000,0.572771573931532,1.572771573931532,57.2771573931532,高値,中度,24377959.395938747,15500000.0,True,30,要人手査定
4429,13103,東京都港区東新橋,中古マンション等,65,24.0,3.0,210000000,0.5725868129150482,1.5725868129150482,57.25868129150482,高値,中度,251613890.0664077,160000000.0,True,30,要人手査定
13115,13109,東京都品川区上大崎,中古マンション等,60,54.0,4.0,70000000,0.5725111751929098,1.5725111751929097,57.251117519290986,高値,中度,69190491.70848803,44000000.0,True,30,要人手査定
39380,13227,東京都羽村市玉川,中古マンション等,65,20.0,16.0,21000000,0.5725101488159594,1.5725101488159594,57.25101488159594,高値,中度,23587652.23223939,15000000.0,True,30,要人手査定
39275,13225,東京都稲城市若葉台,中古マンション等,115,25.0,11.0,59000000,0.572331403448621,1.5723314034486209,57.2331403448621,高値,中度,58176261.927598976,37000000.0,True,30,要人手査定
21536,13113,東京都渋谷区千駄ケ谷,中古マンション等,95,3.0,1.0,510000000,0.5721411500827368,1.5721411500827367,57.21411500827368,高値,中度,440199522.0231663,280000000.0,True,30,要人手査定
14069,13109,東京都品川区大崎,中古マンション等,70,42.0,5.0,80000000,0.5720457026091725,1.5720457026091725,57.20457026091725,高値,中度,87248536.49480908,55500000.0,True,30,要人手査定
29112,13120,東京都練馬区石神井町,中古マンション等,75,24.0,1.0,93000000,0.5718785218401912,1.5718785218401912,57.187852184019114,高値,中度,93526772.04949138,59500000.0,True,30,要人手査定
13587,13109,東京都品川区東五反田,中古マンション等,95,14.0,8.0,240000000,0.5718303583647223,1.5718303583647224,57.18303583647223,高値,中度,220056250.17106113,140000000.0,True,30,要人手査定
34440,13202,東京都立川市錦町,中古マンション等,25,34.0,8.0,8100000,0.5716566139957555,1.5716566139957555,57.165661399575555,高値,中度,8801277.03837623,5600000.0,True,30,要人手査定
20642,13113,東京都渋谷区広尾,中古マンション等,65,21.0,3.0,78000000,0.5716542982861152,1.5716542982861152,57.16542982861152,高値,中度,157165429.82861152,100000000.0,True,30,要人手査定
5169,13104,東京都新宿区南元町,中古マンション等,90,10.0,11.0,220000000,0.5712965629044329,1.5712965629044329,57.129656290443286,高値,中度,219981518.8066206,140000000.0,True,30,要人手査定
38015,13214,東京都国分寺市西町,中古マンション等,65,61.0,5.0,13000000,0.5710801710427277,0.4289198289572724,-57.10801710427277,安値,重度,12438675.039760899,29000000.0,True,30,要人手査定
216,13101,東京都千代田区内神田,中古マンション等,50,11.0,5.0,110000000,0.5706463262654543,1.5706463262654542,57.06463262654543,高値,中度,124866382.93810362,79500000.0,True,30,要人手査定
13213,13109,東京都品川区大井,中古マンション等,70,7.0,5.0,200000000,0.5706043321550484,1.5706043321550482,57.06043321550484,高値,中度,188472519.8586058,120000000.0,True,30,要人手査定
16812,13111,東京都大田区山王,中古マンション等,75,10.0,7.0,130000000,0.5705142950785657,1.5705142950785655,57.05142950785657,高値,中度,135849486.52429593,86500000.0,True,30,要人手査定
16814,13111,東京都大田区山王,中古マンション等,75,10.0,7.0,140000000,0.5705142950785657,1.5705142950785655,57.05142950785657,高値,中度,135849486.52429593,86500000.0,True,30,要人手査定
9668,13107,東京都墨田区亀沢,中古マンション等,50,39.0,10.0,52000000,0.5704687107648913,1.5704687107648914,57.046871076489126,高値,中度,53395936.166006304,34000000.0,True,30,要人手査定
36995,13209,東京都町田市能ヶ谷,中古マンション等,65,37.0,7.0,19000000,0.5701331182654046,0.4298668817345954,-57.01331182654046,安値,重度,14400540.538108947,33500000.0,True,30,要人手査定
39263,13225,東京都稲城市若葉台,中古マンション等,115,25.0,10.0,54000000,0.5697622681483812,1.5697622681483812,56.976226814838114,高値,中度,57296322.787415914,36500000.0,True,30,要人手査定
3924,13103,東京都港区西麻布,中古マンション等,95,46.0,8.0,130000000,0.5696785678974581,1.569678567897458,56.96785678974581,高値,中度,164031410.34528437,104500000.0,True,30,要人手査定
17681,13111,東京都大田区仲池上,中古マンション等,15,38.0,16.0,7700000,0.5695917206129664,0.4304082793870336,-56.959172061296634,安値,重度,8177757.308353638,19000000.0,True,30,要人手査定
11788,13108,東京都江東区白河,中古マンション等,80,42.0,9.0,82000000,0.569284620306038,1.569284620306038,56.9284620306038,高値,中度,78464231.0153019,50000000.0,True,30,要人手査定
27888,13119,東京都板橋区前野町,中古マンション等,40,2.0,11.0,33000000,0.5691142961415433,1.5691142961415434,56.91142961415433,高値,中度,42366085.99582167,27000000.0,False,30,要人手査定
37748,13213,東京都東村山市本町,中古マンション等,20,39.0,8.0,3300000,0.5690507352765186,0.43094926472348133,-56.905073527651865,安値,重度,4481872.353124206,10400000.0,True,30,要人手査定
34650,13202,東京都立川市富士見町,中古マンション等,40,58.0,19.0,2000000,0.5682078269008088,0.43179217309919116,-56.82078269008088,安値,重度,4749713.904091103,11000000.0,True,30,要人手査定
37418,13211,東京都小平市花小金井南町,中古マンション等,20,39.0,6.0,5600000,0.5681754161907983,0.4318245838092017,-56.817541619079826,安値,重度,6693281.049042626,15500000.0,True,30,要人手査定
21869,13114,東京都中野区中野,中古マンション等,75,9.0,6.0,200000000,0.5681498025572996,1.5681498025572995,56.814980255729964,高値,中度,172496478.28130296,110000000.0,True,30,要人手査定
11157,13108,東京都江東区豊洲,中古マンション等,105,5.0,4.0,310000000,0.5681005958024007,1.5681005958024006,56.81005958024007,高値,中度,305779616.1814681,195000000.0,True,30,要人手査定
29108,13120,東京都練馬区石神井町,中古マンション等,110,24.0,2.0,120000000,0.568077448437711,1.5680774484377111,56.807744843771104,高値,中度,108197343.94220206,69000000.0,True,30,要人手査定
8657,13106,東京都台東区台東,中古マンション等,70,18.0,8.0,110000000,0.5677787290603142,1.5677787290603142,56.777872906031426,高値,中度,119151183.40858388,76000000.0,True,30,要人手査定
34758,13203,東京都武蔵野市中町,中古マンション等,85,16.0,4.0,130000000,0.5673147466372226,1.5673147466372226,56.73147466372226,高値,中度,118332263.3711103,75500000.0,True,30,要人手査定
37026,13209,東京都町田市玉川学園,中古マンション等,50,38.0,9.0,13000000,0.5672602857477718,0.43273971425222824,-56.726028574777175,安値,重度,12116711.999062391,28000000.0,True,30,要人手査定
34443,13202,東京都立川市錦町,中古マンション等,85,20.0,15.0,58000000,0.5671377040818789,1.567137704081879,56.71377040818789,高値,中度,54066250.79082482,34500000.0,True,30,要人手査定
26574,13118,東京都荒川区西日暮里,中古マンション等,35,4.0,3.0,48000000,0.5670556536420317,1.5670556536420317,56.70556536420317,高値,中度,52496364.39700806,33500000.0,True,30,要人手査定
23212,13115,東京都杉並区阿佐谷北,中古マンション等,35,23.0,5.0,53000000,0.5669283313241391,1.5669283313241391,56.69283313241391,高値,中度,46224385.774062105,29500000.0,True,30,要人手査定
22660,13114,東京都中野区本町,中古マンション等,25,55.0,0.0,25000000,0.5666533605511372,1.5666533605511372,56.66533605511373,高値,中度,25066453.768818196,16000000.0,True,30,要人手査定
13055,13109,東京都品川区上大崎,中古マンション等,65,6.0,7.0,120000000,0.5661091802325956,1.5661091802325955,56.61091802325956,高値,中度,155827863.43314326,99500000.0,True,30,要人手査定
15322,13110,東京都目黒区中目黒,中古マンション等,55,56.0,5.0,72000000,0.5660801622266766,1.5660801622266767,56.60801622266766,高値,中度,72039687.46242712,46000000.0,True,30,要人手査定
7691,13105,東京都文京区湯島,中古マンション等,95,9.0,2.0,220000000,0.5658844812162871,1.565884481216287,56.58844812162871,高値,中度,250541516.99460593,160000000.0,True,30,要人手査定
22817,13115,東京都杉並区高円寺北,中古マンション等,40,54.0,5.0,26000000,0.565857340836123,1.565857340836123,56.5857340836123,高値,中度,31317146.81672246,20000000.0,True,30,要人手査定
38398,13219,東京都狛江市岩戸南,中古マンション等,40,55.0,10.0,11000000,0.5657480433359481,0.4342519566640519,-56.574804333594805,安値,重度,9770669.024941169,22500000.0,True,30,要人手査定
21472,13113,東京都渋谷区渋谷,中古マンション等,75,31.0,6.0,310000000,0.5657038282065668,1.5657038282065667,56.57038282065668,高値,中度,195712978.52582085,125000000.0,True,30,要人手査定
7761,13106,東京都台東区東上野,中古マンション等,55,5.0,7.0,110000000,0.5656638337875352,1.565663833787535,56.566383378753514,高値,中度,109596468.36512746,70000000.0,True,30,要人手査定
34791,13203,東京都武蔵野市中町,中古マンション等,80,16.0,3.0,130000000,0.565650193402446,1.565650193402446,56.5650193402446,高値,中度,118206589.60188468,75500000.0,True,30,要人手査定
24317,13116,東京都豊島区南池袋,中古マンション等,85,11.0,6.0,240000000,0.565541784738897,1.565541784738897,56.554178473889706,高値,中度,219175849.86344558,140000000.0,True,30,要人手査定
38274,13215,東京都国立市東,中古マンション等,75,14.0,14.0,63000000,0.5655403889742473,1.5655403889742474,56.55403889742473,高値,中度,62621615.55896989,40000000.0,True,30,要人手査定
12972,13108,東京都江東区三好,中古マンション等,75,45.0,5.0,79000000,0.5653565796648011,1.5653565796648012,56.535657966480116,高値,中度,76702472.40357526,49000000.0,True,30,要人手査定
38026,13214,東京都国分寺市西町,中古マンション等,65,61.0,5.0,11000000,0.5653391595100506,0.43466084048994935,-56.53391595100506,安値,重度,12605164.37420853,29000000.0,True,30,要人手査定
16614,13111,東京都大田区中央,中古マンション等,20,37.0,17.0,7500000,0.5653106595203379,0.43468934047966207,-56.531065952033785,安値,重度,8693786.809593242,20000000.0,True,30,要人手査定
50,13101,東京都千代田区富士見,中古マンション等,50,12.0,3.0,190000000,0.5648561444382963,1.5648561444382965,56.48561444382963,高値,中度,131447916.1328169,84000000.0,True,30,要人手査定
20669,13113,東京都渋谷区代官山町,中古マンション等,100,26.0,1.0,300000000,0.5648331937699548,1.5648331937699549,56.483319376995475,高値,中度,336439136.6605403,215000000.0,True,30,要人手査定
37555,13212,東京都日野市多摩平,中古マンション等,75,3.0,3.0,65000000,0.5645369579170155,1.5645369579170156,56.453695791701556,高値,中度,69621894.62730719,44500000.0,True,30,要人手査定
25182,13116,東京都豊島区南池袋,中古マンション等,75,27.0,5.0,160000000,0.5644118624006054,1.5644118624006054,56.44118624006054,高値,中度,147054715.0656569,94000000.0,True,30,要人手査定
31291,13121,東京都足立区千住,中古マンション等,80,5.0,5.0,150000000,0.5643193090483798,1.5643193090483798,56.43193090483798,高値,中度,109502351.63338658,70000000.0,True,30,要人手査定
6039,13104,東京都新宿区下落合,中古マンション等,45,57.0,5.0,48000000,0.5641679143646926,1.5641679143646927,56.41679143646926,高値,中度,43796701.60221139,28000000.0,True,30,要人手査定
31742,13122,東京都葛飾区東新小岩,中古マンション等,60,40.0,11.0,36000000,0.5640916605501765,1.5640916605501765,56.40916605501764,高値,中度,35974108.19265406,23000000.0,True,30,要人手査定
14279,13109,東京都品川区大井,中古マンション等,70,6.0,5.0,160000000,0.5639407037412991,1.5639407037412991,56.39407037412991,高値,中度,187672884.4489559,120000000.0,True,30,要人手査定
38014,13214,東京都国分寺市西町,中古マンション等,65,61.0,5.0,10000000,0.5637497454460051,0.43625025455399485,-56.37497454460051,安値,重度,12651257.382065851,29000000.0,True,30,要人手査定
23865,13115,東京都杉並区高円寺南,中古マンション等,35,52.0,1.0,36000000,0.5627940654556024,1.5627940654556023,56.27940654556024,高値,中度,32818675.37456765,21000000.0,True,30,要人手査定
29824,13120,東京都練馬区豊玉上,中古マンション等,35,51.0,5.0,28000000,0.5626208441782911,1.562620844178291,56.26208441782911,高値,中度,25001933.506852657,16000000.0,True,30,要人手査定
27897,13119,東京都板橋区加賀,中古マンション等,100,10.0,9.0,130000000,0.5625974942340894,1.5625974942340894,56.25974942340895,高値,中度,117194812.06755671,75000000.0,True,30,要人手査定
35271,13205,東京都青梅市河辺町,中古マンション等,30,36.0,7.0,4700000,0.5624444304539364,1.5624444304539364,56.244443045393645,高値,中度,5468555.5065887775,3500000.0,True,30,要人手査定
13157,13109,東京都品川区上大崎,中古マンション等,40,9.0,2.0,120000000,0.5623597808537678,1.5623597808537677,56.23597808537678,高値,中度,119520523.23531324,76500000.0,True,30,要人手査定
36877,13209,東京都町田市原町田,中古マンション等,90,43.0,5.0,22000000,0.5622671011712214,1.5622671011712215,56.22671011712214,高値,中度,28120807.821081985,18000000.0,True,30,要人手査定
34496,13202,東京都立川市高松町,中古マンション等,70,24.0,7.0,47000000,0.5619488851961221,1.561948885196122,56.194888519612206,高値,中度,54668210.98186427,35000000.0,True,30,要人手査定
31299,13121,東京都足立区千住東,中古マンション等,70,23.0,2.0,65000000,0.5617638730967808,1.5617638730967807,56.17638730967808,高値,中度,66374964.60661318,42500000.0,True,30,要人手査定
16801,13111,東京都大田区北千束,中古マンション等,70,14.0,1.0,160000000,0.5609539858363733,1.5609539858363732,56.09539858363733,高値,中度,127217749.84566443,81500000.0,True,30,要人手査定
36636,13208,東京都調布市多摩川,中古マンション等,20,37.0,3.0,4600000,0.5609324252219053,0.4390675747780947,-56.093242522190536,安値,重度,8561817.708172847,19500000.0,True,30,要人手査定
8829,13106,東京都台東区元浅草,中古マンション等,25,12.0,1.0,28000000,0.56090291572726,1.56090291572726,56.090291572726,高値,中度,45266184.55609054,29000000.0,True,30,要人手査定
7446,13105,東京都文京区小日向,中古マンション等,30,39.0,2.0,38000000,0.5602696609750238,1.5602696609750237,56.02696609750238,高値,中度,37446471.86340057,24000000.0,True,30,要人手査定
39544,13229,東京都西東京市谷戸町,中古マンション等,40,53.0,12.0,5300000,0.5601785153491009,0.43982148465089915,-56.01785153491009,安値,重度,8356608.208367084,19000000.0,True,30,要人手査定
22209,13114,東京都中野区新井,中古マンション等,75,7.0,14.0,130000000,0.5601296173341697,1.5601296173341697,56.012961733416965,高値,中度,124810369.38673358,80000000.0,True,30,要人手査定
38303,13218,東京都福生市大字福生,中古マンション等,20,35.0,2.0,3800000,0.5599570367298278,0.44004296327017217,-55.99570367298278,安値,重度,3344326.5208533085,7600000.0,True,30,要人手査定
34790,13203,東京都武蔵野市中町,中古マンション等,80,16.0,3.0,160000000,0.5599055756807515,1.5599055756807514,55.99055756807515,高値,中度,117772870.96389674,75500000.0,True,30,要人手査定
24427,13116,東京都豊島区目白,中古マンション等,115,20.0,7.0,250000000,0.5598081937269845,1.5598081937269845,55.980819372698456,高値,中度,194976024.21587306,125000000.0,True,30,要人手査定
32362,13122,東京都葛飾区西新小岩,中古マンション等,65,47.0,4.0,45000000,0.5586666531578975,1.5586666531578977,55.86666531578975,高値,中度,42083999.635263234,27000000.0,True,30,要人手査定
37395,13211,東京都小平市花小金井南町,中古マンション等,20,39.0,6.0,6200000,0.5583051401461644,0.44169485985383555,-55.83051401461644,安値,重度,6846270.327734451,15500000.0,True,30,要人手査定
34794,13203,東京都武蔵野市中町,中古マンション等,80,16.0,3.0,130000000,0.5581709194887213,1.5581709194887214,55.81709194887213,高値,中度,117641904.42139846,75500000.0,True,30,要人手査定
6224,13104,東京都新宿区内藤町,中古マンション等,55,25.0,8.0,130000000,0.5581123582678502,1.5581123582678502,55.81123582678502,高値,中度,113742202.15355307,73000000.0,True,30,要人手査定
5303,13104,東京都新宿区西落合,中古マンション等,30,6.0,6.0,33000000,0.5574946385642527,0.4425053614357472,-55.74946385642527,安値,重度,32524144.06552742,73500000.0,True,30,要人手査定
34508,13202,東京都立川市高松町,中古マンション等,65,31.0,12.0,35000000,0.5573441283168554,1.5573441283168554,55.734412831685546,高値,中度,38933603.207921386,25000000.0,True,30,要人手査定
534,13101,東京都千代田区富士見,中古マンション等,55,12.0,3.0,230000000,0.5573406492428019,1.557340649242802,55.73406492428019,高値,中度,163520768.1704942,105000000.0,True,30,要人手査定
22533,13114,東京都中野区中野,中古マンション等,55,9.0,5.0,140000000,0.5571536527163842,1.5571536527163843,55.71536527163842,高値,中度,138586675.0917582,89000000.0,True,30,要人手査定
15436,13110,東京都目黒区東山,中古マンション等,135,7.0,8.0,270000000,0.5571291947840458,1.5571291947840458,55.71291947840458,高値,中度,326997130.9046496,210000000.0,True,30,要人手査定
30942,13121,東京都足立区千住関屋町,中古マンション等,80,46.0,12.0,45000000,0.5570684990234519,1.5570684990234518,55.70684990234519,高値,中度,43597917.97265665,28000000.0,True,30,要人手査定
23734,13115,東京都杉並区梅里,中古マンション等,30,53.0,5.0,28000000,0.5568130686566726,1.5568130686566726,55.68130686566726,高値,中度,29579448.30447678,19000000.0,True,30,要人手査定
30035,13120,東京都練馬区練馬,中古マンション等,70,51.0,5.0,60000000,0.5567160805380755,1.5567160805380755,55.67160805380755,高値,中度,58376853.020177834,37500000.0,True,30,要人手査定
39329,13225,東京都稲城市若葉台,中古マンション等,110,25.0,11.0,58000000,0.5567113531154421,1.556711353115442,55.671135311544205,高値,中度,57598320.065271355,37000000.0,True,30,要人手査定
6800,13105,東京都文京区小石川,中古マンション等,95,23.0,2.0,210000000,0.5565699665981151,1.556569966598115,55.65699665981151,高値,中度,202354095.65775496,130000000.0,True,30,要人手査定
5321,13104,東京都新宿区四谷,中古マンション等,75,2.0,4.0,210000000,0.5563654440843929,1.556365444084393,55.63654440843929,高値,中度,272363952.71476877,175000000.0,True,30,要人手査定
8348,13106,東京都台東区池之端,中古マンション等,70,51.0,3.0,60000000,0.5561898314883977,1.5561898314883977,55.618983148839774,高値,中度,70806637.3327221,45500000.0,True,30,要人手査定
24273,13116,東京都豊島区駒込,中古マンション等,35,4.0,5.0,59000000,0.5561279745283051,1.5561279745283052,55.612797452830506,高値,中度,58354799.04481144,37500000.0,True,30,要人手査定
34534,13202,東京都立川市高松町,中古マンション等,75,10.0,18.0,72000000,0.5561269358398514,1.5561269358398513,55.61269358398514,高値,中度,67691521.70903353,43500000.0,True,30,要人手査定
12860,13108,東京都江東区東砂,中古マンション等,40,57.0,23.0,6500000,0.5557295293606216,0.4442704706393784,-55.57295293606216,安値,重度,10440356.060025392,23500000.0,True,30,要人手査定
35640,13206,東京都府中市府中町,中古マンション等,15,42.0,6.0,4800000,0.5554366575868106,0.4445633424131894,-55.54366575868106,安値,重度,4801284.098062445,10800000.0,True,30,要人手査定
4434,13103,東京都港区東新橋,中古マンション等,65,24.0,3.0,270000000,0.5554286461505784,1.5554286461505784,55.54286461505784,高値,中度,248868583.38409254,160000000.0,True,30,要人手査定
6121,13104,東京都新宿区新宿,中古マンション等,20,42.0,3.0,25000000,0.5551624562902263,1.5551624562902262,55.516245629022634,高値,中度,24105018.072498508,15500000.0,True,30,要人手査定
4688,13104,東京都新宿区市谷左内町,中古マンション等,65,54.0,4.0,39000000,0.5551489959456213,1.5551489959456213,55.51489959456213,高値,中度,78535024.29525387,50500000.0,True,30,要人手査定
22877,13115,東京都杉並区高円寺北,中古マンション等,55,42.0,2.0,66000000,0.5550495520081951,1.555049552008195,55.50495520081951,高値,中度,61424457.3043237,39500000.0,True,30,要人手査定
35623,13206,東京都府中市府中町,中古マンション等,15,42.0,6.0,5300000,0.5548818204971173,0.44511817950288274,-55.48818204971173,安値,重度,4807276.338631134,10800000.0,True,30,要人手査定
29905,13120,東京都練馬区豊玉中,中古マンション等,30,6.0,10.0,38000000,0.5548520285296976,1.5548520285296976,55.48520285296976,高値,中度,40426152.74177214,26000000.0,False,30,要人手査定
37473,13211,東京都小平市学園西町,中古マンション等,55,42.0,9.0,27000000,0.5548341170976918,1.5548341170976918,55.48341170976918,高値,中度,27209597.049209606,17500000.0,True,30,要人手査定
24341,13116,東京都豊島区駒込,中古マンション等,35,4.0,5.0,58000000,0.5547840990171532,1.554784099017153,55.47840990171532,高値,中度,58304403.713143244,37500000.0,True,30,要人手査定
191,13101,東京都千代田区三番町,中古マンション等,115,55.0,8.0,180000000,0.5547837240449592,1.5547837240449593,55.47837240449592,高値,中度,186574046.8853951,120000000.0,True,30,要人手査定
7842,13106,東京都台東区東上野,中古マンション等,80,5.0,6.0,190000000,0.5547260533569022,1.554726053356902,55.47260533569022,高値,中度,171019865.86925924,110000000.0,True,30,要人手査定
14350,13109,東京都品川区北品川,中古マンション等,70,30.0,7.0,120000000,0.5543310660387418,1.554331066038742,55.43310660387418,高値,中度,144552789.141603,93000000.0,True,30,要人手査定
16736,13111,東京都大田区山王,中古マンション等,75,9.0,3.0,140000000,0.5543233890074699,1.55432338900747,55.43233890074699,高値,中度,140666266.70517603,90500000.0,True,30,要人手査定
33521,13201,東京都八王子市南大沢,中古マンション等,130,12.0,10.0,53000000,0.5542168827796142,1.5542168827796143,55.42168827796142,高値,中度,72271085.04925206,46500000.0,True,30,要人手査定
9952,13107,東京都墨田区本所,中古マンション等,25,2.0,8.0,42000000,0.5542154317641607,1.5542154317641608,55.421543176416066,高値,中度,45849355.23704274,29500000.0,True,30,要人手査定
14344,13109,東京都品川区上大崎,中古マンション等,60,15.0,8.0,88000000,0.5541547083514066,1.5541547083514067,55.41547083514066,高値,中度,132880227.56404527,85500000.0,True,30,要人手査定
4859,13104,東京都新宿区西新宿,中古マンション等,95,2.0,6.0,300000000,0.5540832190020961,1.5540832190020961,55.408321900209614,高値,中度,326357475.9904402,210000000.0,True,30,要人手査定
6041,13104,東京都新宿区下落合,中古マンション等,30,9.0,7.0,45000000,0.5537942785191563,1.5537942785191563,55.37942785191563,高値,中度,56713491.1659492,36500000.0,True,30,要人手査定
11035,13108,東京都江東区亀戸,中古マンション等,20,37.0,16.0,7300000,0.5532457861431105,0.44675421385688957,-55.32457861431105,安値,重度,9381838.49099468,21000000.0,True,30,要人手査定
9790,13107,東京都墨田区太平,中古マンション等,65,20.0,10.0,92000000,0.5529516411363473,1.5529516411363473,55.29516411363473,高値,中度,99388905.03272623,64000000.0,True,30,要人手査定
37516,13212,東京都日野市豊田,中古マンション等,70,3.0,1.0,54000000,0.5529401645062817,1.5529401645062817,55.29401645062817,高値,中度,61341136.497998126,39500000.0,True,30,要人手査定
11794,13108,東京都江東区白河,中古マンション等,35,21.0,10.0,42000000,0.5526436380411437,1.5526436380411437,55.26436380411437,高値,中度,43474021.865152024,28000000.0,True,30,要人手査定
39271,13225,東京都稲城市百村,中古マンション等,95,29.0,1.0,48000000,0.5526017817124108,1.5526017817124107,55.26017817124108,高値,中度,45025451.66965991,29000000.0,True,30,要人手査定
29868,13120,東京都練馬区豊玉北,中古マンション等,65,25.0,9.0,75000000,0.5525708059600661,1.552570805960066,55.25708059600662,高値,中度,76852254.89502327,49500000.0,True,30,要人手査定
28201,13119,東京都板橋区栄町,中古マンション等,40,52.0,6.0,31000000,0.5524123141318393,1.5524123141318393,55.24123141318393,高値,中度,26391009.34024127,17000000.0,True,30,要人手査定
2796,13103,東京都港区南青山,中古マンション等,70,54.0,5.0,100000000,0.5522092600683505,1.5522092600683506,55.22092600683505,高値,中度,117967903.76519464,76000000.0,True,30,要人手査定
5279,13104,東京都新宿区富久町,中古マンション等,85,24.0,8.0,140000000,0.5520301469318895,1.5520301469318893,55.20301469318895,高値,中度,186243617.63182673,120000000.0,True,30,要人手査定
23836,13115,東京都杉並区高円寺北,中古マンション等,30,24.0,4.0,39000000,0.5518048954739921,1.551804895473992,55.18048954739921,高値,中度,41898732.17779779,27000000.0,True,30,要人手査定
34594,13202,東京都立川市砂川町,中古マンション等,50,36.0,6.0,12000000,0.5516013887017033,0.44839861129829667,-55.16013887017033,安値,重度,9416370.83726423,21000000.0,True,30,要人手査定
37029,13209,東京都町田市鶴川,中古マンション等,50,23.0,11.0,6400000,0.5514840708595947,0.4485159291404052,-55.14840708595947,安値,重度,15698057.519914184,35000000.0,True,30,要人手査定
20837,13113,東京都渋谷区恵比寿西,中古マンション等,60,24.0,3.0,130000000,0.5514206158743741,1.551420615874374,55.14206158743741,高値,中度,146609248.20012835,94500000.0,True,30,要人手査定
2123,13102,東京都中央区築地,中古マンション等,40,23.0,6.0,77000000,0.5510231870828391,1.551023187082839,55.10231870828392,高値,中度,76775647.76060054,49500000.0,True,30,要人手査定
26697,13118,東京都荒川区南千住,中古マンション等,105,19.0,20.0,95000000,0.5506677720594048,1.5506677720594046,55.066777205940475,高値,中度,95366067.98165339,61500000.0,True,30,要人手査定
28625,13119,東京都板橋区向原,中古マンション等,30,4.0,2.0,45000000,0.5501452716984521,1.550145271698452,55.01452716984521,高値,中度,44954212.87925511,29000000.0,True,30,要人手査定
25728,13117,東京都北区田端,中古マンション等,60,40.0,9.0,48000000,0.5498754699948986,1.5498754699948984,54.98754699948986,高値,中度,48046139.569841854,31000000.0,True,30,要人手査定
23673,13115,東京都杉並区天沼,中古マンション等,50,35.0,4.0,70000000,0.5497373183448192,1.549737318344819,54.97373183448192,高値,中度,71287916.64386168,46000000.0,True,30,要人手査定
29876,13120,東京都練馬区豊玉北,中古マンション等,65,40.0,5.0,67000000,0.5495011679884514,1.5495011679884514,54.95011679884514,高値,中度,68952801.97548608,44500000.0,True,30,要人手査定
30033,13120,東京都練馬区練馬,中古マンション等,15,32.0,6.0,17000000,0.5492701609734747,1.5492701609734747,54.92701609734747,高値,中度,17041971.770708222,11000000.0,True,30,要人手査定
25766,13117,東京都北区上十条,中古マンション等,20,35.0,12.0,8500000,0.5491709667239001,0.4508290332760999,-54.91709667239001,安値,重度,8565751.632245898,19000000.0,True,30,要人手査定
28570,13119,東京都板橋区前野町,中古マンション等,35,23.0,10.0,44000000,0.5489011952007684,1.5489011952007683,54.890119520076844,高値,中度,31752474.50161575,20500000.0,True,30,要人手査定
30637,13121,東京都足立区千住,中古マンション等,80,5.0,3.0,150000000,0.5488933641342104,1.5488933641342104,54.88933641342104,高値,中度,115392555.62799868,74500000.0,True,30,要人手査定
12780,13108,東京都江東区豊洲,中古マンション等,55,26.0,8.0,78000000,0.5486564559058785,1.5486564559058784,54.86564559058785,高値,中度,80530135.70710568,52000000.0,True,30,要人手査定
27650,13119,東京都板橋区加賀,中古マンション等,105,10.0,9.0,140000000,0.5484762007584028,1.5484762007584028,54.847620075840275,高値,中度,115361476.956501,74500000.0,True,30,要人手査定
28584,13119,東京都板橋区南町,中古マンション等,25,7.0,6.0,40000000,0.5482262925368757,1.5482262925368757,54.82262925368757,高値,中度,40253883.60595877,26000000.0,True,30,要人手査定
27898,13119,東京都板橋区加賀,中古マンション等,85,23.0,12.0,87000000,0.5480291788044435,1.5480291788044436,54.80291788044435,高値,中度,84367590.24484217,54500000.0,True,30,要人手査定
21720,13113,東京都渋谷区代々木,中古マンション等,25,24.0,7.0,60000000,0.5478420532001954,1.5478420532001953,54.78420532001954,高値,中度,43339577.48960547,28000000.0,True,30,要人手査定
10398,13108,東京都江東区有明,中古マンション等,85,5.0,9.0,150000000,0.5473449204991717,1.5473449204991718,54.73449204991717,高値,中度,170207941.2549089,110000000.0,True,30,要人手査定
36556,13208,東京都調布市国領町,中古マンション等,15,35.0,9.0,8700000,0.547103222761177,0.4528967772388231,-54.710322276117694,安値,重度,8831487.15615705,19500000.0,True,30,要人手査定
31001,13121,東京都足立区千住関屋町,中古マンション等,80,26.0,12.0,73000000,0.5470873863905832,1.5470873863905832,54.70873863905832,高値,中度,64977670.22840449,42000000.0,True,30,要人手査定
29888,13120,東京都練馬区豊玉北,中古マンション等,60,40.0,5.0,64000000,0.5469822790646238,1.546982279064624,54.698227906462385,高値,中度,61879291.16258495,40000000.0,True,30,要人手査定
31606,13122,東京都葛飾区東新小岩,中古マンション等,50,51.0,8.0,30000000,0.5469746157848162,1.5469746157848163,54.69746157848162,高値,中度,29392517.69991151,19000000.0,True,30,要人手査定
28060,13119,東京都板橋区板橋,中古マンション等,30,2.0,8.0,40000000,0.5469079641254023,1.5469079641254022,54.69079641254023,高値,中度,40219607.06726046,26000000.0,False,30,要人手査定
21483,13113,東京都渋谷区渋谷,中古マンション等,50,3.0,9.0,170000000,0.5468348649781024,1.5468348649781023,54.68348649781024,高値,中度,170151835.14759126,110000000.0,True,30,要人手査定
4998,13104,東京都新宿区西新宿,中古マンション等,95,2.0,6.0,310000000,0.5466576410633839,1.5466576410633839,54.665764106338386,高値,中度,324798104.6233106,210000000.0,True,30,要人手査定
25752,13117,東京都北区王子,中古マンション等,85,8.0,7.0,110000000,0.546381819154297,1.546381819154297,54.6381819154297,高値,中度,109793109.15995508,71000000.0,True,30,要人手査定
21501,13113,東京都渋谷区神宮前,中古マンション等,125,23.0,8.0,670000000,0.5463625804895434,1.5463625804895433,54.636258048954346,高値,中度,471640587.04931074,305000000.0,True,30,要人手査定
39381,13227,東京都羽村市緑ヶ丘,中古マンション等,60,30.0,12.0,21000000,0.546333657750983,1.546333657750983,54.6333657750983,高値,中度,19329170.721887287,12500000.0,True,30,要人手査定
37020,13209,東京都町田市真光寺,中古マンション等,105,29.0,5.0,13000000,0.5462597475670814,1.5462597475670814,54.62597475670814,高値,中度,31698324.82512517,20500000.0,True,30,要人手査定
28135,13119,東京都板橋区加賀,中古マンション等,100,10.0,12.0,170000000,0.5461376376873904,1.5461376376873905,54.61376376873904,高値,中度,102818152.90621147,66500000.0,True,30,要人手査定
2898,13103,東京都港区高輪,中古マンション等,90,12.0,11.0,180000000,0.5460651137424356,1.5460651137424357,54.60651137424356,高値,中度,208718790.3552288,135000000.0,True,30,要人手査定
35595,13206,東京都府中市府中町,中古マンション等,15,42.0,6.0,5400000,0.5456729786179167,0.45432702138208325,-54.56729786179167,安値,重度,4906731.830926499,10800000.0,True,30,要人手査定
3044,13103,東京都港区白金,中古マンション等,95,47.0,8.0,160000000,0.5456315898235081,1.545631589823508,54.563158982350814,高値,中度,161518501.1365566,104500000.0,True,30,要人手査定
20700,13113,東京都渋谷区広尾,中古マンション等,25,39.0,7.0,33000000,0.5455213398877441,1.545521339887744,54.55213398877441,高値,中度,25501102.108147778,16500000.0,True,30,要人手査定
20901,13113,東京都渋谷区代々木,中古マンション等,15,41.0,10.0,11000000,0.5455040990537694,0.4544959009462306,-54.55040990537694,安値,重度,10226157.771290189,22500000.0,True,30,要人手査定
5236,13104,東京都新宿区四谷,中古マンション等,75,2.0,4.0,270000000,0.5452391360435456,1.5452391360435456,54.523913604354554,高値,中度,270416848.80762047,175000000.0,True,30,要人手査定
5239,13104,東京都新宿区四谷,中古マンション等,75,2.0,4.0,220000000,0.5452391360435456,1.5452391360435456,54.523913604354554,高値,中度,270416848.80762047,175000000.0,True,30,要人手査定
35891,13206,東京都府中市宮西町,中古マンション等,15,39.0,5.0,7000000,0.545069138929318,0.4549308610706821,-54.5069138929318,安値,重度,7051428.346595572,15500000.0,True,30,要人手査定
25788,13117,東京都北区王子,中古マンション等,75,3.0,5.0,100000000,0.5450686562311637,1.5450686562311637,54.506865623116376,高値,中度,97339325.34256332,63000000.0,True,30,要人手査定
17139,13111,東京都大田区大森北,中古マンション等,65,48.0,6.0,65000000,0.5450504769060128,1.5450504769060127,54.50504769060128,高値,中度,56394342.40706947,36500000.0,True,30,要人手査定
20728,13113,東京都渋谷区宇田川町,中古マンション等,105,56.0,9.0,370000000,0.5449739259453917,1.5449739259453916,54.49739259453917,高値,中度,169947131.8539931,110000000.0,True,30,要人手査定
20689,13113,東京都渋谷区広尾,中古マンション等,80,56.0,9.0,92000000,0.5449361397472654,1.5449361397472654,54.49361397472654,高値,中度,134409444.1580121,87000000.0,True,30,要人手査定
20103,13112,東京都世田谷区三軒茶屋,中古マンション等,15,35.0,6.0,20000000,0.5446706298246773,1.5446706298246773,54.46706298246773,高値,中度,16991376.92807145,11000000.0,True,30,要人手査定
36913,13209,東京都町田市原町田,中古マンション等,90,43.0,5.0,31000000,0.544613627281036,1.544613627281036,54.4613627281036,高値,中度,27803045.29105865,18000000.0,True,30,要人手査定
3157,13103,東京都港区六本木,中古マンション等,90,23.0,5.0,470000000,0.544588509277353,1.544588509277353,54.458850927735305,高値,中度,386147127.31933826,250000000.0,True,30,要人手査定
13102,13109,東京都品川区上大崎,中古マンション等,40,9.0,2.0,130000000,0.5443173577986556,1.5443173577986555,54.43173577986556,高値,中度,118140277.87159716,76500000.0,True,30,要人手査定
404,13101,東京都千代田区神田淡路町,中古マンション等,95,13.0,2.0,460000000,0.5442461885394482,1.544246188539448,54.424618853944814,高値,中度,432388932.7910455,280000000.0,True,30,要人手査定
4863,13104,東京都新宿区西新宿,中古マンション等,70,21.0,2.0,150000000,0.5441893678743438,1.5441893678743437,54.41893678743438,高値,中度,137432853.7408166,89000000.0,True,30,要人手査定
37784,13213,東京都東村山市本町,中古マンション等,20,39.0,12.0,3800000,0.5439315626538175,0.4560684373461826,-54.39315626538175,安値,重度,3808171.4518406247,8350000.0,True,30,要人手査定
2514,13103,東京都港区元麻布,中古マンション等,95,25.0,9.0,330000000,0.5439078242537865,1.5439078242537865,54.390782425378646,高値,中度,331940182.2145641,215000000.0,True,30,要人手査定
13001,13108,東京都江東区森下,中古マンション等,80,34.0,3.0,97000000,0.5437823935706223,1.5437823935706223,54.37823935706223,高値,中度,100345855.58209045,65000000.0,True,30,要人手査定
38595,13221,東京都清瀬市旭が丘,中古マンション等,50,59.0,5.0,2400000,0.5436440906302417,0.45635590936975834,-54.36440906302417,安値,重度,7529872.504601013,16500000.0,True,30,要人手査定
4472,13103,東京都港区南青山,中古マンション等,60,44.0,10.0,100000000,0.5434851499889872,1.5434851499889872,54.34851499889872,高値,中度,99554792.17428967,64500000.0,True,30,要人手査定
130,13101,東京都千代田区麹町,中古マンション等,55,3.0,3.0,170000000,0.5432279710053365,1.5432279710053365,54.32279710053365,高値,中度,185187356.52064037,120000000.0,True,30,要人手査定
34725,13203,東京都武蔵野市御殿山,中古マンション等,85,55.0,7.0,81000000,0.5430108714297819,1.5430108714297819,54.30108714297819,高値,中度,85637103.3643529,55500000.0,True,30,要人手査定
21376,13113,東京都渋谷区宇田川町,中古マンション等,30,45.0,9.0,40000000,0.5428915435729218,1.5428915435729218,54.289154357292176,高値,中度,38572288.589323044,25000000.0,True,30,要人手査定
12069,13108,東京都江東区千石,中古マンション等,75,45.0,16.0,54000000,0.5427089051206945,1.5427089051206944,54.27089051206945,高値,中度,53994811.679224305,35000000.0,True,30,要人手査定
39168,13224,東京都多摩市永山,中古マンション等,65,49.0,5.0,16000000,0.5424951690744255,1.5424951690744255,54.249516907442555,高値,中度,18509942.028893106,12000000.0,True,30,要人手査定
32844,13123,東京都江戸川区西葛西,中古マンション等,105,13.0,4.0,110000000,0.5423888151884527,1.5423888151884526,54.238881518845275,高値,中度,101026467.39484365,65500000.0,True,30,要人手査定
23154,13115,東京都杉並区阿佐谷北,中古マンション等,35,23.0,5.0,54000000,0.5421512133318059,1.542151213331806,54.21512133318059,高値,中度,45493460.793288276,29500000.0,True,30,要人手査定
3242,13103,東京都港区台場,中古マンション等,100,20.0,4.0,210000000,0.5419108351105647,0.4580891648894353,-54.19108351105647,安値,重度,196978340.90245718,430000000.0,True,30,要人手査定
19238,13112,東京都世田谷区下馬,中古マンション等,80,3.0,9.0,190000000,0.5417988750208023,1.5417988750208023,54.17988750208023,高値,中度,169597876.25228825,110000000.0,True,30,要人手査定
8245,13106,東京都台東区池之端,中古マンション等,65,16.0,7.0,130000000,0.5416278816579772,1.5416278816579772,54.162788165797714,高値,中度,124101044.47346716,80500000.0,True,30,要人手査定
28309,13119,東京都板橋区高島平,中古マンション等,35,52.0,8.0,16000000,0.5412161415738123,1.5412161415738121,54.121614157381224,高値,中度,20035809.84045956,13000000.0,True,30,要人手査定
39039,13224,東京都多摩市鶴牧,中古マンション等,125,44.0,20.0,38000000,0.5407793386025836,1.5407793386025836,54.07793386025836,高値,中度,37749093.7957633,24500000.0,True,30,要人手査定
25098,13116,東京都豊島区西巣鴨,中古マンション等,70,48.0,11.0,55000000,0.5407105587726841,1.5407105587726841,54.071055877268414,高値,中度,69331975.14477079,45000000.0,True,30,要人手査定
16807,13111,東京都大田区山王,中古マンション等,55,5.0,9.0,84000000,0.5405952673060999,1.5405952673060999,54.05952673060999,高値,中度,98598097.10759039,64000000.0,True,30,要人手査定
13184,13109,東京都品川区西品川,中古マンション等,75,8.0,8.0,160000000,0.5403428402857489,1.5403428402857489,54.03428402857489,高値,中度,154034284.02857488,100000000.0,True,30,要人手査定
33426,13123,東京都江戸川区南葛西,中古マンション等,65,49.0,26.0,42000000,0.5403174852158436,1.5403174852158437,54.031748521584355,高値,中度,41588572.100827776,27000000.0,True,30,要人手査定
35751,13206,東京都府中市片町,中古マンション等,75,49.0,9.0,43000000,0.5399860804375867,1.5399860804375867,53.998608043758665,高値,中度,37729658.97072087,24500000.0,True,30,要人手査定
10152,13107,東京都墨田区両国,中古マンション等,25,15.0,6.0,36000000,0.5399036518965501,1.53990365189655,53.99036518965501,高値,中度,38497591.29741375,25000000.0,True,30,要人手査定
7421,13105,東京都文京区小石川,中古マンション等,95,34.0,7.0,150000000,0.5397366720523542,1.5397366720523542,53.97366720523542,高値,中度,169371033.92575896,110000000.0,True,30,要人手査定
14068,13109,東京都品川区大崎,中古マンション等,90,17.0,3.0,210000000,0.5393658406433284,1.5393658406433284,53.936584064332834,高値,中度,207814388.48684934,135000000.0,True,30,要人手査定
38659,13222,東京都東久留米市中央町,中古マンション等,70,56.0,10.0,16000000,0.5392348102759591,1.539234810275959,53.92348102759591,高値,中度,19240435.12844949,12500000.0,True,30,要人手査定
3599,13103,東京都港区赤坂,中古マンション等,125,43.0,2.0,330000000,0.5389388000477683,1.5389388000477682,53.893880004776825,高値,中度,330871842.0102702,215000000.0,True,30,要人手査定
4537,13103,東京都港区六本木,中古マンション等,200,9.0,4.0,2700000000,0.5388844409713913,1.5388844409713913,53.88844409713913,高値,中度,1177246597.3431144,765000000.0,True,30,要人手査定
18711,13112,東京都世田谷区桜,中古マンション等,35,56.0,13.0,15000000,0.5387675966032746,0.46123240339672544,-53.87675966032746,安値,重度,14990053.110393576,32500000.0,True,30,要人手査定
37016,13209,東京都町田市小山田桜台,中古マンション等,95,42.0,5.0,18000000,0.5384882190396324,1.5384882190396325,53.84882190396324,高値,中度,27692787.942713384,18000000.0,True,30,要人手査定
21046,13113,東京都渋谷区恵比寿,中古マンション等,40,43.0,3.0,65000000,0.538435510259728,1.538435510259728,53.8435510259728,高値,中度,69229597.96168776,45000000.0,True,30,要人手査定
8243,13106,東京都台東区池之端,中古マンション等,65,16.0,7.0,150000000,0.5383380238756325,1.5383380238756326,53.833802387563246,高値,中度,123836210.92198841,80500000.0,True,30,要人手査定
33982,13201,東京都八王子市八日町,中古マンション等,80,16.0,10.0,45000000,0.5381731387759344,1.5381731387759345,53.81731387759344,高値,中度,49221540.4408299,32000000.0,True,30,要人手査定
29662,13120,東京都練馬区桜台,中古マンション等,50,41.0,1.0,49000000,0.5380114931595981,1.538011493159598,53.801149315959805,高値,中度,44602333.301628344,29000000.0,True,30,要人手査定
2486,13103,東京都港区元麻布,中古マンション等,65,12.0,10.0,240000000,0.5378997257980482,1.5378997257980482,53.789972579804825,高値,中度,253753454.75667796,165000000.0,True,30,要人手査定
37132,13210,東京都小金井市本町,中古マンション等,30,6.0,5.0,18000000,0.5377803352629197,0.4622196647370803,-53.77803352629197,安値,重度,23804312.733959638,51500000.0,True,30,要人手査定
26775,13118,東京都荒川区西日暮里,中古マンション等,70,17.0,3.0,130000000,0.5377150604108222,1.537715060410822,53.77150604108222,高値,中度,100720336.45690885,65500000.0,True,30,要人手査定
38143,13214,東京都国分寺市南町,中古マンション等,25,3.0,4.0,28000000,0.5375381970858949,0.4624618029141051,-53.75381970858949,安値,重度,37459406.03604251,81000000.0,True,30,要人手査定
22565,13114,東京都中野区中野,中古マンション等,60,9.0,6.0,140000000,0.5374942061156863,1.5374942061156864,53.74942061156863,高値,中度,137605731.44735393,89500000.0,True,30,要人手査定
21867,13114,東京都中野区中野,中古マンション等,60,9.0,7.0,140000000,0.5372398761015107,1.5372398761015107,53.72398761015107,高値,中度,132202629.34472992,86000000.0,True,30,要人手査定
34935,13203,東京都武蔵野市関前,中古マンション等,60,23.0,23.0,24000000,0.5370516678422682,0.46294833215773185,-53.70516678422682,安値,重度,30786064.088489167,66500000.0,True,30,要人手査定
4552,13103,東京都港区六本木,中古マンション等,50,14.0,3.0,300000000,0.5369308599426295,1.5369308599426295,53.693085994262944,高値,中度,199801011.79254183,130000000.0,True,30,要人手査定
3944,13103,東京都港区赤坂,中古マンション等,65,13.0,7.0,170000000,0.5367262490774674,1.5367262490774674,53.67262490774674,高値,中度,207458043.6254581,135000000.0,True,30,要人手査定
38337,13218,東京都福生市牛浜,中古マンション等,15,37.0,2.0,5700000,0.5364897615484816,0.46351023845151845,-53.64897615484816,安値,重度,3476326.788386388,7500000.0,True,30,要人手査定
30037,13120,東京都練馬区練馬,中古マンション等,15,32.0,6.0,17000000,0.5364603742802688,1.536460374280269,53.64603742802688,高値,中度,16901064.117082957,11000000.0,True,30,要人手査定
8505,13106,東京都台東区池之端,中古マンション等,70,16.0,6.0,24000000,0.5363130262911185,1.5363130262911187,53.63130262911186,高値,中度,136731859.33990955,89000000.0,True,30,要人手査定
4442,13103,東京都港区三田,中古マンション等,100,2.0,7.0,670000000,0.5362497720802905,1.5362497720802903,53.624977208029044,高値,中度,683631148.5757293,445000000.0,True,30,要人手査定
39599,13229,東京都西東京市谷戸町,中古マンション等,105,29.0,3.0,70000000,0.5361621035807465,1.5361621035807465,53.616210358074646,高値,中度,67591132.55755284,44000000.0,True,30,要人手査定
34786,13203,東京都武蔵野市中町,中古マンション等,85,16.0,3.0,120000000,0.5359231077410787,1.5359231077410787,53.592310774107865,高値,中度,123641810.17315683,80500000.0,True,30,要人手査定
1425,13102,東京都中央区豊海町,中古マンション等,100,0.0,10.0,350000000,0.535829987963592,1.5358299879635922,53.582998796359206,高値,中度,291807697.7130825,190000000.0,True,30,要人手査定
511,13101,東京都千代田区二番町,中古マンション等,35,23.0,3.0,100000000,0.5357850315799731,1.5357850315799733,53.57850315799732,高値,中度,73717681.51583871,48000000.0,True,30,要人手査定
6254,13104,東京都新宿区中落合,中古マンション等,25,6.0,6.0,31000000,0.5356219674646665,0.46437803253533355,-53.562196746466654,安値,重度,33899596.37507935,73000000.0,True,30,要人手査定
27638,13119,東京都板橋区向原,中古マンション等,35,4.0,2.0,50000000,0.5355264221855947,1.5355264221855947,53.55264221855946,高値,中度,46833555.87666064,30500000.0,True,30,要人手査定
27635,13119,東京都板橋区向原,中古マンション等,35,4.0,2.0,45000000,0.5355264221855947,1.5355264221855947,53.55264221855946,高値,中度,46833555.87666064,30500000.0,True,30,要人手査定
34173,13201,東京都八王子市東浅川町,中古マンション等,70,23.0,18.0,33000000,0.5354466611774666,1.5354466611774666,53.544666117746665,高値,中度,32244379.8847268,21000000.0,True,30,要人手査定
4122,13103,東京都港区港南,中古マンション等,25,18.0,15.0,30000000,0.5353284548057546,0.46467154519424536,-53.53284548057546,安値,重度,29971314.665028825,64500000.0,True,30,要人手査定
34640,13202,東京都立川市羽衣町,中古マンション等,45,32.0,6.0,22000000,0.5348399820514403,1.5348399820514402,53.48399820514403,高値,中度,30696799.641028807,20000000.0,True,30,要人手査定
34810,13203,東京都武蔵野市関前,中古マンション等,70,57.0,11.0,42000000,0.5348223828914082,0.46517761710859185,-53.48223828914082,安値,重度,20002637.53566945,43000000.0,True,30,要人手査定
35870,13206,東京都府中市本町,中古マンション等,65,23.0,9.0,63000000,0.5347362600884767,1.5347362600884766,53.473626008847674,高値,中度,61389450.40353907,40000000.0,True,30,要人手査定
3113,13103,東京都港区南青山,中古マンション等,65,20.0,13.0,220000000,0.5347356304305131,1.534735630430513,53.47356304305131,高値,中度,168820919.34735644,110000000.0,True,30,要人手査定
8344,13106,東京都台東区池之端,中古マンション等,65,7.0,4.0,160000000,0.5346747475582614,1.5346747475582614,53.46747475582614,高値,中度,141190076.77536005,92000000.0,True,30,要人手査定
13150,13109,東京都品川区大井,中古マンション等,105,37.0,14.0,110000000,0.5346251237348423,1.5346251237348423,53.46251237348423,高値,中度,106656446.09957154,69500000.0,True,30,要人手査定
5854,13104,東京都新宿区住吉町,中古マンション等,60,42.0,1.0,95000000,0.5345531612155876,1.5345531612155876,53.45531612155876,高値,中度,76727658.06077938,50000000.0,True,30,要人手査定
9688,13107,東京都墨田区菊川,中古マンション等,50,39.0,1.0,61000000,0.5345375106908151,1.534537510690815,53.45375106908151,高値,中度,59079694.16159638,38500000.0,True,30,要人手査定
29875,13120,東京都練馬区豊玉北,中古マンション等,60,40.0,5.0,59000000,0.5345153720481929,1.5345153720481928,53.45153720481929,高値,中度,61380614.881927714,40000000.0,True,30,要人手査定
3346,13103,東京都港区三田,中古マンション等,135,17.0,4.0,930000000,0.5343846131493522,1.5343846131493522,53.43846131493522,高値,中度,866927306.429384,565000000.0,True,30,要人手査定
20923,13113,東京都渋谷区猿楽町,中古マンション等,125,5.0,5.0,590000000,0.5337018239254936,1.5337018239254936,53.37018239254936,高値,中度,513790111.01504034,335000000.0,True,30,要人手査定
35645,13206,東京都府中市宮町,中古マンション等,40,8.0,5.0,32000000,0.5336856311764522,1.5336856311764522,53.368563117645216,高値,中度,42176354.857352436,27500000.0,True,30,要人手査定
38277,13215,東京都国立市富士見台,中古マンション等,40,34.0,13.0,16000000,0.5336516582318475,0.4663483417681525,-53.365165823184746,安値,重度,13290927.740392346,28500000.0,True,30,要人手査定
11792,13108,東京都江東区白河,中古マンション等,60,21.0,2.0,80000000,0.5334337077629852,1.5334337077629852,53.343370776298514,高値,中度,104273492.12788299,68000000.0,True,30,要人手査定
2707,13103,東京都港区白金,中古マンション等,25,3.0,3.0,72000000,0.5330540012927679,1.5330540012927678,53.30540012927679,高値,中度,75119646.06334563,49000000.0,True,30,要人手査定
25084,13116,東京都豊島区西池袋,中古マンション等,35,13.0,3.0,57000000,0.5328920192085388,1.5328920192085387,53.28920192085388,高値,中度,56717004.710715935,37000000.0,True,30,要人手査定
37545,13212,東京都日野市百草,中古マンション等,50,56.0,5.0,5300000,0.5326410293194334,0.4673589706805666,-53.264102931943334,安値,重度,5140948.6774862325,11000000.0,True,30,要人手査定
4037,13103,東京都港区赤坂,中古マンション等,70,24.0,4.0,220000000,0.5326054255462778,1.5326054255462778,53.260542554627776,高値,中度,222227786.70421028,145000000.0,True,30,要人手査定
9003,13107,東京都墨田区緑,中古マンション等,70,8.0,8.0,93000000,0.5320651782802533,1.5320651782802535,53.20651782802533,高値,中度,88859780.3402547,58000000.0,True,30,要人手査定
22016,13114,東京都中野区中野,中古マンション等,55,60.0,5.0,53000000,0.5320441197589002,1.5320441197589003,53.20441197589002,高値,中度,52089500.07180261,34000000.0,True,30,要人手査定
21315,13113,東京都渋谷区渋谷,中古マンション等,75,1.0,7.0,290000000,0.5320042291053091,1.532004229105309,53.20042291053091,高値,中度,291080803.53000873,190000000.0,True,30,要人手査定
33881,13201,東京都八王子市子安町,中古マンション等,75,15.0,7.0,67000000,0.5318955696893635,1.5318955696893635,53.189556968936344,高値,中度,57446083.86335113,37500000.0,True,30,要人手査定
22158,13114,東京都中野区本町,中古マンション等,85,31.0,3.0,130000000,0.5318824756294682,1.5318824756294682,53.18824756294682,高値,中度,107231773.29406278,70000000.0,True,30,要人手査定
23814,13115,東京都杉並区久我山,中古マンション等,90,52.0,2.0,60000000,0.5315164568801367,1.5315164568801367,53.15164568801367,高値,中度,79638855.75776711,52000000.0,True,30,要人手査定
20974,13113,東京都渋谷区恵比寿西,中古マンション等,55,45.0,2.0,73000000,0.5313386150837819,1.5313386150837818,53.13386150837819,高値,中度,91114647.59748502,59500000.0,True,30,要人手査定
1718,13102,東京都中央区日本橋中洲,中古マンション等,30,12.0,7.0,38000000,0.5312261680407251,0.4687738319592749,-53.12261680407251,安値,重度,31407846.741271418,67000000.0,True,30,要人手査定
34258,13201,東京都八王子市明神町,中古マンション等,15,44.0,7.0,10000000,0.5310978154708692,1.5310978154708692,53.10978154708692,高値,中度,5358842.354148042,3500000.0,True,30,要人手査定
13631,13109,東京都品川区北品川,中古マンション等,100,11.0,3.0,220000000,0.531035692921785,1.531035692921785,53.1035692921785,高値,中度,313862317.04896593,205000000.0,True,30,要人手査定
37584,13212,東京都日野市百草,中古マンション等,50,56.0,5.0,4000000,0.5309816366319123,0.4690183633680877,-53.09816366319124,安値,重度,5159201.997048965,11000000.0,True,30,要人手査定
38499,13219,東京都狛江市東和泉,中古マンション等,20,33.0,3.0,12000000,0.5308311571377039,0.4691688428622961,-53.08311571377039,安値,重度,11729221.071557403,25000000.0,True,30,要人手査定
25220,13116,東京都豊島区目白,中古マンション等,35,10.0,2.0,55000000,0.5308234051223061,1.5308234051223062,53.08234051223061,高値,中度,53578819.17928071,35000000.0,True,30,要人手査定
28336,13119,東京都板橋区常盤台,中古マンション等,55,53.0,7.0,39000000,0.5305813002214581,1.530581300221458,53.05813002214581,高値,中度,38264532.50553645,25000000.0,True,30,要人手査定
2835,13103,東京都港区南麻布,中古マンション等,30,31.0,14.0,15000000,0.5304874474097909,0.4695125525902091,-53.04874474097909,安値,重度,24884165.28728108,53000000.0,True,30,要人手査定
4554,13103,東京都港区六本木,中古マンション等,70,14.0,3.0,370000000,0.5304734070154236,1.5304734070154236,53.04734070154235,高値,中度,344356516.5784703,225000000.0,True,30,要人手査定
26588,13118,東京都荒川区西日暮里,中古マンション等,30,17.0,2.0,47000000,0.5304467806893438,1.5304467806893438,53.04467806893438,高値,中度,39791616.29792294,26000000.0,True,30,要人手査定
22779,13114,東京都中野区弥生町,中古マンション等,55,53.0,7.0,52000000,0.5303359817305063,1.5303359817305062,53.033598173050635,高値,中度,49735919.406241454,32500000.0,True,30,要人手査定
14928,13110,東京都目黒区上目黒,中古マンション等,80,17.0,2.0,310000000,0.5302603901998121,1.530260390199812,53.026039019981205,高値,中度,206585152.67697462,135000000.0,True,30,要人手査定
22383,13114,東京都中野区新井,中古マンション等,55,13.0,11.0,86000000,0.5301972097362576,1.5301972097362575,53.01972097362576,高値,中度,98697720.02798861,64500000.0,True,30,要人手査定
4082,13103,東京都港区赤坂,中古マンション等,95,27.0,8.0,480000000,0.5301712715613964,1.5301712715613964,53.017127156139644,高値,中度,328986823.3857002,215000000.0,True,30,要人手査定
16669,13111,東京都大田区山王,中古マンション等,35,8.0,7.0,48000000,0.5299564024918918,1.529956402491892,52.99564024918918,高値,中度,47428648.47724865,31000000.0,True,30,要人手査定
16663,13111,東京都大田区山王,中古マンション等,35,8.0,7.0,45000000,0.5299564024918918,1.529956402491892,52.99564024918918,高値,中度,47428648.47724865,31000000.0,True,30,要人手査定
37567,13212,東京都日野市百草,中古マンション等,50,56.0,5.0,3800000,0.529903641392284,0.47009635860771604,-52.9903641392284,安値,重度,5171059.944684876,11000000.0,True,30,要人手査定
20705,13113,東京都渋谷区広尾,中古マンション等,30,55.0,5.0,16000000,0.5296711011054258,0.4703288988945742,-52.96711011054258,安値,重度,15991182.562415522,34000000.0,True,30,要人手査定
11342,13108,東京都江東区豊洲,中古マンション等,80,25.0,9.0,88000000,0.5294700466935368,1.5294700466935367,52.94700466935368,高値,中度,108592373.31524111,71000000.0,True,30,要人手査定
3168,13103,東京都港区六本木,中古マンション等,60,23.0,6.0,400000000,0.5293226415432917,1.5293226415432917,52.93226415432917,高値,中度,175872103.77747855,115000000.0,True,30,要人手査定
13519,13109,東京都品川区北品川,中古マンション等,70,30.0,5.0,140000000,0.5293159702442978,1.5293159702442978,52.93159702442978,高値,中度,129991857.47076531,85000000.0,True,30,要人手査定
13245,13109,東京都品川区北品川,中古マンション等,80,4.0,13.0,140000000,0.5292876002746105,1.5292876002746105,52.92876002746105,高値,中度,168221636.03020716,110000000.0,True,30,要人手査定
39358,13227,東京都羽村市小作台,中古マンション等,55,35.0,8.0,7400000,0.5287877331196136,0.4712122668803864,-52.87877331196136,安値,重度,6361365.6028852165,13500000.0,True,30,要人手査定
35134,13204,東京都三鷹市井口,中古マンション等,65,19.0,13.0,45000000,0.5283056423066248,0.4716943576933752,-52.83056423066248,安値,重度,30188438.892376013,64000000.0,True,30,要人手査定
3715,13103,東京都港区赤坂,中古マンション等,85,17.0,8.0,350000000,0.52799130319507,1.52799130319507,52.799130319507,高値,中度,297958304.12303865,195000000.0,True,30,要人手査定
36111,13207,東京都昭島市宮沢町,中古マンション等,100,24.0,12.0,42000000,0.5279677970592899,1.5279677970592898,52.796779705928984,高値,中度,42783098.317660116,28000000.0,True,30,要人手査定
38597,13221,東京都清瀬市旭が丘,中古マンション等,55,59.0,5.0,5800000,0.5279008471135802,0.4720991528864199,-52.79008471135802,安値,重度,8025685.599069138,17000000.0,True,30,要人手査定
30605,13121,東京都足立区伊興,中古マンション等,30,32.0,11.0,12000000,0.5278427851697889,1.5278427851697889,52.78427851697889,高値,中度,12222742.281358311,8000000.0,True,30,要人手査定
18830,13112,東京都世田谷区北烏山,中古マンション等,55,60.0,16.0,22000000,0.527764518131609,0.472235481868391,-52.7764518131609,安値,重度,16764359.60632788,35500000.0,True,30,要人手査定
29695,13120,東京都練馬区石神井町,中古マンション等,105,24.0,2.0,72000000,0.5277396397612704,1.5277396397612704,52.773963976127035,高値,中度,108469514.4230502,71000000.0,True,30,要人手査定
2866,13103,東京都港区白金,中古マンション等,30,3.0,3.0,77000000,0.5277230608744229,1.527723060874423,52.77230608744229,高値,中度,82497045.28721884,54000000.0,True,30,要人手査定
13233,13109,東京都品川区上大崎,中古マンション等,105,56.0,7.0,98000000,0.5272752906807613,1.5272752906807612,52.72752906807613,高値,中度,122182023.2544609,80000000.0,True,30,要人手査定
21062,13113,東京都渋谷区笹塚,中古マンション等,40,4.0,2.0,56000000,0.5272699541211188,0.47273004587888123,-52.726995412111876,安値,重度,61454905.96425456,130000000.0,True,30,要人手査定
34033,13201,東京都八王子市追分町,中古マンション等,20,35.0,10.0,12000000,0.52726192221594,1.52726192221594,52.726192221594005,高値,中度,6567226.265528542,4300000.0,True,30,要人手査定
3151,13103,東京都港区南麻布,中古マンション等,35,7.0,7.0,83000000,0.5272365497093303,1.5272365497093303,52.72365497093303,高値,中度,86288865.05857717,56500000.0,True,30,要人手査定
5248,13104,東京都新宿区四谷,中古マンション等,75,2.0,4.0,280000000,0.5272189296925158,1.5272189296925158,52.721892969251584,高値,中度,267263312.69619027,175000000.0,True,30,要人手査定
10044,13107,東京都墨田区向島,中古マンション等,30,8.0,7.0,44000000,0.5270103628479823,1.5270103628479823,52.70103628479823,高値,中度,44283300.52259149,29000000.0,True,30,要人手査定
21283,13113,東京都渋谷区恵比寿南,中古マンション等,55,47.0,3.0,73000000,0.5268343528282544,1.5268343528282544,52.68343528282544,高値,中度,76341717.64141272,50000000.0,True,30,要人手査定
24206,13116,東京都豊島区上池袋,中古マンション等,20,38.0,16.0,8500000,0.5267878990295789,0.47321210097042116,-52.67878990295789,安値,重度,11357090.423290107,24000000.0,True,30,要人手査定
13474,13109,東京都品川区東五反田,中古マンション等,85,25.0,6.0,150000000,0.5267779970732516,1.5267779970732516,52.67779970732516,高値,中度,167945579.67805767,110000000.0,True,30,要人手査定
25739,13117,東京都北区赤羽西,中古マンション等,35,51.0,13.0,9500000,0.5267161582088972,0.4732838417911029,-52.67161582088972,安値,重度,10648886.440299815,22500000.0,True,30,要人手査定
17492,13111,東京都大田区山王,中古マンション等,30,8.0,6.0,45000000,0.5267008597962116,1.5267008597962117,52.67008597962116,高値,中度,42747624.07429393,28000000.0,True,30,要人手査定
23850,13115,東京都杉並区高円寺南,中古マンション等,70,11.0,10.0,130000000,0.5266030297905206,1.5266030297905206,52.66030297905206,高値,中度,123654845.41303217,81000000.0,True,30,要人手査定
31698,13122,東京都葛飾区東新小岩,中古マンション等,55,36.0,2.0,44000000,0.5265824467680601,1.52658244676806,52.65824467680601,高値,中度,41981017.28612165,27500000.0,True,30,要人手査定
15793,13110,東京都目黒区東山,中古マンション等,85,21.0,8.0,240000000,0.5265611806959245,1.5265611806959245,52.65611806959245,高値,中度,206085759.3939498,135000000.0,True,30,要人手査定
3178,13103,東京都港区六本木,中古マンション等,30,46.0,6.0,49000000,0.5261854525551737,1.5261854525551737,52.61854525551737,高値,中度,36628450.86132417,24000000.0,True,30,要人手査定
34323,13201,東京都八王子市横山町,中古マンション等,65,25.0,7.0,27000000,0.5259606457089164,1.5259606457089163,52.59606457089164,高値,中度,31282193.237032786,20500000.0,True,30,要人手査定
34408,13202,東京都立川市上砂町,中古マンション等,50,38.0,3.0,9300000,0.5257313760308421,0.47426862396915787,-52.573137603084206,安値,重度,10671044.039306052,22500000.0,True,30,要人手査定
388,13101,東京都千代田区岩本町,中古マンション等,35,23.0,2.0,60000000,0.5256005088351017,1.5256005088351017,52.560050883510165,高値,中度,50344816.791558355,33000000.0,True,30,要人手査定
4447,13103,東京都港区三田,中古マンション等,95,2.0,7.0,700000000,0.525440406374539,1.525440406374539,52.544040637453904,高値,中度,640684970.6773064,420000000.0,True,30,要人手査定
30565,13121,東京都足立区千住河原町,中古マンション等,20,38.0,1.0,6600000,0.5253981524895726,1.5253981524895726,52.539815248957254,高値,中度,10754056.975051487,7050000.0,True,30,要人手査定
27184,13119,東京都板橋区板橋,中古マンション等,45,41.0,2.0,37000000,0.5253491611569232,1.5253491611569232,52.53491611569232,高値,中度,38133729.02892308,25000000.0,True,30,要人手査定
36509,13208,東京都調布市小島町,中古マンション等,40,5.0,8.0,42000000,0.5252551647748747,1.5252551647748747,52.525516477487464,高値,中度,48808165.27279599,32000000.0,True,30,要人手査定
20559,13113,東京都渋谷区東,中古マンション等,200,3.0,13.0,960000000,0.5252433850105115,1.5252433850105116,52.52433850105115,高値,中度,533835184.75367904,350000000.0,True,30,要人手査定
29188,13120,東京都練馬区石神井町,中古マンション等,80,24.0,1.0,100000000,0.5251775260649105,1.5251775260649105,52.51775260649105,高値,中度,96848772.90512182,63500000.0,True,30,要人手査定
15139,13110,東京都目黒区目黒本町,中古マンション等,20,35.0,11.0,9000000,0.5249730926476429,0.4750269073523571,-52.49730926476429,安値,重度,10450591.961751856,22000000.0,True,30,要人手査定
13114,13109,東京都品川区上大崎,中古マンション等,60,9.0,3.0,210000000,0.5245610486602736,1.5245610486602736,52.45610486602737,高値,中度,182947325.83923283,120000000.0,True,30,要人手査定
23992,13115,東京都杉並区浜田山,中古マンション等,130,37.0,10.0,140000000,0.524343716456842,1.524343716456842,52.434371645684195,高値,中度,134142247.0482021,88000000.0,True,30,要人手査定
13224,13109,東京都品川区上大崎,中古マンション等,70,56.0,7.0,77000000,0.524338358604336,1.524338358604336,52.4338358604336,高値,中度,74692579.57161246,49000000.0,True,30,要人手査定
13592,13109,東京都品川区東五反田,中古マンション等,85,25.0,5.0,180000000,0.5243172249950546,1.5243172249950547,52.43172249950546,高値,中度,175296480.87443128,115000000.0,True,30,要人手査定
34338,13202,東京都立川市富士見町,中古マンション等,35,37.0,4.0,11000000,0.5242034986699797,0.4757965013300203,-52.420349866997974,安値,重度,8564337.023940366,18000000.0,True,30,要人手査定
24750,13116,東京都豊島区東池袋,中古マンション等,45,7.0,10.0,69000000,0.5235298088777753,1.5235298088777753,52.352980887777534,高値,中度,79223550.06164432,52000000.0,True,30,要人手査定
26805,13118,東京都荒川区東日暮里,中古マンション等,65,29.0,3.0,70000000,0.5232027475961112,1.5232027475961112,52.32027475961112,高値,中度,73113731.88461334,48000000.0,True,30,要人手査定
18657,13112,東京都世田谷区玉川,中古マンション等,75,16.0,7.0,190000000,0.5230015901529673,1.5230015901529672,52.300159015296735,高値,中度,156107662.99067914,102500000.0,True,30,要人手査定
31174,13121,東京都足立区大谷田,中古マンション等,55,31.0,18.0,33000000,0.5228153514297013,1.5228153514297011,52.28153514297013,高値,中度,31217714.704308875,20500000.0,True,30,要人手査定
4450,13103,東京都港区三田,中古マンション等,130,17.0,4.0,930000000,0.5227390945795711,1.5227390945795711,52.27390945795711,高値,中度,837506502.0187641,550000000.0,True,30,要人手査定
6109,13104,東京都新宿区新宿,中古マンション等,140,39.0,2.0,170000000,0.5227202676976053,1.5227202676976053,52.27202676976053,高値,中度,213180837.47766474,140000000.0,True,30,要人手査定
24487,13116,東京都豊島区池袋,中古マンション等,25,40.0,5.0,19000000,0.5227077804200306,1.5227077804200306,52.270778042003066,高値,中度,19033847.255250383,12500000.0,True,30,要人手査定
8246,13106,東京都台東区池之端,中古マンション等,70,16.0,7.0,160000000,0.5224504042919055,1.5224504042919054,52.245040429190546,高値,中度,140065437.1948553,92000000.0,True,30,要人手査定
12775,13108,東京都江東区豊洲,中古マンション等,65,45.0,9.0,66000000,0.52225492814014,1.5222549281401399,52.225492814014,高値,中度,60890197.1256056,40000000.0,True,30,要人手査定
15159,13110,東京都目黒区下目黒,中古マンション等,35,57.0,15.0,28000000,0.5220143901796374,0.47798560982036264,-52.201439017963736,安値,重度,17446474.758443236,36500000.0,True,30,要人手査定
13246,13109,東京都品川区北品川,中古マンション等,75,46.0,8.0,93000000,0.5219028461305513,1.5219028461305513,52.19028461305513,高値,中度,85226559.38331087,56000000.0,True,30,要人手査定
24315,13116,東京都豊島区南池袋,中古マンション等,70,11.0,6.0,190000000,0.5218360177449286,1.5218360177449286,52.18360177449286,高値,中度,175011142.0406668,115000000.0,True,30,要人手査定
36698,13208,東京都調布市布田,中古マンション等,55,42.0,1.0,46000000,0.5215539214324281,1.521553921432428,52.15539214324281,高値,中度,47168171.56440527,31000000.0,True,30,要人手査定
6437,13104,東京都新宿区舟町,中古マンション等,30,19.0,2.0,54000000,0.5211639148217515,1.5211639148217515,52.11639148217515,高値,中度,54001318.97617218,35500000.0,True,30,要人手査定
24915,13116,東京都豊島区池袋,中古マンション等,25,1.0,12.0,44000000,0.5211536741965496,1.5211536741965495,52.11536741965496,高値,中度,44113456.55169994,29000000.0,True,30,要人手査定
24916,13116,東京都豊島区池袋,中古マンション等,25,1.0,12.0,44000000,0.5211536741965496,1.5211536741965495,52.11536741965496,高値,中度,44113456.55169994,29000000.0,True,30,要人手査定
17429,13111,東京都大田区北千束,中古マンション等,50,14.0,1.0,94000000,0.5210532284271246,1.5210532284271248,52.10532284271247,高値,中度,82897400.9492783,54500000.0,True,30,要人手査定
21244,13113,東京都渋谷区千駄ケ谷,中古マンション等,35,3.0,5.0,70000000,0.5209351203598275,1.5209351203598274,52.09351203598275,高値,中度,94297977.4623093,62000000.0,True,30,要人手査定
34392,13202,東京都立川市上砂町,中古マンション等,50,38.0,4.0,10000000,0.5207533172893556,0.4792466827106444,-52.07533172893556,安値,重度,10783050.3609895,22500000.0,True,30,要人手査定
25008,13116,東京都豊島区駒込,中古マンション等,55,48.0,4.0,60000000,0.5206308762865223,1.5206308762865224,52.06308762865223,高値,中度,60825235.05146089,40000000.0,True,30,要人手査定
18760,13112,東京都世田谷区玉川,中古マンション等,70,24.0,7.0,97000000,0.520422804409929,1.520422804409929,52.042280440992904,高値,中度,120113401.5483844,79000000.0,True,30,要人手査定
6103,13104,東京都新宿区新宿,中古マンション等,30,23.0,5.0,19000000,0.5203973129868276,1.5203973129868276,52.03973129868275,高値,中度,44091522.076618,29000000.0,True,30,要人手査定
4441,13103,東京都港区三田,中古マンション等,100,2.0,7.0,600000000,0.520321772189211,1.520321772189211,52.032177218921106,高値,中度,676543188.6241989,445000000.0,True,30,要人手査定
99,13101,東京都千代田区麹町,中古マンション等,70,3.0,3.0,190000000,0.5201134040135031,1.5201134040135031,52.01134040135032,高値,中度,258419278.68229553,170000000.0,True,30,要人手査定
13156,13109,東京都品川区大井,中古マンション等,70,7.0,5.0,210000000,0.5199786623858487,1.5199786623858487,51.99786623858487,高値,中度,182397439.48630184,120000000.0,True,30,要人手査定
13141,13109,東京都品川区大井,中古マンション等,70,7.0,5.0,180000000,0.5199786623858487,1.5199786623858487,51.99786623858487,高値,中度,182397439.48630184,120000000.0,True,30,要人手査定
19493,13112,東京都世田谷区三軒茶屋,中古マンション等,25,45.0,7.0,22000000,0.5197704756779046,1.5197704756779045,51.97704756779046,高値,中度,17477360.470295902,11500000.0,True,30,要人手査定
21535,13113,東京都渋谷区千駄ケ谷,中古マンション等,90,3.0,1.0,450000000,0.519757396814652,1.519757396814652,51.97573968146521,高値,中度,425532071.10810256,280000000.0,True,30,要人手査定
21534,13113,東京都渋谷区千駄ケ谷,中古マンション等,90,3.0,1.0,450000000,0.519757396814652,1.519757396814652,51.97573968146521,高値,中度,425532071.10810256,280000000.0,True,30,要人手査定
37169,13210,東京都小金井市中町,中古マンション等,15,42.0,4.0,6500000,0.5196313409525859,0.48036865904741416,-51.96313409525859,安値,重度,6004608.238092677,12500000.0,True,30,要人手査定
37168,13210,東京都小金井市中町,中古マンション等,15,42.0,4.0,6500000,0.5196313409525859,0.48036865904741416,-51.96313409525859,安値,重度,6004608.238092677,12500000.0,True,30,要人手査定
34654,13202,東京都立川市富士見町,中古マンション等,40,58.0,15.0,4000000,0.5196212911571879,0.4803787088428121,-51.96212911571879,安値,重度,5284165.797270933,11000000.0,True,30,要人手査定
21154,13113,東京都渋谷区千駄ケ谷,中古マンション等,90,3.0,1.0,370000000,0.519526006295687,1.519526006295687,51.9526006295687,高値,中度,425467281.76279235,280000000.0,True,30,要人手査定
18656,13112,東京都世田谷区玉川,中古マンション等,125,23.0,15.0,200000000,0.5194689570796148,1.5194689570796147,51.94689570796148,高値,中度,197530964.42034993,130000000.0,True,30,要人手査定
34365,13202,東京都立川市一番町,中古マンション等,70,27.0,17.0,15000000,0.5192655280517687,0.4807344719482313,-51.926552805176875,安値,重度,15864237.574291633,33000000.0,True,30,要人手査定
21328,13113,東京都渋谷区千駄ケ谷,中古マンション等,65,3.0,1.0,290000000,0.5192413524493809,1.5192413524493809,51.924135244938086,高値,中度,265867236.67864165,175000000.0,True,30,要人手査定
12374,13108,東京都江東区亀戸,中古マンション等,35,5.0,3.0,66000000,0.5192411369360261,1.5192411369360261,51.924113693602614,高値,中度,49375336.95042085,32500000.0,True,30,要人手査定
38064,13214,東京都国分寺市南町,中古マンション等,30,42.0,4.0,22000000,0.5192150664268405,0.4807849335731596,-51.921506642684044,安値,重度,12019623.33932899,25000000.0,True,30,要人手査定
208,13101,東京都千代田区東神田,中古マンション等,25,42.0,9.0,19000000,0.5190743107077547,0.4809256892922453,-51.907431070775466,安値,重度,18996564.72704369,39500000.0,True,30,要人手査定
12869,13108,東京都江東区平野,中古マンション等,25,12.0,5.0,25000000,0.51897194463461,1.5189719446346102,51.897194463461005,高値,中度,43290700.42208639,28500000.0,True,30,要人手査定
34214,13201,東京都八王子市松が谷,中古マンション等,80,23.0,18.0,9600000,0.5187654315313889,1.518765431531389,51.87654315313889,高値,中度,39487901.21981611,26000000.0,True,30,要人手査定
5891,13104,東京都新宿区市谷本村町,中古マンション等,50,21.0,7.0,120000000,0.5186609999589555,1.5186609999589555,51.86609999589555,高値,中度,109343591.9970448,72000000.0,True,30,要人手査定
20620,13113,東京都渋谷区幡ケ谷,中古マンション等,15,52.0,7.0,8300000,0.5180845174615519,0.4819154825384481,-51.80845174615519,安値,重度,10120225.13330741,21000000.0,True,30,要人手査定
7693,13105,東京都文京区湯島,中古マンション等,95,5.0,5.0,280000000,0.5178259066232136,1.5178259066232136,51.78259066232136,高値,中度,250441274.59283024,165000000.0,True,30,要人手査定
14556,13109,東京都品川区東大井,中古マンション等,30,25.0,6.0,14000000,0.5178190681337741,1.517819068133774,51.78190681337741,高値,中度,38704386.23741124,25500000.0,True,30,要人手査定
21488,13113,東京都渋谷区渋谷,中古マンション等,50,2.0,9.0,160000000,0.517605919570871,1.517605919570871,51.7605919570871,高値,中度,174524680.75065017,115000000.0,True,30,要人手査定
22211,13114,東京都中野区新井,中古マンション等,40,7.0,11.0,52000000,0.5175916114982705,1.5175916114982704,51.75916114982705,高値,中度,62221256.07142909,41000000.0,True,30,要人手査定
22071,13114,東京都中野区新井,中古マンション等,75,24.0,12.0,84000000,0.5173730791636797,1.5173730791636797,51.73730791636797,高値,中度,103940055.92271206,68500000.0,True,30,要人手査定
19571,13112,東京都世田谷区池尻,中古マンション等,80,54.0,13.0,75000000,0.5173549565643313,1.5173549565643314,51.73549565643313,高値,中度,75109070.3499344,49500000.0,True,30,要人手査定
33192,13123,東京都江戸川区北小岩,中古マンション等,15,38.0,1.0,4600000,0.5173159407588123,0.4826840592411877,-51.731594075881226,安値,重度,7240260.888617815,15000000.0,True,30,要人手査定
34468,13202,東京都立川市上砂町,中古マンション等,50,38.0,3.0,11000000,0.5170251799757609,0.4829748200242391,-51.702517997576095,安値,重度,10866933.45054538,22500000.0,True,30,要人手査定
24914,13116,東京都豊島区池袋,中古マンション等,25,1.0,12.0,44000000,0.5169340175236294,1.5169340175236294,51.693401752362945,高値,中度,43991086.50818525,29000000.0,True,30,要人手査定
39401,13229,東京都西東京市柳沢,中古マンション等,35,41.0,1.0,7500000,0.5168957454941989,0.48310425450580113,-51.689574549419895,安値,重度,9662085.090116022,20000000.0,True,30,要人手査定
3724,13103,東京都港区赤坂,中古マンション等,65,44.0,9.0,84000000,0.5168418164083186,1.5168418164083186,51.68418164083186,高値,中度,121347345.31266549,80000000.0,True,30,要人手査定
8504,13106,東京都台東区池之端,中古マンション等,65,21.0,4.0,120000000,0.5167782062498748,1.5167782062498747,51.67782062498748,高値,中度,112241587.26249073,74000000.0,True,30,要人手査定
13186,13109,東京都品川区荏原,中古マンション等,55,44.0,9.0,68000000,0.5167191382013762,1.516719138201376,51.67191382013762,高値,中度,68252361.21906193,45000000.0,True,30,要人手査定
20140,13112,東京都世田谷区瀬田,中古マンション等,90,27.0,5.0,2100000000,0.5165069017071449,1.5165069017071449,51.65069017071448,高値,中度,141035141.85876447,93000000.0,True,30,要人手査定
28202,13119,東京都板橋区栄町,中古マンション等,40,52.0,6.0,24000000,0.5163748195376959,1.516374819537696,51.637481953769594,高値,中度,25778371.93214083,17000000.0,True,30,要人手査定
35685,13206,東京都府中市八幡町,中古マンション等,95,19.0,5.0,65000000,0.5159974779072849,1.515997477907285,51.599747790728486,高値,中度,63671894.07210597,42000000.0,True,30,要人手査定
38732,13222,東京都東久留米市本町,中古マンション等,75,14.0,6.0,50000000,0.515970689095227,1.515970689095227,51.597068909522704,高値,中度,46995091.36195204,31000000.0,True,30,要人手査定
24849,13116,東京都豊島区東池袋,中古マンション等,85,7.0,5.0,180000000,0.5159561743688237,1.5159561743688237,51.59561743688237,高値,中度,197074302.66794708,130000000.0,True,30,要人手査定
9150,13107,東京都墨田区緑,中古マンション等,35,15.0,9.0,43000000,0.5159472679392113,1.5159472679392112,51.59472679392113,高値,中度,42446523.502297916,28000000.0,True,30,要人手査定
9298,13107,東京都墨田区千歳,中古マンション等,70,31.0,3.0,85000000,0.5159398127893513,1.5159398127893513,51.59398127893513,高値,中度,85650599.42259835,56500000.0,True,30,要人手査定
19601,13112,東京都世田谷区砧,中古マンション等,35,50.0,15.0,8300000,0.5159374227031459,0.4840625772968541,-51.59374227031459,安値,重度,12343595.72106978,25500000.0,True,30,要人手査定
13104,13109,東京都品川区上大崎,中古マンション等,55,5.0,8.0,160000000,0.5156909517365877,1.5156909517365877,51.56909517365877,高値,中度,147779867.7943173,97500000.0,True,30,要人手査定
35725,13206,東京都府中市八幡町,中古マンション等,95,19.0,6.0,80000000,0.5155882288210946,1.5155882288210947,51.55882288210945,高値,中度,69717058.52577035,46000000.0,True,30,要人手査定
36709,13209,東京都町田市鶴川,中古マンション等,65,24.0,5.0,21000000,0.5155348706254109,0.484465129374589,-51.553487062541095,安値,重度,18167442.35154709,37500000.0,True,30,要人手査定
18730,13112,東京都世田谷区成城,中古マンション等,100,5.0,2.0,270000000,0.515384744644699,1.515384744644699,51.5384744644699,高値,中度,219730787.97348136,145000000.0,True,30,要人手査定
23785,13115,東京都杉並区上荻,中古マンション等,50,28.0,9.0,69000000,0.5152098804781822,1.5152098804781822,51.520988047818214,高値,中度,75002889.08367002,49500000.0,True,30,要人手査定
10468,13108,東京都江東区有明,中古マンション等,120,16.0,6.0,250000000,0.5151712655239521,1.515171265523952,51.51712655239521,高値,中度,250003258.8114521,165000000.0,True,30,要人手査定
34380,13202,東京都立川市曙町,中古マンション等,35,2.0,7.0,48000000,0.5151526475067448,1.5151526475067447,51.51526475067448,高値,中度,40151545.15892874,26500000.0,True,30,要人手査定
34379,13202,東京都立川市曙町,中古マンション等,35,2.0,7.0,37000000,0.5151526475067448,1.5151526475067447,51.51526475067448,高値,中度,40151545.15892874,26500000.0,True,30,要人手査定
36446,13208,東京都調布市国領町,中古マンション等,40,35.0,9.0,25000000,0.5147008973720486,0.48529910262795134,-51.47008973720486,安値,重度,15529571.284094444,32000000.0,True,30,要人手査定
13316,13109,東京都品川区西五反田,中古マンション等,75,2.0,4.0,240000000,0.5146389984228762,1.5146389984228763,51.46389984228762,高値,中度,212049459.77920267,140000000.0,True,30,要人手査定
13335,13109,東京都品川区東五反田,中古マンション等,35,26.0,2.0,45000000,0.5144573776268985,1.5144573776268984,51.445737762689845,高値,中度,48462636.08406075,32000000.0,True,30,要人手査定
4266,13103,東京都港区白金,中古マンション等,30,13.0,2.0,69000000,0.5142411300455584,1.5142411300455585,51.424113004555835,高値,中度,78740538.76236904,52000000.0,True,30,要人手査定
3171,13103,東京都港区六本木,中古マンション等,130,54.0,2.0,280000000,0.5141587439413525,1.5141587439413524,51.41587439413525,高値,中度,280119367.6291502,185000000.0,True,30,要人手査定
20106,13112,東京都世田谷区三軒茶屋,中古マンション等,30,48.0,3.0,32000000,0.5139259417330378,1.513925941733038,51.392594173303785,高値,中度,30278518.834660757,20000000.0,True,30,要人手査定
13286,13109,東京都品川区西五反田,中古マンション等,20,47.0,12.0,12000000,0.5139019438389052,0.4860980561610948,-51.39019438389052,安値,重度,12152451.40402737,25000000.0,True,30,要人手査定
15226,13110,東京都目黒区鷹番,中古マンション等,35,59.0,3.0,19000000,0.513760243394943,0.48623975660505697,-51.3760243394943,安値,重度,18963350.507597223,39000000.0,True,30,要人手査定
17497,13111,東京都大田区山王,中古マンション等,65,12.0,8.0,100000000,0.513569705747087,1.513569705747087,51.356970574708704,高値,中度,99138815.7264342,65500000.0,True,30,要人手査定
23639,13115,東京都杉並区阿佐谷北,中古マンション等,30,23.0,7.0,53000000,0.5133313285147242,1.5133313285147243,51.33313285147242,高値,中度,45399939.85544173,30000000.0,True,30,要人手査定
38168,13215,東京都国立市青柳,中古マンション等,55,34.0,20.0,22000000,0.5131256444395925,0.4868743555604074,-51.31256444395925,安値,重度,16066853.733493445,33000000.0,True,30,要人手査定
10817,13108,東京都江東区亀戸,中古マンション等,25,52.0,14.0,10000000,0.5129999056983502,0.48700009430164976,-51.29999056983502,安値,重度,10227001.980334645,21000000.0,True,30,要人手査定
35914,13206,東京都府中市宮西町,中古マンション等,15,39.0,5.0,7200000,0.5127266286134178,0.4872733713865822,-51.27266286134178,安値,重度,7552737.256492024,15500000.0,True,30,要人手査定
35910,13206,東京都府中市宮西町,中古マンション等,15,39.0,5.0,7500000,0.5127266286134178,0.4872733713865822,-51.27266286134178,安値,重度,7552737.256492024,15500000.0,True,30,要人手査定
9051,13107,東京都墨田区墨田,中古マンション等,75,20.0,5.0,59000000,0.5125266982401753,0.48747330175982473,-51.25266982401753,安値,重度,45091280.41278379,92500000.0,True,30,要人手査定
14979,13110,東京都目黒区上目黒,中古マンション等,75,17.0,2.0,260000000,0.51216676951079,1.5121667695107899,51.216676951079,高値,中度,204142513.88395664,135000000.0,True,30,要人手査定
15750,13110,東京都目黒区中目黒,中古マンション等,40,58.0,9.0,57000000,0.5120674437589366,1.5120674437589368,51.20674437589366,高値,中度,46874090.75652704,31000000.0,True,30,要人手査定
13054,13109,東京都品川区上大崎,中古マンション等,40,9.0,2.0,130000000,0.5119438656835616,1.5119438656835615,51.194386568356165,高値,中度,115663705.72479247,76500000.0,True,30,要人手査定
20848,13113,東京都渋谷区富ケ谷,中古マンション等,80,29.0,1.0,190000000,0.5119265195708752,1.511926519570875,51.19265195708752,高値,中度,166311917.15279627,110000000.0,True,30,要人手査定
11896,13108,東京都江東区越中島,中古マンション等,80,40.0,7.0,76000000,0.5117704606745457,1.5117704606745457,51.17704606745457,高値,中度,83147375.33710001,55000000.0,True,30,要人手査定
15116,13110,東京都目黒区原町,中古マンション等,40,54.0,7.0,14000000,0.511706036351623,0.48829396364837696,-51.1706036351623,安値,重度,18555170.618638325,38000000.0,True,30,要人手査定
21537,13113,東京都渋谷区千駄ケ谷,中古マンション等,75,42.0,3.0,150000000,0.5114816518390645,1.5114816518390644,51.14816518390645,高値,中度,131498903.70999861,87000000.0,True,30,要人手査定
33761,13201,東京都八王子市子安町,中古マンション等,70,43.0,7.0,22000000,0.511467916991161,1.5114679169911611,51.1467916991161,高値,中度,19649082.920885094,13000000.0,True,30,要人手査定
28329,13119,東京都板橋区東新町,中古マンション等,60,39.0,13.0,48000000,0.5114094663368156,1.5114094663368156,51.14094663368156,高値,中度,46097988.723272875,30500000.0,True,30,要人手査定
39341,13227,東京都羽村市小作台,中古マンション等,70,17.0,2.0,24000000,0.5111620298547886,1.5111620298547885,51.116202985478864,高値,中度,22667430.44782183,15000000.0,True,30,要人手査定
2805,13103,東京都港区南青山,中古マンション等,75,25.0,12.0,220000000,0.5109972619038826,1.5109972619038827,51.09972619038826,高値,中度,211539616.66654357,140000000.0,True,30,要人手査定
12703,13108,東京都江東区東陽,中古マンション等,35,52.0,5.0,35000000,0.5108492082925813,1.5108492082925813,51.08492082925813,高値,中度,30216984.165851627,20000000.0,True,30,要人手査定
29283,13120,東京都練馬区豊玉北,中古マンション等,75,25.0,4.0,100000000,0.5107944615993542,1.510794461599354,51.079446159935415,高値,中度,86870681.54196286,57500000.0,True,30,要人手査定
256,13101,東京都千代田区内神田,中古マンション等,50,12.0,6.0,130000000,0.5107069693945998,1.5107069693945998,51.07069693945998,高値,中度,130676152.85263288,86500000.0,True,30,要人手査定
14336,13109,東京都品川区上大崎,中古マンション等,155,33.0,7.0,370000000,0.5106288933501759,1.510628893350176,51.062889335017594,高値,中度,279466345.26978254,185000000.0,True,30,要人手査定
12146,13108,東京都江東区有明,中古マンション等,80,20.0,10.0,99000000,0.5105387454083659,1.5105387454083659,51.05387454083659,高値,中度,119332560.8872609,79000000.0,True,30,要人手査定
35936,13206,東京都府中市四谷,中古マンション等,55,36.0,20.0,8600000,0.5105292105793523,0.4894707894206477,-51.05292105793523,安値,重度,13949917.49848846,28500000.0,True,30,要人手査定
39309,13225,東京都稲城市東長沼,中古マンション等,70,26.0,1.0,41000000,0.5102365666948783,1.5102365666948783,51.02365666948783,高値,中度,43796860.43415147,29000000.0,True,30,要人手査定
35030,13204,東京都三鷹市下連雀,中古マンション等,75,7.0,1.0,150000000,0.5100525830215419,1.5100525830215419,51.00525830215419,高値,中度,121559232.93323413,80500000.0,True,30,要人手査定
13449,13109,東京都品川区西五反田,中古マンション等,55,9.0,7.0,130000000,0.5097695445312295,1.5097695445312294,50.97695445312295,高値,中度,137389028.55234188,91000000.0,True,30,要人手査定
25689,13117,東京都北区上十条,中古マンション等,20,35.0,10.0,8500000,0.5095850812104892,0.4904149187895109,-50.958508121048915,安値,重度,9317883.457000706,19000000.0,True,30,要人手査定
6422,13104,東京都新宿区百人町,中古マンション等,30,26.0,5.0,40000000,0.509517112290414,1.5095171122904139,50.95171122904139,高値,中度,38492686.363405555,25500000.0,True,30,要人手査定
19256,13112,東京都世田谷区太子堂,中古マンション等,70,52.0,3.0,89000000,0.5095076611691606,1.5095076611691607,50.95076611691606,高値,中度,83777675.19488841,55500000.0,True,30,要人手査定
30996,13121,東京都足立区千住寿町,中古マンション等,25,35.0,13.0,12000000,0.5094442450996624,1.5094442450996624,50.94442450996623,高値,中度,12075553.960797299,8000000.0,True,30,要人手査定
36079,13207,東京都昭島市代官山,中古マンション等,85,2.0,5.0,90000000,0.5093460417157718,1.5093460417157718,50.93460417157718,高値,中度,64901879.79377819,43000000.0,True,30,要人手査定
6978,13105,東京都文京区西片,中古マンション等,60,59.0,7.0,20000000,0.5090912447654029,0.4909087552345971,-50.90912447654029,安値,重度,26018164.027433645,53000000.0,True,30,要人手査定
28083,13119,東京都板橋区大谷口北町,中古マンション等,20,31.0,14.0,10000000,0.5090498818590125,1.5090498818590123,50.904988185901246,高値,中度,12449661.525336852,8250000.0,True,30,要人手査定
8390,13106,東京都台東区池之端,中古マンション等,75,12.0,5.0,160000000,0.5088979277604285,1.5088979277604284,50.88979277604285,高値,中度,158434282.414845,105000000.0,True,30,要人手査定
38009,13214,東京都国分寺市西町,中古マンション等,50,40.0,17.0,28000000,0.5085226037316779,0.4914773962683221,-50.85226037316779,安値,重度,16955970.171257112,34500000.0,True,30,要人手査定
23148,13115,東京都杉並区和田,中古マンション等,40,59.0,8.0,9300000,0.5084541424694367,0.4915458575305633,-50.84541424694366,安値,重度,14500602.797151618,29500000.0,True,30,要人手査定
35332,13205,東京都青梅市野上町,中古マンション等,75,14.0,9.0,28000000,0.5084022058776958,1.5084022058776958,50.84022058776958,高値,中度,27151239.705798525,18000000.0,True,30,要人手査定
7676,13105,東京都文京区湯島,中古マンション等,35,43.0,11.0,55000000,0.508229004538385,1.508229004538385,50.82290045383851,高値,中度,45246870.13615155,30000000.0,True,30,要人手査定
13268,13109,東京都品川区戸越,中古マンション等,20,38.0,10.0,16000000,0.5081916166521855,0.4918083833478145,-50.81916166521855,安値,重度,12295209.583695363,25000000.0,True,30,要人手査定
25814,13117,東京都北区栄町,中古マンション等,35,9.0,4.0,43000000,0.5079144019275885,1.5079144019275885,50.791440192758856,高値,中度,42975560.45493627,28500000.0,True,30,要人手査定
9301,13107,東京都墨田区千歳,中古マンション等,80,9.0,3.0,130000000,0.5077626733020814,1.5077626733020815,50.776267330208135,高値,中度,136452521.93383837,90500000.0,True,30,要人手査定
36867,13209,東京都町田市図師町,中古マンション等,45,33.0,5.0,9800000,0.5077525184247983,0.49224748157520176,-50.77525184247983,安値,重度,16490290.632769259,33500000.0,True,30,要人手査定
15522,13110,東京都目黒区目黒,中古マンション等,80,7.0,5.0,240000000,0.5072774587694476,1.5072774587694477,50.727745876944766,高値,中度,218555231.5215699,145000000.0,True,30,要人手査定
13172,13109,東京都品川区上大崎,中古マンション等,55,24.0,9.0,91000000,0.5072240993842463,1.5072240993842463,50.722409938424626,高値,中度,101737626.70843662,67500000.0,True,30,要人手査定
25749,13117,東京都北区王子,中古マンション等,75,8.0,6.0,95000000,0.507108842000011,1.5071088420000112,50.710884200001104,高値,中度,97208520.30900072,64500000.0,True,30,要人手査定
29669,13120,東京都練馬区桜台,中古マンション等,50,41.0,1.0,43000000,0.507014858856277,1.507014858856277,50.7014858856277,高値,中度,43703430.90683203,29000000.0,True,30,要人手査定
35683,13206,東京都府中市西府町,中古マンション等,35,52.0,10.0,5000000,0.5070123123126553,0.49298768768734474,-50.70123123126553,安値,重度,7148321.471466498,14500000.0,True,30,要人手査定
38652,13222,東京都東久留米市南町,中古マンション等,70,42.0,5.0,19000000,0.5069986534285228,1.5069986534285227,50.69986534285228,高値,中度,25618977.108284887,17000000.0,True,30,要人手査定
14162,13109,東京都品川区大崎,中古マンション等,105,17.0,3.0,310000000,0.5068819782309303,1.5068819782309302,50.68819782309303,高値,中度,301376395.64618605,200000000.0,True,30,要人手査定
4123,13103,東京都港区港南,中古マンション等,80,21.0,11.0,180000000,0.5065157147206664,1.5065157147206665,50.651571472066635,高値,中度,180781885.76647997,120000000.0,True,30,要人手査定
34824,13203,東京都武蔵野市中町,中古マンション等,80,16.0,2.0,150000000,0.5064455389946874,1.5064455389946874,50.64455389946873,高値,中度,130307539.12304045,86500000.0,True,30,要人手査定
34509,13202,東京都立川市高松町,中古マンション等,80,10.0,19.0,64000000,0.5064080712756984,1.5064080712756984,50.64080712756984,高値,中度,67788363.20740643,45000000.0,True,30,要人手査定
24322,13116,東京都豊島区南池袋,中古マンション等,70,11.0,6.0,180000000,0.5061236993922695,1.5061236993922695,50.61236993922695,高値,中度,173204225.430111,115000000.0,True,30,要人手査定
13235,13109,東京都品川区上大崎,中古マンション等,45,9.0,3.0,130000000,0.5061023813371758,1.5061023813371757,50.61023813371758,高値,中度,140067521.46435735,93000000.0,True,30,要人手査定
20102,13112,東京都世田谷区三軒茶屋,中古マンション等,45,48.0,3.0,68000000,0.5060871659794874,1.5060871659794874,50.60871659794874,高値,中度,55725225.14124104,37000000.0,True,30,要人手査定
34053,13201,東京都八王子市大和田町,中古マンション等,65,16.0,21.0,36000000,0.505706157402755,1.505706157402755,50.57061574027551,高値,中度,36136947.77766612,24000000.0,True,30,要人手査定
13502,13109,東京都品川区勝島,中古マンション等,90,11.0,21.0,100000000,0.5056624722759909,1.505662472275991,50.56624722759909,高値,中度,109913360.47614734,73000000.0,True,30,要人手査定
29836,13120,東京都練馬区豊玉上,中古マンション等,30,42.0,6.0,13000000,0.5053798124451153,1.5053798124451152,50.537981244511535,高値,中度,22580697.18667673,15000000.0,True,30,要人手査定
20939,13113,東京都渋谷区本町,中古マンション等,20,40.0,2.0,12000000,0.5053486054585593,0.4946513945414407,-50.53486054585593,安値,重度,12613610.560806738,25500000.0,True,30,要人手査定
7987,13106,東京都台東区東上野,中古マンション等,95,26.0,5.0,140000000,0.5052839536183318,1.5052839536183318,50.52839536183318,高値,中度,146765185.47778735,97500000.0,True,30,要人手査定
27295,13119,東京都板橋区若木,中古マンション等,65,56.0,16.0,9800000,0.5051768240185983,0.49482317598140163,-50.51768240185983,安値,重度,13360225.751497844,27000000.0,True,30,要人手査定
20594,13113,東京都渋谷区神宮前,中古マンション等,130,2.0,3.0,870000000,0.5049926788029873,1.5049926788029873,50.499267880298724,高値,中度,541797364.3690754,360000000.0,True,30,要人手査定
21158,13113,東京都渋谷区千駄ケ谷,中古マンション等,65,3.0,1.0,270000000,0.5049674863497087,1.5049674863497087,50.49674863497087,高値,中度,263369310.11119902,175000000.0,True,30,要人手査定
37869,13213,東京都東村山市萩山町,中古マンション等,60,58.0,13.0,5100000,0.5048944753583198,0.4951055246416802,-50.48944753583198,安値,重度,6188819.058021002,12500000.0,True,30,要人手査定
13046,13109,東京都品川区上大崎,中古マンション等,90,3.0,6.0,250000000,0.5048237731687227,1.5048237731687228,50.482377316872274,高値,中度,270868279.1703701,180000000.0,True,30,要人手査定
31372,13121,東京都足立区千住橋戸町,中古マンション等,65,11.0,3.0,66000000,0.5046779674161642,1.504677967416164,50.467796741616425,高値,中度,72976881.41968396,48500000.0,True,30,要人手査定
10547,13108,東京都江東区三好,中古マンション等,75,23.0,9.0,95000000,0.5046267068022636,1.5046267068022636,50.46267068022636,高値,中度,106828496.18296072,71000000.0,True,30,要人手査定
37206,13210,東京都小金井市中町,中古マンション等,20,40.0,6.0,5400000,0.5041466298614258,0.49585337013857417,-50.41466298614258,安値,重度,6446093.811801464,13000000.0,True,30,要人手査定
18425,13112,東京都世田谷区代田,中古マンション等,70,58.0,2.0,26000000,0.5040358762394137,0.4959641237605863,-50.40358762394137,安値,重度,27278026.806832246,55000000.0,True,30,要人手査定
5195,13104,東京都新宿区新小川町,中古マンション等,90,43.0,8.0,130000000,0.5034378711191354,1.5034378711191354,50.34378711191354,高値,中度,131550813.72292435,87500000.0,True,30,要人手査定
21480,13113,東京都渋谷区渋谷,中古マンション等,45,23.0,9.0,140000000,0.5033725442439342,1.5033725442439343,50.33725442439342,高値,中度,127786666.26073441,85000000.0,True,30,要人手査定
38754,13222,東京都東久留米市滝山,中古マンション等,55,57.0,5.0,7800000,0.5033519581375394,1.5033519581375394,50.33519581375394,高値,中度,10899301.696497161,7250000.0,True,30,要人手査定
38412,13219,東京都狛江市岩戸南,中古マンション等,25,45.0,11.0,11000000,0.5033370423400371,0.49666295765996293,-50.333704234003704,安値,重度,10678253.589689203,21500000.0,True,30,要人手査定
20265,13112,東京都世田谷区等々力,中古マンション等,140,19.0,11.0,190000000,0.5025663084199172,1.5025663084199172,50.25663084199172,高値,中度,195333620.09458923,130000000.0,True,30,要人手査定
27535,13119,東京都板橋区清水町,中古マンション等,40,14.0,6.0,40000000,0.5024926464255838,1.5024926464255837,50.24926464255838,高値,中度,39816055.13027797,26500000.0,True,30,要人手査定
13117,13109,東京都品川区上大崎,中古マンション等,55,54.0,4.0,53000000,0.5021449883355847,1.5021449883355846,50.21449883355847,高値,中度,66094379.48676573,44000000.0,True,30,要人手査定
24432,13116,東京都豊島区池袋,中古マンション等,25,40.0,5.0,28000000,0.5020259022983441,1.502025902298344,50.202590229834406,高値,中度,18775323.7787293,12500000.0,True,30,要人手査定
21637,13113,東京都渋谷区広尾,中古マンション等,65,49.0,5.0,81000000,0.5018063815829971,1.501806381582997,50.18063815829971,高値,中度,99119221.1844778,66000000.0,True,30,要人手査定
16811,13111,東京都大田区山王,中古マンション等,70,11.0,8.0,120000000,0.5015804687582871,1.501580468758287,50.15804687582871,高値,中度,121628017.96942125,81000000.0,True,30,要人手査定
18327,13112,東京都世田谷区東玉川,中古マンション等,30,58.0,10.0,12000000,0.5015212280777512,0.4984787719222488,-50.15212280777512,安値,重度,11963490.526133971,24000000.0,True,30,要人手査定
37624,13212,東京都日野市旭が丘,中古マンション等,20,35.0,18.0,3300000,0.5014831059424161,0.49851689405758387,-50.14831059424161,安値,重度,3788728.3948376374,7600000.0,True,30,要人手査定
13161,13109,東京都品川区上大崎,中古マンション等,65,56.0,10.0,52000000,0.5014062560857054,1.5014062560857053,50.140625608570545,高値,中度,67563281.52385674,45000000.0,True,30,要人手査定
4125,13103,東京都港区港南,中古マンション等,85,21.0,11.0,190000000,0.5013809172946735,1.5013809172946735,50.13809172946735,高値,中度,187672614.66183418,125000000.0,True,30,要人手査定
38346,13218,東京都福生市大字福生,中古マンション等,15,35.0,2.0,3200000,0.5011789184780795,0.49882108152192056,-50.11789184780795,安値,重度,3791040.219566596,7600000.0,True,30,要人手査定
37354,13211,東京都小平市上水南町,中古マンション等,70,4.0,18.0,54000000,0.5011360238209086,1.5011360238209086,50.11360238209086,高値,中度,57793736.91710498,38500000.0,True,30,要人手査定
20598,13113,東京都渋谷区神宮前,中古マンション等,90,48.0,2.0,150000000,0.5010185389006749,1.501018538900675,50.101853890067495,高値,中度,144097779.7344648,96000000.0,True,30,要人手査定
39241,13225,東京都稲城市矢野口,中古マンション等,100,18.0,7.0,61000000,0.5008858923502127,1.5008858923502129,50.088589235021274,高値,中度,54782335.070782766,36500000.0,True,30,要人手査定
37772,13213,東京都東村山市本町,中古マンション等,20,39.0,11.0,3800000,0.5008721009253414,0.49912789907465854,-50.08721009253414,安値,重度,4167717.957273399,8350000.0,True,30,要人手査定
26680,13118,東京都荒川区南千住,中古マンション等,125,34.0,15.0,74000000,0.5007916356744352,1.500791635674435,50.079163567443516,高値,中度,96050664.68316385,64000000.0,True,30,要人手査定
34437,13202,東京都立川市上砂町,中古マンション等,65,28.0,6.0,20000000,0.500736402643555,0.499263597356445,-50.073640264355504,安値,重度,18972016.69954491,38000000.0,True,30,要人手査定
13640,13109,東京都品川区北品川,中古マンション等,55,26.0,9.0,88000000,0.5007342750336593,1.5007342750336592,50.07342750336593,高値,中度,99798829.28973834,66500000.0,True,30,要人手査定
11705,13108,東京都江東区南砂,中古マンション等,70,3.0,5.0,71000000,0.5006861508851307,0.4993138491148693,-50.06861508851307,安値,重度,74897077.3672304,150000000.0,True,30,要人手査定
149,13101,東京都千代田区神田神保町,中古マンション等,45,3.0,2.0,99000000,0.5006018511806011,1.500601851180601,50.060185118060105,高値,中度,108043333.28500327,72000000.0,True,30,要人手査定
19059,13112,東京都世田谷区奥沢,中古マンション等,85,2.0,2.0,240000000,0.5002838629186086,1.5002838629186086,50.02838629186086,高値,中度,240045418.06697738,160000000.0,True,30,要人手査定
35873,13206,東京都府中市本町,中古マンション等,40,3.0,3.0,45000000,0.5002623547021225,1.5002623547021225,50.02623547021226,高値,中度,45007870.641063675,30000000.0,True,30,要人手査定
14065,13109,東京都品川区大崎,中古マンション等,70,55.0,5.0,67000000,0.5001500819064998,1.5001500819065,50.01500819064998,高値,中度,77257729.21818474,51500000.0,True,30,要人手査定
37205,13210,東京都小金井市中町,中古マンション等,20,40.0,7.0,6500000,0.5000368168695164,0.49996318313048366,-50.00368168695164,安値,重度,6499521.380696287,13000000.0,True,30,要人手査定
21161,13113,東京都渋谷区千駄ケ谷,中古マンション等,35,3.0,5.0,76000000,0.4999104500293061,1.4999104500293061,49.99104500293061,高値,中度,92994447.90181698,62000000.0,True,30,要人手査定
14356,13109,東京都品川区北品川,中古マンション等,55,11.0,6.0,130000000,0.49984931300150415,1.4998493130015043,49.984931300150414,高値,中度,131986739.54413237,88000000.0,True,30,要人手査定
32405,13122,東京都葛飾区東立石,中古マンション等,65,37.0,5.0,42000000,0.49982538293003265,1.4998253829300325,49.982538293003266,高値,中度,41995110.722040914,28000000.0,True,30,要人手査定
24801,13116,東京都豊島区南長崎,中古マンション等,15,42.0,2.0,7900000,0.4996919726379048,0.5003080273620952,-49.969197263790484,安値,中度,7504620.410431428,15000000.0,True,30,要人手査定
3244,13103,東京都港区台場,中古マンション等,65,20.0,3.0,110000000,0.4996427527569471,0.500357247243053,-49.96427527569471,安値,中度,105075021.92104112,210000000.0,True,30,要人手査定
3625,13103,東京都港区赤坂,中古マンション等,75,17.0,8.0,260000000,0.4995234631482614,1.4995234631482615,49.95234631482614,高値,中度,239923754.10372183,160000000.0,True,30,要人手査定
35076,13204,東京都三鷹市下連雀,中古マンション等,75,7.0,2.0,150000000,0.4994991099040146,1.4994991099040145,49.949910990401456,高値,中度,117710680.12746514,78500000.0,True,30,要人手査定
2666,13103,東京都港区南麻布,中古マンション等,20,31.0,12.0,16000000,0.49928293532684503,0.5007170646731549,-49.928293532684506,安値,中度,15772587.537204381,31500000.0,True,30,要人手査定
38594,13221,東京都清瀬市元町,中古マンション等,70,6.0,2.0,62000000,0.49918970437358656,1.4991897043735865,49.91897043735866,高値,中度,53221234.50526232,35500000.0,True,30,要人手査定
4543,13103,東京都港区六本木,中古マンション等,65,58.0,2.0,120000000,0.4991138806029989,1.4991138806029989,49.911388060299885,高値,中度,102689300.82130542,68500000.0,True,30,要人手査定
35912,13206,東京都府中市宮西町,中古マンション等,35,18.0,6.0,28000000,0.49899359436720964,1.4989935943672097,49.899359436720964,高値,中度,34476852.67044582,23000000.0,True,30,要人手査定
38408,13219,東京都狛江市東和泉,中古マンション等,25,33.0,4.0,11000000,0.49892988548960965,0.5010701145103904,-49.892988548960965,安値,中度,11775147.690994173,23500000.0,True,30,要人手査定
20860,13113,東京都渋谷区本町,中古マンション等,30,57.0,10.0,19000000,0.4988663273883237,0.5011336726116763,-49.88663273883237,安値,中度,14783443.34204445,29500000.0,True,30,要人手査定
21789,13114,東京都中野区中野,中古マンション等,65,9.0,6.0,140000000,0.498834351905028,1.498834351905028,49.8834351905028,高値,中度,139391594.7271676,93000000.0,True,30,要人手査定
4074,13103,東京都港区赤坂,中古マンション等,105,43.0,2.0,210000000,0.49880728819457737,1.4988072881945773,49.88072881945774,高値,中度,262291275.43405104,175000000.0,True,30,要人手査定
25458,13117,東京都北区中里,中古マンション等,75,24.0,9.0,91000000,0.4987832065224469,1.498783206522447,49.87832065224469,高値,中度,87678817.58156314,58500000.0,True,30,要人手査定
24373,13116,東京都豊島区南池袋,中古マンション等,40,1.0,7.0,87000000,0.4986137300676023,1.4986137300676023,49.86137300676023,高値,中度,86919596.34392093,58000000.0,True,30,要人手査定
2640,13103,東京都港区南青山,中古マンション等,85,9.0,8.0,400000000,0.4985190911237278,1.4985190911237278,49.85190911237278,高値,中度,352151986.41407603,235000000.0,True,30,要人手査定
30819,13121,東京都足立区千住,中古マンション等,60,10.0,12.0,54000000,0.4985072733362274,1.4985072733362275,49.85072733362274,高値,中度,62188051.84345344,41500000.0,True,30,要人手査定
34422,13202,東京都立川市錦町,中古マンション等,85,29.0,9.0,45000000,0.49834737201931156,1.4983473720193117,49.834737201931155,高値,中度,42702900.10255038,28500000.0,True,30,要人手査定
8402,13106,東京都台東区上野桜木,中古マンション等,70,24.0,7.0,130000000,0.4982981586064441,1.498298158606444,49.82981586064441,高値,中度,115368958.2126962,77000000.0,True,30,要人手査定
4639,13104,東京都新宿区西新宿,中古マンション等,135,20.0,8.0,260000000,0.49824917980352906,1.4982491798035291,49.82491798035291,高値,中度,269684852.3646352,180000000.0,True,30,要人手査定
15543,13110,東京都目黒区目黒,中古マンション等,80,7.0,5.0,290000000,0.4982301627076034,1.4982301627076033,49.82301627076034,高値,中度,217243373.5926025,145000000.0,True,30,要人手査定
3243,13103,東京都港区台場,中古マンション等,85,20.0,3.0,160000000,0.4981462632196986,0.5018537367803013,-49.81462632196986,安値,中度,153065389.71799192,305000000.0,True,30,要人手査定
6093,13104,東京都新宿区新宿,中古マンション等,20,44.0,2.0,23000000,0.49777056562629945,1.4977705656262994,49.777056562629944,高値,中度,23964329.05002079,16000000.0,True,30,要人手査定
4802,13104,東京都新宿区市谷左内町,中古マンション等,55,54.0,3.0,50000000,0.4977283518012879,1.4977283518012878,49.77283518012879,高値,中度,62155726.59975345,41500000.0,True,30,要人手査定
27562,13119,東京都板橋区向原,中古マンション等,35,4.0,2.0,45000000,0.49761926823322306,1.497619268233223,49.761926823322305,高値,中度,45677387.6811133,30500000.0,True,30,要人手査定
2804,13103,東京都港区南青山,中古マンション等,115,20.0,10.0,400000000,0.49756278403737525,1.4975627840373753,49.756278403737525,高値,中度,404341951.6900913,270000000.0,True,30,要人手査定
25967,13117,東京都北区上十条,中古マンション等,80,25.0,3.0,86000000,0.4975453102815603,1.4975453102815603,49.75453102815603,高値,中度,97340445.16830142,65000000.0,True,30,要人手査定
18786,13112,東京都世田谷区奥沢,中古マンション等,45,57.0,2.0,32000000,0.497268045604578,1.497268045604578,49.7268045604578,高値,中度,47912577.459346496,32000000.0,True,30,要人手査定
21065,13113,東京都渋谷区渋谷,中古マンション等,40,2.0,6.0,88000000,0.4970556103721647,1.4970556103721648,49.70556103721647,高値,中度,116021809.80384277,77500000.0,True,30,要人手査定
34472,13202,東京都立川市錦町,中古マンション等,70,29.0,10.0,33000000,0.497021862737073,1.497021862737073,49.7021862737073,高値,中度,36677035.63705829,24500000.0,True,30,要人手査定
3611,13103,東京都港区赤坂,中古マンション等,85,48.0,5.0,160000000,0.4969624809692564,1.4969624809692563,49.696248096925636,高値,中度,194605122.52600333,130000000.0,True,30,要人手査定
10002,13107,東京都墨田区緑,中古マンション等,65,8.0,9.0,93000000,0.4965247509247368,1.4965247509247368,49.65247509247368,高値,中度,83057123.67632289,55500000.0,True,30,要人手査定
19429,13112,東京都世田谷区池尻,中古マンション等,70,54.0,11.0,81000000,0.4965220528695217,1.4965220528695218,49.652205286952174,高値,中度,75574363.66991085,50500000.0,True,30,要人手査定
20984,13113,東京都渋谷区松濤,中古マンション等,20,43.0,6.0,28000000,0.4964524764835547,1.4964524764835547,49.64524764835547,高値,中度,20950334.670769766,14000000.0,True,30,要人手査定
79,13101,東京都千代田区神田佐久間町,中古マンション等,75,10.0,5.0,140000000,0.4964362047298939,0.5035637952701061,-49.64362047298939,安値,中度,115819672.9121244,230000000.0,True,30,要人手査定
8506,13106,東京都台東区池之端,中古マンション等,40,16.0,6.0,63000000,0.49638965979988753,1.4963896597998876,49.638965979988754,高値,中度,65092950.20129511,43500000.0,True,30,要人手査定
4160,13103,東京都港区芝,中古マンション等,30,27.0,5.0,40000000,0.4961637984586992,1.4961637984586993,49.616379845869915,高値,中度,56106142.44220122,37500000.0,True,30,要人手査定
22619,13114,東京都中野区東中野,中古マンション等,50,19.0,4.0,94000000,0.4961127803170943,1.4961127803170944,49.61127803170943,高値,中度,81538146.52728164,54500000.0,True,30,要人手査定
38180,13215,東京都国立市青柳,中古マンション等,45,36.0,11.0,23000000,0.4959855252006867,0.5040144747993133,-49.59855252006867,安値,中度,14616419.769180086,29000000.0,True,30,要人手査定
17188,13111,東京都大田区大森北,中古マンション等,35,19.0,13.0,38000000,0.49594931697929473,1.4959493169792948,49.594931697929475,高値,中度,37398732.92448237,25000000.0,True,30,要人手査定
6492,13104,東京都新宿区若松町,中古マンション等,85,42.0,2.0,85000000,0.49583243852674613,1.495832438526746,49.58324385267461,高値,中度,115927013.98582283,77500000.0,True,30,要人手査定
2861,13103,東京都港区海岸,中古マンション等,15,51.0,10.0,6000000,0.49573927509187377,0.5042607249081262,-49.57392750918738,安値,中度,8320301.960984083,16500000.0,True,30,要人手査定
27389,13119,東京都板橋区高島平,中古マンション等,80,54.0,6.0,18000000,0.49573033644894415,0.5042696635510558,-49.573033644894416,安値,中度,17649438.224286955,35000000.0,True,30,要人手査定
24027,13115,東京都杉並区方南,中古マンション等,30,53.0,3.0,22000000,0.4957068588254816,1.4957068588254816,49.57068588254816,高値,中度,27670576.88827141,18500000.0,True,30,要人手査定
9609,13107,東京都墨田区石原,中古マンション等,30,2.0,10.0,44000000,0.49530616081168405,1.495306160811684,49.530616081168404,高値,中度,44859184.82435052,30000000.0,True,30,要人手査定
29878,13120,東京都練馬区豊玉北,中古マンション等,15,33.0,7.0,14000000,0.4952962550752897,1.4952962550752897,49.52962550752897,高値,中度,13681960.7339389,9150000.0,True,30,要人手査定
21933,13114,東京都中野区中野,中古マンション等,75,32.0,5.0,120000000,0.49526726540796984,1.49526726540797,49.526726540796986,高値,中度,103921074.9458539,69500000.0,True,30,要人手査定
20333,13112,東京都世田谷区深沢,中古マンション等,85,22.0,16.0,180000000,0.49516210169085667,1.4951621016908567,49.51621016908567,高値,中度,125593616.54203196,84000000.0,True,30,要人手査定
2971,13103,東京都港区南青山,中古マンション等,65,24.0,10.0,110000000,0.4951261632545539,1.4951261632545538,49.51261632545539,高値,中度,164463877.95800093,110000000.0,True,30,要人手査定
21233,13113,東京都渋谷区渋谷,中古マンション等,55,2.0,7.0,190000000,0.4950861714232702,1.4950861714232702,49.50861714232702,高値,中度,186885771.42790878,125000000.0,True,30,要人手査定
21299,13113,東京都渋谷区笹塚,中古マンション等,85,39.0,5.0,42000000,0.49501016756625776,0.5049898324337422,-49.50101675662577,安値,中度,63123729.05421778,125000000.0,True,30,要人手査定
18426,13112,東京都世田谷区代田,中古マンション等,30,64.0,7.0,10000000,0.4949297041604547,0.5050702958395453,-49.492970416045466,安値,中度,10101405.916790906,20000000.0,True,30,要人手査定
36530,13208,東京都調布市小島町,中古マンション等,60,52.0,8.0,27000000,0.4948016439749966,1.4948016439749965,49.48016439749966,高値,中度,32138235.345462427,21500000.0,True,30,要人手査定
21798,13114,東京都中野区中野,中古マンション等,60,9.0,6.0,120000000,0.49476864937981596,1.494768649379816,49.476864937981595,高値,中度,133781794.11949353,89500000.0,True,30,要人手査定
37465,13211,東京都小平市栄町,中古マンション等,50,34.0,16.0,9800000,0.49471865633891676,0.5052813436610832,-49.471865633891674,安値,中度,10610908.216882749,21000000.0,True,30,要人手査定
38312,13218,東京都福生市大字福生,中古マンション等,20,35.0,3.0,3800000,0.4944885782655295,0.5055114217344705,-49.44885782655295,安値,中度,3791335.6630085288,7500000.0,True,30,要人手査定
36973,13209,東京都町田市能ヶ谷,中古マンション等,65,37.0,8.0,16000000,0.4944269036759987,0.5055730963240014,-49.442690367599866,安値,中度,16936698.726854045,33500000.0,True,30,要人手査定
3571,13103,東京都港区三田,中古マンション等,145,2.0,7.0,1200000000,0.494346838004429,1.4943468380044291,49.434683800442905,高値,中度,1090873191.7432332,730000000.0,True,30,要人手査定
36886,13209,東京都町田市原町田,中古マンション等,20,32.0,6.0,7200000,0.4942325300650759,0.505767469934924,-49.423253006507586,安値,中度,9103814.458828634,18000000.0,True,30,要人手査定
13149,13109,東京都品川区大井,中古マンション等,60,7.0,5.0,150000000,0.4942019900948448,1.494201990094845,49.42019900948448,高値,中度,156891208.9599587,105000000.0,True,30,要人手査定
19471,13112,東京都世田谷区砧,中古マンション等,20,35.0,15.0,7000000,0.49417156475169455,0.5058284352483055,-49.417156475169456,安値,中度,7587426.528724582,15000000.0,True,30,要人手査定
39560,13229,東京都西東京市谷戸町,中古マンション等,85,8.0,8.0,81000000,0.49410857318804996,1.49410857318805,49.41085731880499,高値,中度,75452482.94599652,50500000.0,True,30,要人手査定
13227,13109,東京都品川区上大崎,中古マンション等,100,51.0,5.0,160000000,0.4940992907585085,1.4940992907585084,49.40992907585085,高値,中度,132974836.87750725,89000000.0,True,30,要人手査定
3180,13103,東京都港区港南,中古マンション等,25,18.0,14.0,28000000,0.4939296369405348,0.5060703630594652,-49.392963694053485,安値,中度,24038342.245324597,47500000.0,True,30,要人手査定
24441,13116,東京都豊島区池袋,中古マンション等,70,43.0,4.0,61000000,0.49378249112594663,1.4937824911259467,49.378249112594666,高値,中度,74689124.55629733,50000000.0,True,30,要人手査定
6214,13104,東京都新宿区富久町,中古マンション等,50,56.0,8.0,53000000,0.4937352843149991,1.4937352843149991,49.373528431499906,高値,中度,53027602.59318247,35500000.0,True,30,要人手査定
15651,13110,東京都目黒区上目黒,中古マンション等,15,36.0,12.0,12000000,0.4937060263216897,0.5062939736783103,-49.37060263216897,安値,中度,11644761.394601136,23000000.0,True,30,要人手査定
36322,13208,東京都調布市調布ケ丘,中古マンション等,80,14.0,10.0,85000000,0.49368825794768223,1.4936882579476822,49.36882579476822,高値,中度,80659165.92917484,54000000.0,True,30,要人手査定
31171,13121,東京都足立区大谷田,中古マンション等,25,52.0,12.0,9300000,0.49359598016456097,1.4935959801645609,49.3595980164561,高値,中度,11948767.841316488,8000000.0,True,30,要人手査定
20112,13112,東京都世田谷区三軒茶屋,中古マンション等,50,53.0,10.0,56000000,0.4934056602242899,1.49340566022429,49.34056602242899,高値,中度,56002712.25841087,37500000.0,True,30,要人手査定
3827,13103,東京都港区西麻布,中古マンション等,25,50.0,12.0,15000000,0.493388469867782,0.5066115301322179,-49.3388469867782,安値,中度,17224792.02449541,34000000.0,True,30,要人手査定
29336,13120,東京都練馬区石神井町,中古マンション等,80,24.0,2.0,95000000,0.492987454336797,1.4929874543367971,49.298745433679706,高値,中度,97044184.53189181,65000000.0,True,30,要人手査定
38308,13218,東京都福生市武蔵野台,中古マンション等,90,25.0,18.0,16000000,0.4929805234985365,1.4929805234985365,49.29805234985365,高値,中度,25380668.89947512,17000000.0,True,30,要人手査定
37499,13211,東京都小平市花小金井南町,中古マンション等,70,22.0,0.0,63000000,0.4929137630980454,1.4929137630980454,49.29137630980454,高値,中度,55984266.1161767,37500000.0,True,30,要人手査定
4456,13103,東京都港区三田,中古マンション等,30,2.0,7.0,150000000,0.4928703232308124,1.4928703232308125,49.28703232308124,高値,中度,87332913.90900253,58500000.0,True,30,要人手査定
9050,13107,東京都墨田区墨田,中古マンション等,65,38.0,7.0,27000000,0.4926458146748319,0.5073541853251682,-49.26458146748319,安値,中度,24353000.89560807,48000000.0,True,30,要人手査定
13510,13109,東京都品川区北品川,中古マンション等,120,28.0,10.0,210000000,0.4925754101790377,1.4925754101790376,49.25754101790377,高値,中度,208960557.42506528,140000000.0,True,30,要人手査定
11943,13108,東京都江東区白河,中古マンション等,75,21.0,2.0,130000000,0.49254688135580166,1.4925468813558016,49.25468813558017,高値,中度,130597852.11863264,87500000.0,True,30,要人手査定
25228,13116,東京都豊島区目白,中古マンション等,75,20.0,8.0,250000000,0.49240267944378047,1.4924026794437806,49.24026794437805,高値,中度,138047247.8485497,92500000.0,True,30,要人手査定
38177,13215,東京都国立市中,中古マンション等,130,25.0,16.0,79000000,0.49235084000573737,1.4923508400057373,49.235084000573735,高値,中度,91033401.24034998,61000000.0,True,30,要人手査定
38627,13221,東京都清瀬市松山,中古マンション等,85,22.0,3.0,53000000,0.4923137960586401,1.4923137960586401,49.231379605864014,高値,中度,47007884.575847164,31500000.0,True,30,要人手査定
25711,13117,東京都北区王子,中古マンション等,85,8.0,6.0,120000000,0.4922372324539709,1.492237232453971,49.22372324539709,高値,中度,111171673.81782083,74500000.0,True,30,要人手査定
3409,13103,東京都港区港南,中古マンション等,120,20.0,14.0,310000000,0.4921449800126374,1.4921449800126374,49.21449800126374,高値,中度,283507546.2024011,190000000.0,True,30,要人手査定
17501,13111,東京都大田区山王,中古マンション等,75,26.0,3.0,110000000,0.49210673001687727,1.4921067300168773,49.210673001687724,高値,中度,91764563.89603795,61500000.0,True,30,要人手査定
35880,13206,東京都府中市緑町,中古マンション等,65,47.0,7.0,47000000,0.491960620825908,1.491960620825908,49.1960620825908,高値,中度,36553035.21023475,24500000.0,True,30,要人手査定
15057,13110,東京都目黒区上目黒,中古マンション等,20,36.0,12.0,12000000,0.4919454552784763,0.5080545447215237,-49.19454552784763,安値,中度,11685254.528595045,23000000.0,True,30,要人手査定
25175,13116,東京都豊島区南池袋,中古マンション等,40,1.0,7.0,86000000,0.4918395504889393,1.4918395504889392,49.18395504889393,高値,中度,86526693.92835848,58000000.0,True,30,要人手査定
10754,13108,東京都江東区豊洲,中古マンション等,100,5.0,4.0,330000000,0.4916364781049759,1.491636478104976,49.163647810497594,高値,中度,261036383.66837078,175000000.0,True,30,要人手査定
24428,13116,東京都豊島区目白,中古マンション等,85,20.0,6.0,220000000,0.4916077246165797,1.4916077246165798,49.16077246165797,高値,中度,149160772.46165797,100000000.0,True,30,要人手査定
34923,13203,東京都武蔵野市境南町,中古マンション等,40,57.0,9.0,13000000,0.49154378743900146,0.5084562125609985,-49.154378743900146,安値,中度,12965633.420305463,25500000.0,True,30,要人手査定
7501,13105,東京都文京区千石,中古マンション等,25,55.0,10.0,18000000,0.49153187732942355,0.5084681226705765,-49.15318773294236,安値,中度,13982873.373440852,27500000.0,True,30,要人手査定
7500,13105,東京都文京区千石,中古マンション等,25,55.0,10.0,14000000,0.49153187732942355,0.5084681226705765,-49.15318773294236,安値,中度,13982873.373440852,27500000.0,True,30,要人手査定
23246,13115,東京都杉並区浜田山,中古マンション等,100,21.0,7.0,150000000,0.4912257141622955,1.4912257141622955,49.12257141622955,高値,中度,139429604.27417463,93500000.0,True,30,要人手査定
11336,13108,東京都江東区豊洲,中古マンション等,90,10.0,10.0,190000000,0.49121708897258587,1.491217088972586,49.121708897258586,高値,中度,178946050.6767103,120000000.0,True,30,要人手査定
35737,13206,東京都府中市四谷,中古マンション等,85,12.0,5.0,28000000,0.4911971932821215,0.5088028067178785,-49.119719328212156,安値,中度,35616196.47025149,70000000.0,True,30,要人手査定
164,13101,東京都千代田区三番町,中古マンション等,50,57.0,5.0,71000000,0.49113499183700066,1.4911349918370007,49.113499183700064,高値,中度,67101074.63266503,45000000.0,True,30,要人手査定
165,13101,東京都千代田区三番町,中古マンション等,50,57.0,5.0,78000000,0.49113499183700066,1.4911349918370007,49.113499183700064,高値,中度,67101074.63266503,45000000.0,True,30,要人手査定
34801,13203,東京都武蔵野市御殿山,中古マンション等,80,56.0,6.0,91000000,0.49110999799795685,1.491109997997957,49.110999799795685,高値,中度,79774384.89289069,53500000.0,True,30,要人手査定
1484,13102,東京都中央区銀座,中古マンション等,25,22.0,1.0,55000000,0.49087541054905853,1.4908754105490585,49.087541054905856,高値,中度,44726262.316471756,30000000.0,True,30,要人手査定
28651,13119,東京都板橋区若木,中古マンション等,40,40.0,15.0,10000000,0.4908491906086366,0.5091508093913635,-49.084919060863655,安値,中度,12219619.425392723,24000000.0,True,30,要人手査定
34536,13202,東京都立川市高松町,中古マンション等,105,30.0,11.0,50000000,0.49078665863952775,1.4907866586395278,49.07866586395278,高値,中度,58886073.01626135,39500000.0,True,30,要人手査定
1147,13102,東京都中央区勝どき,中古マンション等,50,3.0,1.0,130000000,0.4907217143260428,1.4907217143260427,49.07217143260428,高値,中度,142363923.7181371,95500000.0,True,30,要人手査定
5326,13104,東京都新宿区四谷,中古マンション等,50,43.0,7.0,64000000,0.4906389353558691,1.490638935355869,49.063893535586914,高値,中度,63352154.75262444,42500000.0,True,30,要人手査定
19233,13112,東京都世田谷区下馬,中古マンション等,70,54.0,7.0,75000000,0.4904503696866886,1.4904503696866886,49.04503696866886,高値,中度,76758194.03886446,51500000.0,True,30,要人手査定
34768,13203,東京都武蔵野市中町,中古マンション等,40,60.0,9.0,13000000,0.49013831502580957,0.5098616849741904,-49.013831502580956,安値,中度,13001472.966841856,25500000.0,True,30,要人手査定
6077,13104,東京都新宿区新宿,中古マンション等,40,41.0,4.0,50000000,0.4901355815792714,1.4901355815792714,49.013558157927136,高値,中度,52154745.3552745,35000000.0,True,30,要人手査定
15165,13110,東京都目黒区洗足,中古マンション等,40,57.0,2.0,17000000,0.4900853114924687,0.5099146885075313,-49.00853114924687,安値,中度,19886672.85179372,39000000.0,True,30,要人手査定
26457,13118,東京都荒川区東日暮里,中古マンション等,75,5.0,4.0,120000000,0.4900426911144277,1.4900426911144278,49.004269111442774,高値,中度,117713372.59803979,79000000.0,True,30,要人手査定
38507,13220,東京都東大和市向原,中古マンション等,35,45.0,11.0,2500000,0.4900009841973302,0.5099990158026698,-49.00009841973302,安値,中度,7394985.729138712,14500000.0,True,30,要人手査定
37410,13211,東京都小平市栄町,中古マンション等,55,35.0,19.0,7500000,0.48997672300035144,0.5100232769996486,-48.99767230003514,安値,中度,11220512.093992269,22000000.0,True,30,要人手査定
34549,13202,東京都立川市曙町,中古マンション等,35,41.0,7.0,38000000,0.48989703001260254,1.4898970300126027,48.98970300126025,高値,中度,14377506.339621615,9650000.0,True,30,要人手査定
2241,13102,東京都中央区日本橋蛎殻町,中古マンション等,35,29.0,2.0,53000000,0.4898760462847738,1.4898760462847738,48.987604628477385,高値,中度,52890599.64310947,35500000.0,True,30,要人手査定
29985,13120,東京都練馬区中村南,中古マンション等,55,42.0,15.0,38000000,0.4896955092091075,1.4896955092091075,48.96955092091075,高値,中度,40221778.7486459,27000000.0,True,30,要人手査定
35892,13206,東京都府中市宮西町,中古マンション等,15,39.0,3.0,8100000,0.48966483375825726,0.5103351662417427,-48.966483375825725,安値,中度,7910195.076747012,15500000.0,True,30,要人手査定
14327,13109,東京都品川区上大崎,中古マンション等,120,19.0,8.0,200000000,0.4895686716435263,1.4895686716435264,48.95686716435263,高値,中度,283018047.61227,190000000.0,True,30,要人手査定
22605,13114,東京都中野区東中野,中古マンション等,40,57.0,7.0,33000000,0.48939195328909624,1.4893919532890962,48.939195328909626,高値,中度,33511318.949004665,22500000.0,True,30,要人手査定
17489,13111,東京都大田区山王,中古マンション等,30,8.0,11.0,44000000,0.4892640718542505,1.4892640718542505,48.926407185425056,高値,中度,41699394.011919014,28000000.0,True,30,要人手査定
11893,13108,東京都江東区越中島,中古マンション等,80,40.0,7.0,90000000,0.4891647126486193,1.4891647126486194,48.91647126486193,高値,中度,81904059.19567406,55000000.0,True,30,要人手査定
19328,13112,東京都世田谷区砧,中古マンション等,35,47.0,20.0,8100000,0.4890768716150707,0.5109231283849293,-48.90768716150707,安値,中度,12773078.209623232,25000000.0,True,30,要人手査定
13182,13109,東京都品川区西大井,中古マンション等,30,39.0,13.0,12000000,0.48898640183683273,0.5110135981631673,-48.89864018368327,安値,中度,15585914.743976602,30500000.0,True,30,要人手査定
21070,13113,東京都渋谷区渋谷,中古マンション等,55,2.0,7.0,160000000,0.48893279461848904,1.488932794618489,48.893279461848905,高値,中度,186116599.32731113,125000000.0,True,30,要人手査定
21066,13113,東京都渋谷区渋谷,中古マンション等,55,2.0,7.0,180000000,0.48893279461848904,1.488932794618489,48.893279461848905,高値,中度,186116599.32731113,125000000.0,True,30,要人手査定
22527,13114,東京都中野区中央,中古マンション等,90,28.0,5.0,160000000,0.48892044453067107,1.4889204445306712,48.89204445306711,高値,中度,119113635.56245369,80000000.0,True,30,要人手査定
38340,13218,東京都福生市北田園,中古マンション等,45,37.0,12.0,6500000,0.4888467278066059,0.5111532721933941,-48.88467278066059,安値,中度,5878262.630224032,11500000.0,True,30,要人手査定
14551,13109,東京都品川区東大井,中古マンション等,30,14.0,3.0,59000000,0.4887764995823041,1.488776499582304,48.877649958230414,高値,中度,46152071.48705143,31000000.0,True,30,要人手査定
34671,13203,東京都武蔵野市吉祥寺本町,中古マンション等,15,47.0,3.0,16000000,0.48846971735400846,0.5115302826459915,-48.84697173540084,安値,中度,11509431.35953481,22500000.0,True,30,要人手査定
4225,13103,東京都港区芝浦,中古マンション等,65,20.0,14.0,160000000,0.4884475997064404,1.4884475997064404,48.84475997064404,高値,中度,148100536.17079082,99500000.0,True,30,要人手査定
31389,13121,東京都足立区千住元町,中古マンション等,75,12.0,19.0,36000000,0.4884398764384711,1.4884398764384712,48.84398764384711,高値,中度,55072275.42822343,37000000.0,True,30,要人手査定
7314,13105,東京都文京区湯島,中古マンション等,45,9.0,4.0,90000000,0.48842992728004,1.48842992728004,48.842992728004,高値,中度,94515300.38228254,63500000.0,True,30,要人手査定
14189,13109,東京都品川区大崎,中古マンション等,35,25.0,9.0,40000000,0.4882914061320947,1.4882914061320947,48.82914061320947,高値,中度,43904596.48089679,29500000.0,True,30,要人手査定
21068,13113,東京都渋谷区渋谷,中古マンション等,35,48.0,8.0,49000000,0.4882277539076854,1.4882277539076854,48.82277539076854,高値,中度,43158604.86332288,29000000.0,True,30,要人手査定
17397,13111,東京都大田区蒲田,中古マンション等,35,11.0,1.0,56000000,0.48816499795545154,1.4881649979554517,48.816499795545155,高値,中度,50597609.93048535,34000000.0,True,30,要人手査定
20105,13112,東京都世田谷区三軒茶屋,中古マンション等,50,48.0,3.0,59000000,0.4880022098962048,1.4880022098962047,48.80022098962048,高値,中度,63984095.025536805,43000000.0,True,30,要人手査定
28430,13119,東京都板橋区成増,中古マンション等,50,41.0,9.0,37000000,0.48797854363039567,1.4879785436303956,48.79785436303957,高値,中度,40919409.94983588,27500000.0,True,30,要人手査定
22204,13114,東京都中野区新井,中古マンション等,70,15.0,9.0,110000000,0.4878820008084672,1.4878820008084672,48.78820008084672,高値,中度,122006324.06629431,82000000.0,True,30,要人手査定
31125,13121,東京都足立区梅田,中古マンション等,30,35.0,9.0,11000000,0.48771813188730434,1.4877181318873043,48.771813188730434,高値,中度,13240691.373797009,8900000.0,True,30,要人手査定
11176,13108,東京都江東区豊洲,中古マンション等,75,12.0,12.0,140000000,0.4876148469646713,1.4876148469646713,48.76148469646713,高値,中度,130166299.10940874,87500000.0,True,30,要人手査定
22210,13114,東京都中野区新井,中古マンション等,55,13.0,11.0,99000000,0.48757047087078337,1.4875704708707833,48.757047087078334,高値,中度,95948295.37116553,64500000.0,True,30,要人手査定
23020,13115,東京都杉並区成田東,中古マンション等,75,6.0,1.0,170000000,0.4874284832127843,1.4874284832127844,48.74284832127843,高値,中度,145024277.11324647,97500000.0,True,30,要人手査定
25590,13117,東京都北区赤羽北,中古マンション等,20,35.0,6.0,8000000,0.4874163229547003,0.5125836770452997,-48.741632295470026,安値,中度,8713922.509770095,17000000.0,True,30,要人手査定
2969,13103,東京都港区南青山,中古マンション等,80,25.0,12.0,230000000,0.48729340385185244,1.4872934038518524,48.729340385185246,高値,中度,223094010.57777786,150000000.0,True,30,要人手査定
3458,13103,東京都港区台場,中古マンション等,65,20.0,3.0,120000000,0.4872092690129629,0.5127907309870371,-48.72092690129629,安値,中度,107686053.50727779,210000000.0,True,30,要人手査定
1231,13102,東京都中央区勝どき,中古マンション等,50,3.0,1.0,130000000,0.4871821476808131,1.4871821476808131,48.71821476808131,高値,中度,142025895.10351765,95500000.0,True,30,要人手査定
36909,13209,東京都町田市小山町,中古マンション等,60,29.0,5.0,20000000,0.48698178280893034,0.5130182171910697,-48.69817828089303,安値,中度,19751201.36185618,38500000.0,True,30,要人手査定
21120,13113,東京都渋谷区恵比寿南,中古マンション等,80,52.0,4.0,120000000,0.48697011342467783,1.4869701134246778,48.69701134246778,高値,中度,119701094.13068657,80500000.0,True,30,要人手査定
19335,13112,東京都世田谷区砧,中古マンション等,20,35.0,15.0,7400000,0.4869476282801178,0.5130523717198822,-48.694762828011775,安値,中度,7695785.575798233,15000000.0,True,30,要人手査定
22568,13114,東京都中野区中野,中古マンション等,75,24.0,9.0,110000000,0.4868925209950207,1.4868925209950206,48.68925209950207,高値,中度,110030046.55363153,74000000.0,True,30,要人手査定
12538,13108,東京都江東区東雲,中古マンション等,25,12.0,5.0,35000000,0.48684160750618977,1.4868416075061897,48.68416075061898,高値,中度,41631565.01017331,28000000.0,True,30,要人手査定
24320,13116,東京都豊島区南池袋,中古マンション等,50,11.0,1.0,130000000,0.48662164797641766,1.4866216479764176,48.662164797641765,高値,中度,123389596.78204267,83000000.0,True,30,要人手査定
28583,13119,東京都板橋区南町,中古マンション等,15,33.0,11.0,12000000,0.48645600531207656,1.4864560053120766,48.645600531207656,高値,中度,11891648.042496612,8000000.0,True,30,要人手査定
14518,13109,東京都品川区西品川,中古マンション等,15,35.0,10.0,11000000,0.4863903881793145,0.5136096118206855,-48.63903881793145,安値,中度,11299411.460055081,22000000.0,True,30,要人手査定
38244,13215,東京都国立市富士見台,中古マンション等,45,34.0,11.0,16000000,0.4862093263209745,0.5137906736790255,-48.62093263209745,安値,中度,15156824.873531252,29500000.0,True,30,要人手査定
24686,13116,東京都豊島区東池袋,中古マンション等,75,10.0,8.0,120000000,0.48614323113933894,1.486143231139339,48.61432311393389,高値,中度,148614323.1139339,100000000.0,True,30,要人手査定
19544,13112,東京都世田谷区三宿,中古マンション等,80,48.0,13.0,69000000,0.4861246961127571,1.486124696112757,48.61246961127571,高値,中度,86195232.37453991,58000000.0,True,30,要人手査定
35175,13204,東京都三鷹市井口,中古マンション等,25,25.0,23.0,42000000,0.4858767748445375,0.5141232251554625,-48.58767748445375,安値,中度,20564929.0062185,40000000.0,True,30,要人手査定
39357,13227,東京都羽村市神明台,中古マンション等,80,20.0,12.0,27000000,0.4857199825627536,1.4857199825627536,48.571998256275364,高値,中度,23771519.721004058,16000000.0,True,30,要人手査定
94,13101,東京都千代田区神田東松下町,中古マンション等,70,24.0,4.0,98000000,0.4854912351721379,0.5145087648278621,-48.549123517213786,安値,中度,97756665.31729381,190000000.0,True,30,要人手査定
2860,13103,東京都港区海岸,中古マンション等,15,51.0,6.0,8400000,0.4854668252137891,0.5145331747862109,-48.54668252137891,安値,中度,9004330.558758691,17500000.0,True,30,要人手査定
37078,13209,東京都町田市藤の台,中古マンション等,45,55.0,22.0,13000000,0.48537060003958793,1.4853706000395879,48.53706000395879,高値,中度,12922724.220344415,8700000.0,True,30,要人手査定
9200,13107,東京都墨田区吾妻橋,中古マンション等,40,54.0,2.0,25000000,0.4853470423139261,1.4853470423139261,48.53470423139261,高値,中度,25993573.240493707,17500000.0,True,30,要人手査定
3246,13103,東京都港区西新橋,中古マンション等,60,7.0,6.0,190000000,0.4852371297656016,0.5147628702343984,-48.52371297656016,安値,中度,102952574.04687968,200000000.0,True,30,要人手査定
3245,13103,東京都港区西新橋,中古マンション等,60,7.0,6.0,200000000,0.4852371297656016,0.5147628702343984,-48.52371297656016,安値,中度,102952574.04687968,200000000.0,True,30,要人手査定
20200,13112,東京都世田谷区玉川,中古マンション等,70,7.0,6.0,190000000,0.48518998978883165,1.4851899897888317,48.51899897888317,高値,中度,163370898.87677148,110000000.0,True,30,要人手査定
5178,13104,東京都新宿区四谷,中古マンション等,75,2.0,4.0,240000000,0.48510665469563874,1.4851066546956389,48.510665469563875,高値,中度,259893664.57173678,175000000.0,True,30,要人手査定
30997,13121,東京都足立区千住寿町,中古マンション等,25,38.0,9.0,10000000,0.4850676414207153,1.4850676414207153,48.50676414207153,高値,中度,11509274.221010543,7750000.0,True,30,要人手査定
15338,13110,東京都目黒区東山,中古マンション等,95,7.0,8.0,250000000,0.48504566831538043,1.4850456683153805,48.50456683153804,高値,中度,245032535.27203777,165000000.0,True,30,要人手査定
39361,13227,東京都羽村市神明台,中古マンション等,90,23.0,18.0,19000000,0.4848655248791822,1.4848655248791822,48.486552487918225,高値,中度,21530550.110748142,14500000.0,True,30,要人手査定
44,13101,東京都千代田区平河町,中古マンション等,30,47.0,4.0,31000000,0.4847997128187118,1.4847997128187118,48.47997128187118,高値,中度,30438394.112783592,20500000.0,True,30,要人手査定
4054,13103,東京都港区赤坂,中古マンション等,80,17.0,7.0,250000000,0.48469687132846667,1.4846968713284667,48.469687132846666,高値,中度,289515889.909051,195000000.0,True,30,要人手査定
18984,13112,東京都世田谷区下馬,中古マンション等,80,3.0,9.0,160000000,0.4846884244110259,1.4846884244110259,48.46884244110259,高値,中度,163315726.68521285,110000000.0,True,30,要人手査定
23753,13115,東京都杉並区荻窪,中古マンション等,30,5.0,18.0,37000000,0.4846330746212165,1.4846330746212164,48.463307462121655,高値,中度,42312042.62670467,28500000.0,True,30,要人手査定
13390,13109,東京都品川区北品川,中古マンション等,70,21.0,13.0,120000000,0.48462855249224446,1.4846285524922445,48.46285524922445,高値,中度,126193426.96184078,85000000.0,True,30,要人手査定
17187,13111,東京都大田区大森北,中古マンション等,55,47.0,5.0,46000000,0.48459946119563546,1.4845994611956355,48.45994611956355,高値,中度,46022583.2970647,31000000.0,True,30,要人手査定
38297,13218,東京都福生市大字福生,中古マンション等,20,35.0,2.0,4100000,0.48459603518667926,0.5154039648133207,-48.459603518667926,安値,中度,3917070.1325812377,7600000.0,True,30,要人手査定
34097,13201,東京都八王子市子安町,中古マンション等,75,16.0,1.0,95000000,0.48443359448131856,1.4844335944813185,48.44335944813186,高値,中度,71995029.33234395,48500000.0,True,30,要人手査定
39332,13225,東京都稲城市若葉台,中古マンション等,95,11.0,6.0,72000000,0.48425571469416423,1.4842557146941642,48.425571469416425,高値,中度,75697041.44940238,51000000.0,True,30,要人手査定
13113,13109,東京都品川区上大崎,中古マンション等,80,56.0,8.0,82000000,0.48425024733008976,1.4842502473300898,48.425024733008975,高値,中度,85344389.22148016,57500000.0,True,30,要人手査定
372,13101,東京都千代田区一番町,中古マンション等,60,56.0,1.0,120000000,0.4841997706606828,1.4841997706606829,48.419977066068284,高値,中度,97957184.86360507,66000000.0,True,30,要人手査定
17144,13111,東京都大田区大森北,中古マンション等,35,7.0,12.0,54000000,0.4841716931213933,1.4841716931213933,48.41716931213933,高値,中度,48977665.87300598,33000000.0,True,30,要人手査定
37908,13213,東京都東村山市栄町,中古マンション等,40,47.0,8.0,18000000,0.48397079577210483,1.483970795772105,48.397079577210484,高値,中度,15433296.27602989,10400000.0,True,30,要人手査定
38257,13215,東京都国立市中,中古マンション等,55,27.0,9.0,47000000,0.4839141441882127,1.4839141441882127,48.39141441882127,高値,中度,51936995.046587445,35000000.0,True,30,要人手査定
34389,13202,東京都立川市上砂町,中古マンション等,65,33.0,9.0,17000000,0.48373801571371866,0.5162619842862813,-48.373801571371864,安値,中度,16778514.489304144,32500000.0,True,30,要人手査定
3356,13103,東京都港区三田,中古マンション等,90,17.0,5.0,400000000,0.48372523035368364,1.4837252303536836,48.37252303536837,高値,中度,445117569.1061051,300000000.0,True,30,要人手査定
23994,13115,東京都杉並区浜田山,中古マンション等,130,37.0,10.0,140000000,0.4834251296237328,1.4834251296237329,48.34251296237328,高値,中度,130541411.40688848,88000000.0,True,30,要人手査定
35086,13204,東京都三鷹市下連雀,中古マンション等,85,19.0,2.0,120000000,0.4834150105218388,1.4834150105218387,48.34150105218388,高値,中度,94196853.16813676,63500000.0,True,30,要人手査定
38029,13214,東京都国分寺市東戸倉,中古マンション等,50,40.0,13.0,28000000,0.4832228032685253,0.5167771967314747,-48.32228032685253,安値,中度,17053647.492138665,33000000.0,True,30,要人手査定
3098,13103,東京都港区浜松町,中古マンション等,35,7.0,5.0,90000000,0.48293101614403644,1.4829310161440363,48.293101614403646,高値,中度,106771033.16237062,72000000.0,True,30,要人手査定
27646,13119,東京都板橋区加賀,中古マンション等,110,43.0,7.0,72000000,0.4829020554299247,1.4829020554299246,48.29020554299247,高値,中度,71920749.68835135,48500000.0,True,30,要人手査定
32386,13122,東京都葛飾区東新小岩,中古マンション等,45,36.0,2.0,44000000,0.48271368153185046,1.4827136815318505,48.271368153185044,高値,中度,39291912.56059404,26500000.0,True,30,要人手査定
35682,13206,東京都府中市浅間町,中古マンション等,35,32.0,18.0,13000000,0.4826699131752232,0.5173300868247769,-48.26699131752232,安値,中度,12933252.17061942,25000000.0,True,30,要人手査定
9169,13107,東京都墨田区菊川,中古マンション等,85,34.0,2.0,78000000,0.482611715836687,1.482611715836687,48.2611715836687,高値,中度,93404538.09771128,63000000.0,True,30,要人手査定
35064,13204,東京都三鷹市下連雀,中古マンション等,30,20.0,5.0,24000000,0.4826060901127776,0.5173939098872223,-48.26060901127776,安値,中度,22506635.080094174,43500000.0,True,30,要人手査定
7251,13105,東京都文京区湯島,中古マンション等,50,6.0,5.0,92000000,0.48250861530296535,1.4825086153029654,48.25086153029653,高値,中度,114894417.68597981,77500000.0,True,30,要人手査定
1401,13102,東京都中央区湊,中古マンション等,120,9.0,6.0,430000000,0.4825064791768363,1.4825064791768363,48.25064791768363,高値,中度,385451684.58597744,260000000.0,True,30,要人手査定
37167,13210,東京都小金井市中町,中古マンション等,20,32.0,8.0,11000000,0.48248191854573946,0.5175180814542605,-48.248191854573946,安値,中度,9574084.50690382,18500000.0,True,30,要人手査定
34371,13202,東京都立川市一番町,中古マンション等,70,27.0,12.0,12000000,0.4824721876217989,0.5175278123782011,-48.24721876217989,安値,中度,17595945.620858837,34000000.0,True,30,要人手査定
17113,13111,東京都大田区石川町,中古マンション等,65,21.0,6.0,86000000,0.48242009968552835,1.4824200996855283,48.242009968552836,高値,中度,81533105.48270406,55000000.0,True,30,要人手査定
34913,13203,東京都武蔵野市西久保,中古マンション等,20,32.0,14.0,12000000,0.4815839521163174,0.5184160478836826,-48.158395211631735,安値,中度,11923569.1013247,23000000.0,True,30,要人手査定
3176,13103,東京都港区六本木,中古マンション等,65,14.0,3.0,380000000,0.4814018925114698,1.4814018925114698,48.14018925114698,高値,中度,318501406.889966,215000000.0,True,30,要人手査定
13514,13109,東京都品川区北品川,中古マンション等,65,11.0,6.0,190000000,0.48101055278582816,1.4810105527858282,48.10105527858282,高値,中度,162911160.8064411,110000000.0,True,30,要人手査定
66,13101,東京都千代田区平河町,中古マンション等,75,46.0,2.0,110000000,0.4810071880034081,1.4810071880034081,48.10071880034081,高値,中度,119221078.63427435,80500000.0,True,30,要人手査定
28883,13120,東京都練馬区立野町,中古マンション等,80,17.0,15.0,89000000,0.4809881604544821,1.4809881604544821,48.09881604544821,高値,中度,79232866.5843148,53500000.0,True,30,要人手査定
17761,13111,東京都大田区西蒲田,中古マンション等,35,20.0,8.0,34000000,0.4808291085053703,1.4808291085053704,48.08291085053703,高値,中度,37020727.71263426,25000000.0,True,30,要人手査定
26255,13118,東京都荒川区東尾久,中古マンション等,30,39.0,15.0,14000000,0.48078708058804875,0.5192129194119512,-48.07870805880488,安値,中度,14018748.824122684,27000000.0,True,30,要人手査定
18547,13112,東京都世田谷区代田,中古マンション等,65,57.0,3.0,46000000,0.4807378079565185,0.5192621920434816,-48.07378079565185,安値,中度,27780527.27432626,53500000.0,True,30,要人手査定
30999,13121,東京都足立区千住関屋町,中古マンション等,65,47.0,11.0,30000000,0.48067282711939957,1.4806728271193996,48.06728271193996,高値,中度,39978166.33222379,27000000.0,True,30,要人手査定
26770,13118,東京都荒川区西日暮里,中古マンション等,60,33.0,3.0,63000000,0.4806454422721769,1.4806454422721769,48.064544227217695,高値,中度,63667754.01770361,43000000.0,True,30,要人手査定
34883,13203,東京都武蔵野市西久保,中古マンション等,20,36.0,13.0,13000000,0.48056709441793644,0.5194329055820636,-48.05670944179364,安値,中度,9869225.206059208,19000000.0,True,30,要人手査定
22642,13114,東京都中野区本町,中古マンション等,35,40.0,5.0,33000000,0.480411422125962,1.4804114221259619,48.0411422125962,高値,中度,31088639.8646452,21000000.0,True,30,要人手査定
28490,13119,東京都板橋区蓮根,中古マンション等,50,52.0,5.0,30000000,0.4803677282705262,1.4803677282705263,48.03677282705262,高値,中度,29607354.565410525,20000000.0,True,30,要人手査定
4683,13104,東京都新宿区四谷本塩町,中古マンション等,40,7.0,5.0,77000000,0.48024022660034454,1.4802402266003445,48.024022660034454,高値,中度,79932972.2364186,54000000.0,True,30,要人手査定
21862,13114,東京都中野区中野,中古マンション等,125,33.0,8.0,100000000,0.4799075894683081,1.479907589468308,47.99075894683081,高値,中度,125792145.10480618,85000000.0,True,30,要人手査定
21871,13114,東京都中野区中野,中古マンション等,125,33.0,8.0,100000000,0.4799075894683081,1.479907589468308,47.99075894683081,高値,中度,125792145.10480618,85000000.0,True,30,要人手査定
5601,13104,東京都新宿区山吹町,中古マンション等,25,6.0,6.0,38000000,0.4796767810296247,0.5203232189703754,-47.967678102962466,安値,中度,37983594.9848374,73000000.0,True,30,要人手査定
37722,13212,東京都日野市百草,中古マンション等,50,56.0,20.0,5300000,0.4792903487352538,0.5207096512647462,-47.92903487352538,安値,中度,5337273.9254636485,10250000.0,True,30,要人手査定
2769,13103,東京都港区虎ノ門,中古マンション等,70,44.0,3.0,79000000,0.47920224755451885,1.4792022475545188,47.92022475545188,高値,中度,118336179.8043615,80000000.0,True,30,要人手査定
34934,13203,東京都武蔵野市関前,中古マンション等,20,18.0,26.0,11000000,0.4791458870663953,0.5208541129336046,-47.914588706639535,安値,中度,16406904.557408547,31500000.0,True,30,要人手査定
28586,13119,東京都板橋区南町,中古マンション等,35,32.0,7.0,37000000,0.47902377521722195,1.479023775217222,47.902377521722194,高値,中度,37715106.26803916,25500000.0,True,30,要人手査定
29521,13120,東京都練馬区栄町,中古マンション等,35,5.0,1.0,33000000,0.47878858142741887,1.4787885814274189,47.87885814274189,高値,中度,42145474.57068144,28500000.0,True,30,要人手査定
21174,13113,東京都渋谷区初台,中古マンション等,35,3.0,2.0,73000000,0.47876273531199515,0.5212372646880049,-47.876273531199516,安値,中度,62548471.76256058,120000000.0,True,30,要人手査定
38515,13220,東京都東大和市蔵敷,中古マンション等,60,55.0,8.0,4400000,0.4786977263203537,0.5213022736796463,-47.86977263203537,安値,中度,8340836.378874341,16000000.0,True,30,要人手査定
13228,13109,東京都品川区上大崎,中古マンション等,55,49.0,9.0,55000000,0.47863967232348137,1.4786396723234814,47.86396723234814,高値,中度,67278105.0907184,45500000.0,True,30,要人手査定
22269,13114,東京都中野区南台,中古マンション等,125,37.0,7.0,90000000,0.47860682703823165,1.4786068270382318,47.860682703823166,高値,中度,125681580.29824969,85000000.0,True,30,要人手査定
35253,13205,東京都青梅市新町,中古マンション等,80,17.0,27.0,18000000,0.4785852037509794,1.4785852037509795,47.85852037509794,高値,中度,20700192.852513712,14000000.0,True,30,要人手査定
6205,13104,東京都新宿区富久町,中古マンション等,30,54.0,5.0,33000000,0.47854379892026067,1.4785437989202606,47.85437989202607,高値,中度,31049419.777325474,21000000.0,True,30,要人手査定
2473,13102,東京都中央区湊,中古マンション等,30,22.0,6.0,43000000,0.47848582072333373,1.4784858207233338,47.84858207233337,高値,中度,48050789.173508346,32500000.0,True,30,要人手査定
27458,13119,東京都板橋区高島平,中古マンション等,45,48.0,6.0,12000000,0.4784604594954322,0.5215395405045679,-47.84604594954322,安値,中度,11995409.43160506,23000000.0,True,30,要人手査定
39630,13229,東京都西東京市西原町,中古マンション等,70,44.0,25.0,13000000,0.478404611820636,0.521595388179364,-47.8404611820636,安値,中度,13561480.092663465,26000000.0,True,30,要人手査定
6302,13104,東京都新宿区西新宿,中古マンション等,35,3.0,8.0,120000000,0.478388040088037,1.478388040088037,47.8388040088037,高値,中度,66527461.803961664,45000000.0,True,30,要人手査定
9048,13107,東京都墨田区墨田,中古マンション等,70,49.0,6.0,21000000,0.47833191573325246,0.5216680842667475,-47.833191573325244,安値,中度,22953395.70773689,44000000.0,True,30,要人手査定
19244,13112,東京都世田谷区代沢,中古マンション等,35,9.0,5.0,67000000,0.4783045287085148,1.4783045287085148,47.83045287085148,高値,中度,64306246.998820394,43500000.0,True,30,要人手査定
7847,13106,東京都台東区東上野,中古マンション等,55,5.0,5.0,120000000,0.47781496820486763,1.4778149682048676,47.781496820486765,高値,中度,120441919.90869671,81500000.0,True,30,要人手査定
13707,13109,東京都品川区東五反田,中古マンション等,75,3.0,7.0,180000000,0.477475145785924,1.4774751457859239,47.7475145785924,高値,中度,184684393.2232405,125000000.0,True,30,要人手査定
7688,13105,東京都文京区湯島,中古マンション等,55,8.0,4.0,130000000,0.4774676341232196,1.4774676341232196,47.746763412321954,高値,中度,134449554.70521298,91000000.0,True,30,要人手査定
17913,13111,東京都大田区東雪谷,中古マンション等,65,28.0,12.0,70000000,0.4774508185651076,1.4774508185651076,47.745081856510765,高値,中度,70178913.88184261,47500000.0,True,30,要人手査定
22386,13114,東京都中野区新井,中古マンション等,50,13.0,11.0,85000000,0.477287094974097,1.477287094974097,47.728709497409696,高値,中度,85682651.50849763,58000000.0,True,30,要人手査定
19733,13112,東京都世田谷区砧,中古マンション等,20,35.0,15.0,6800000,0.4772325666218306,0.5227674333781693,-47.72325666218306,安値,中度,7841511.500672541,15000000.0,True,30,要人手査定
37298,13211,東京都小平市小川東町,中古マンション等,40,43.0,5.0,9000000,0.4771471154243603,0.5228528845756397,-47.71471154243603,安値,中度,8627072.595498055,16500000.0,True,30,要人手査定
24614,13116,東京都豊島区東池袋,中古マンション等,90,25.0,8.0,140000000,0.4770024757675752,1.4770024757675753,47.70024757675752,高値,中度,147700247.57675752,100000000.0,True,30,要人手査定
19838,13112,東京都世田谷区池尻,中古マンション等,40,51.0,5.0,44000000,0.4769814820523212,1.4769814820523213,47.69814820523212,高値,中度,44309444.46156964,30000000.0,True,30,要人手査定
20521,13113,東京都渋谷区大山町,中古マンション等,75,7.0,5.0,150000000,0.47691797983072354,1.4769179798307235,47.691797983072355,高値,中度,199383927.27714768,135000000.0,True,30,要人手査定
29581,13120,東京都練馬区大泉町,中古マンション等,45,35.0,5.0,19000000,0.476612931086299,0.523387068913701,-47.6612931086299,安値,中度,18580240.946436387,35500000.0,True,30,要人手査定
25805,13117,東京都北区上十条,中古マンション等,25,35.0,13.0,10000000,0.4766101400620753,0.5233898599379248,-47.66101400620753,安値,中度,10206102.268789532,19500000.0,True,30,要人手査定
30940,13121,東京都足立区千住関屋町,中古マンション等,70,46.0,9.0,41000000,0.4764346679515341,1.476434667951534,47.64346679515341,高値,中度,39125518.70071565,26500000.0,True,30,要人手査定
30945,13121,東京都足立区千住関屋町,中古マンション等,70,46.0,9.0,44000000,0.4764346679515341,1.476434667951534,47.64346679515341,高値,中度,39125518.70071565,26500000.0,True,30,要人手査定
21091,13113,東京都渋谷区南平台町,中古マンション等,150,2.0,10.0,1000000000,0.4764241184956177,1.4764241184956177,47.642411849561775,高値,中度,501984200.28851,340000000.0,True,30,要人手査定
34363,13202,東京都立川市一番町,中古マンション等,80,42.0,19.0,12000000,0.47640905552280777,0.5235909444771922,-47.64090555228078,安値,中度,12827978.13969121,24500000.0,True,30,要人手査定
20196,13112,東京都世田谷区玉川,中古マンション等,65,16.0,6.0,150000000,0.4762526787071871,1.4762526787071872,47.625267870718716,高値,中度,139505878.13782918,94500000.0,True,30,要人手査定
7100,13105,東京都文京区水道,中古マンション等,20,45.0,11.0,14000000,0.4762196670289239,0.5237803329710761,-47.62196670289239,安値,中度,12046947.65833475,23000000.0,True,30,要人手査定
25751,13117,東京都北区王子,中古マンション等,75,8.0,6.0,97000000,0.4761489870748938,1.4761489870748938,47.61489870748938,高値,中度,95211609.66633065,64500000.0,True,30,要人手査定
18788,13112,東京都世田谷区奥沢,中古マンション等,85,2.0,2.0,220000000,0.47613321586404705,1.476133215864047,47.61332158640471,高値,中度,236181314.53824753,160000000.0,True,30,要人手査定
8714,13106,東京都台東区根岸,中古マンション等,30,54.0,4.0,29000000,0.4760666471185392,1.4760666471185393,47.60666471185392,高値,中度,28783299.618811514,19500000.0,True,30,要人手査定
20552,13113,東京都渋谷区幡ケ谷,中古マンション等,30,9.0,7.0,32000000,0.4760097848585936,0.5239902151414064,-47.60097848585936,安値,中度,32487393.338767197,62000000.0,True,30,要人手査定
13096,13109,東京都品川区大井,中古マンション等,70,7.0,5.0,180000000,0.475953638035662,1.475953638035662,47.5953638035662,高値,中度,177114436.56427944,120000000.0,True,30,要人手査定
20182,13112,東京都世田谷区太子堂,中古マンション等,120,18.0,10.0,280000000,0.47586080679293274,1.4758608067929329,47.586080679293275,高値,中度,191861904.88308126,130000000.0,True,30,要人手査定
15357,13110,東京都目黒区八雲,中古マンション等,50,58.0,15.0,20000000,0.4757721111100459,0.5242278888899541,-47.577211111004594,安値,中度,22279685.27782305,42500000.0,True,30,要人手査定
7904,13106,東京都台東区東上野,中古マンション等,45,6.0,5.0,68000000,0.47573742414710646,1.4757374241471064,47.573742414710644,高値,中度,82641295.75223796,56000000.0,True,30,要人手査定
22555,13114,東京都中野区中野,中古マンション等,105,60.0,5.0,55000000,0.4757075362244766,1.4757075362244765,47.57075362244766,高値,中度,81163914.49234621,55000000.0,True,30,要人手査定
2668,13103,東京都港区南麻布,中古マンション等,20,31.0,13.0,15000000,0.47567271924731264,0.5243272807526874,-47.567271924731266,安値,中度,15467654.782204278,29500000.0,True,30,要人手査定
21470,13113,東京都渋谷区渋谷,中古マンション等,45,23.0,10.0,120000000,0.47567103254034016,1.4756710325403402,47.567103254034016,高値,中度,118053682.60322721,80000000.0,True,30,要人手査定
36087,13207,東京都昭島市玉川町,中古マンション等,45,41.0,2.0,13000000,0.4756570191327401,0.5243429808672598,-47.56570191327401,安値,中度,11797717.069513347,22500000.0,True,30,要人手査定
20602,13113,東京都渋谷区代官山町,中古マンション等,65,55.0,10.0,90000000,0.4755104672906975,1.4755104672906976,47.55104672906975,高値,中度,90006138.50473255,61000000.0,True,30,要人手査定
19386,13112,東京都世田谷区玉堤,中古マンション等,40,51.0,12.0,13000000,0.4754199718911684,0.5245800281088316,-47.54199718911684,安値,中度,17311140.927591443,33000000.0,True,30,要人手査定
21644,13113,東京都渋谷区広尾,中古マンション等,60,44.0,8.0,98000000,0.47540138345911986,1.4754013834591198,47.540138345911984,高値,中度,97376491.30830191,66000000.0,True,30,要人手査定
13675,13109,東京都品川区西五反田,中古マンション等,70,12.0,8.0,130000000,0.474984325721975,1.474984325721975,47.4984325721975,高値,中度,138648526.61786565,94000000.0,True,30,要人手査定
39306,13225,東京都稲城市東長沼,中古マンション等,70,28.0,3.0,44000000,0.47489313121240845,1.4748931312124085,47.48931312124085,高値,中度,42771900.805159844,29000000.0,True,30,要人手査定
12991,13108,東京都江東区森下,中古マンション等,35,20.0,4.0,49000000,0.474787001094982,1.474787001094982,47.4787001094982,高値,中度,46455790.534491934,31500000.0,True,30,要人手査定
4691,13104,東京都新宿区市谷本村町,中古マンション等,55,21.0,5.0,120000000,0.4747161976196031,1.474716197619603,47.47161976196031,高値,中度,120189370.10599765,81500000.0,True,30,要人手査定
3706,13103,東京都港区元赤坂,中古マンション等,50,50.0,7.0,64000000,0.4745280137089258,0.5254719862910743,-47.45280137089258,安値,中度,36257567.05408412,69000000.0,True,30,要人手査定
10875,13108,東京都江東区豊洲,中古マンション等,115,17.0,6.0,230000000,0.47442529384643706,1.474425293846437,47.442529384643706,高値,中度,243280173.48466212,165000000.0,True,30,要人手査定
29704,13120,東京都練馬区石神井町,中古マンション等,105,24.0,1.0,140000000,0.47402716435059467,1.4740271643505947,47.40271643505947,高値,中度,114974118.81934638,78000000.0,True,30,要人手査定
21153,13113,東京都渋谷区千駄ケ谷,中古マンション等,65,3.0,1.0,280000000,0.47386618532125113,1.4738661853212511,47.38661853212511,高値,中度,257926582.43121895,175000000.0,True,30,要人手査定
213,13101,東京都千代田区東神田,中古マンション等,75,12.0,3.0,140000000,0.4738545085791639,0.5261454914208361,-47.38545085791639,安値,中度,134167100.31231321,255000000.0,True,30,要人手査定
36781,13209,東京都町田市忠生,中古マンション等,70,34.0,5.0,20000000,0.47381144714490253,0.5261885528550975,-47.381144714490254,安値,中度,19205882.179211058,36500000.0,True,30,要人手査定
34641,13202,東京都立川市羽衣町,中古マンション等,65,25.0,9.0,44000000,0.4736732382762415,1.4736732382762416,47.367323827624155,高値,中度,45683870.38656349,31000000.0,True,30,要人手査定
3388,13103,東京都港区港南,中古マンション等,25,18.0,14.0,26000000,0.4735683442015808,0.5264316557984192,-47.35683442015808,安値,中度,25005503.650424913,47500000.0,True,30,要人手査定
18504,13112,東京都世田谷区喜多見,中古マンション等,55,32.0,5.0,21000000,0.4735424804296671,0.5264575195703328,-47.35424804296671,安値,中度,36852026.3699233,70000000.0,True,30,要人手査定
36729,13209,東京都町田市山崎町,中古マンション等,60,50.0,5.0,12000000,0.4735099140069519,1.4735099140069519,47.35099140069519,高値,中度,14366721.661567781,9750000.0,True,30,要人手査定
29543,13120,東京都練馬区練馬,中古マンション等,40,32.0,5.0,44000000,0.47345805960695003,1.47345805960695,47.345805960695,高値,中度,39783367.60938765,27000000.0,True,30,要人手査定
16280,13111,東京都大田区大森西,中古マンション等,20,42.0,15.0,6000000,0.4733982378304333,0.5266017621695668,-47.33982378304333,安値,中度,7899026.432543501,15000000.0,True,30,要人手査定
19425,13112,東京都世田谷区池尻,中古マンション等,90,14.0,8.0,200000000,0.4733537678854349,1.473353767885435,47.335376788543485,高値,中度,162068914.46739784,110000000.0,True,30,要人手査定
5932,13104,東京都新宿区神楽坂,中古マンション等,35,25.0,1.0,81000000,0.4730092524080697,1.4730092524080696,47.30092524080697,高値,中度,73650462.62040348,50000000.0,True,30,要人手査定
31968,13122,東京都葛飾区西新小岩,中古マンション等,75,20.0,3.0,80000000,0.4729852777365465,1.4729852777365464,47.298527773654655,高値,中度,80277697.63664179,54500000.0,True,30,要人手査定
4048,13103,東京都港区赤坂,中古マンション等,50,17.0,7.0,150000000,0.4729767055138907,1.4729767055138907,47.29767055138907,高値,中度,147297670.55138907,100000000.0,True,30,要人手査定
12232,13108,東京都江東区大島,中古マンション等,15,36.0,1.0,11000000,0.4729252087142692,0.5270747912857308,-47.292520871426916,安値,中度,10805033.221357482,20500000.0,True,30,要人手査定
26095,13117,東京都北区田端,中古マンション等,70,23.0,7.0,85000000,0.47283562041500854,1.4728356204150086,47.28356204150085,高値,中度,85424465.9840705,58000000.0,True,30,要人手査定
13100,13109,東京都品川区大井,中古マンション等,70,7.0,5.0,190000000,0.47270298668066313,1.4727029866806631,47.27029866806631,高値,中度,176724358.40167958,120000000.0,True,30,要人手査定
35509,13206,東京都府中市宮西町,中古マンション等,70,19.0,7.0,55000000,0.4725815067108244,1.4725815067108243,47.25815067108244,高値,中度,58903260.268432975,40000000.0,True,30,要人手査定
31353,13121,東京都足立区千住関屋町,中古マンション等,60,47.0,8.0,36000000,0.47254285666977686,1.472542856669777,47.25428566697769,高値,中度,39022385.70174909,26500000.0,True,30,要人手査定
25797,13117,東京都北区王子,中古マンション等,85,8.0,6.0,110000000,0.4725190668696695,1.4725190668696695,47.25190668696695,高値,中度,109702670.48179038,74500000.0,True,30,要人手査定
35739,13206,東京都府中市四谷,中古マンション等,70,21.0,5.0,20000000,0.4724911247337576,0.5275088752662425,-47.24911247337576,安値,中度,25584180.450412758,48500000.0,True,30,要人手査定
11290,13108,東京都江東区豊洲,中古マンション等,85,5.0,4.0,250000000,0.47243037475261707,1.472430374752617,47.24303747526171,高値,中度,228226708.08665565,155000000.0,True,30,要人手査定
20547,13113,東京都渋谷区幡ケ谷,中古マンション等,70,31.0,9.0,79000000,0.47237481685675875,0.5276251831432412,-47.237481685675874,安値,中度,68591273.80862136,130000000.0,True,30,要人手査定
6414,13104,東京都新宿区東榎町,中古マンション等,35,7.0,4.0,60000000,0.4723157622635929,1.472315762263593,47.23157622635929,高値,中度,69934998.70752066,47500000.0,True,30,要人手査定
19473,13112,東京都世田谷区砧,中古マンション等,45,50.0,11.0,22000000,0.47204063106548844,0.5279593689345116,-47.204063106548844,安値,中度,17950618.543773394,34000000.0,True,30,要人手査定
12902,13108,東京都江東区南砂,中古マンション等,55,45.0,14.0,40000000,0.47192602675022627,1.4719260267502263,47.19260267502263,高値,中度,44893743.8158819,30500000.0,True,30,要人手査定
39491,13229,東京都西東京市向台町,中古マンション等,105,16.0,17.0,70000000,0.4718608835355299,1.47186088353553,47.18608835355299,高値,中度,72857113.73500873,49500000.0,True,30,要人手査定
23585,13115,東京都杉並区下高井戸,中古マンション等,25,54.0,7.0,9500000,0.4718329375612731,0.5281670624387269,-47.18329375612731,安値,中度,11883758.904871356,22500000.0,True,30,要人手査定
39631,13229,東京都西東京市西原町,中古マンション等,70,46.0,25.0,13000000,0.47182857465323985,0.5281714253467602,-47.182857465323984,安値,中度,13732457.059015764,26000000.0,True,30,要人手査定
31364,13121,東京都足立区千住仲町,中古マンション等,35,7.0,8.0,42000000,0.4717520306439074,1.4717520306439074,47.17520306439074,高値,中度,39737304.8273855,27000000.0,True,30,要人手査定
30856,13121,東京都足立区千住寿町,中古マンション等,65,29.0,11.0,50000000,0.471714832234569,1.471714832234569,47.1714832234569,高値,中度,49302446.87985806,33500000.0,True,30,要人手査定
24323,13116,東京都豊島区南池袋,中古マンション等,70,11.0,5.0,180000000,0.47170788246724404,1.471707882467244,47.170788246724406,高値,中度,176604945.8960693,120000000.0,True,30,要人手査定
13234,13109,東京都品川区上大崎,中古マンション等,65,56.0,10.0,56000000,0.4716984733766122,1.4716984733766123,47.16984733766122,高値,中度,66226431.30194755,45000000.0,True,30,要人手査定
3653,13103,東京都港区芝浦,中古マンション等,105,20.0,12.0,230000000,0.47153817570416706,1.471538175704167,47.153817570416706,高値,中度,257519180.74822924,175000000.0,True,30,要人手査定
24374,13116,東京都豊島区南池袋,中古マンション等,80,11.0,1.0,270000000,0.47138956087560197,1.471389560875602,47.138956087560196,高値,中度,250136225.34885234,170000000.0,True,30,要人手査定
3457,13103,東京都港区台場,中古マンション等,65,20.0,4.0,120000000,0.4713874121066446,0.5286125878933554,-47.138741210664456,安値,中度,105722517.57867108,200000000.0,True,30,要人手査定
4402,13103,東京都港区西麻布,中古マンション等,30,23.0,5.0,54000000,0.47130239963050685,1.4713023996305068,47.130239963050684,高値,中度,50759932.787252486,34500000.0,True,30,要人手査定
11627,13108,東京都江東区白河,中古マンション等,85,21.0,2.0,130000000,0.47128421184497443,1.4712842118449745,47.12842118449744,高値,中度,139036358.01935008,94500000.0,True,30,要人手査定
4685,13104,東京都新宿区四谷三栄町,中古マンション等,170,44.0,6.0,380000000,0.47126858077680206,1.471268580776802,47.126858077680204,高値,中度,250115658.73205635,170000000.0,True,30,要人手査定
35821,13206,東京都府中市浅間町,中古マンション等,15,18.0,23.0,31000000,0.47121069203847066,0.5287893079615293,-47.121069203847064,安値,中度,14012916.660980528,26500000.0,True,30,要人手査定
4390,13103,東京都港区西麻布,中古マンション等,95,16.0,9.0,280000000,0.47116678569326403,1.471166785693264,47.1166785693264,高値,中度,301589191.0671191,205000000.0,True,30,要人手査定
25628,13117,東京都北区赤羽,中古マンション等,40,20.0,7.0,43000000,0.4711157402587139,1.4711157402587138,47.11157402587139,高値,中度,43397914.33763206,29500000.0,True,30,要人手査定
14496,13109,東京都品川区西五反田,中古マンション等,25,19.0,11.0,32000000,0.47102081828045017,1.4710208182804503,47.102081828045016,高値,中度,39717562.093572155,27000000.0,True,30,要人手査定
3329,13103,東京都港区芝,中古マンション等,15,46.0,3.0,15000000,0.4710103291665068,0.5289896708334932,-47.10103291665068,安値,中度,11902267.593753597,22500000.0,True,30,要人手査定
35158,13204,東京都三鷹市井口,中古マンション等,60,31.0,13.0,38000000,0.47085179319016784,0.5291482068098322,-47.08517931901678,安値,中度,29103151.37454077,55000000.0,True,30,要人手査定
34802,13203,東京都武蔵野市御殿山,中古マンション等,75,13.0,10.0,120000000,0.47083124992974956,1.4708312499297496,47.08312499297496,高値,中度,133845643.74360721,91000000.0,True,30,要人手査定
13973,13109,東京都品川区二葉,中古マンション等,35,37.0,6.0,14000000,0.47081573619794315,0.5291842638020569,-47.08157361979431,安値,中度,16669304.309764791,31500000.0,True,30,要人手査定
4865,13104,東京都新宿区西新宿,中古マンション等,90,2.0,6.0,320000000,0.4706713513708594,1.4706713513708594,47.06713513708594,高値,中度,308840983.7878805,210000000.0,True,30,要人手査定
34407,13202,東京都立川市上砂町,中古マンション等,45,41.0,10.0,3500000,0.4705334935853397,0.5294665064146603,-47.05334935853397,安値,中度,9000930.609049225,17000000.0,True,30,要人手査定
6211,13104,東京都新宿区富久町,中古マンション等,80,24.0,9.0,160000000,0.47048413916229415,1.4704841391622943,47.048413916229414,高値,中度,183810517.39528677,125000000.0,True,30,要人手査定
21702,13113,東京都渋谷区元代々木町,中古マンション等,40,47.0,6.0,55000000,0.4704807667535917,1.4704807667535917,47.04807667535917,高値,中度,52202067.219752505,35500000.0,True,30,要人手査定
17493,13111,東京都大田区山王,中古マンション等,55,27.0,3.0,70000000,0.470399485013324,1.470399485013324,47.039948501332404,高値,中度,77195972.96319951,52500000.0,True,30,要人手査定
39121,13224,東京都多摩市一ノ宮,中古マンション等,15,43.0,7.0,6100000,0.470344465660725,0.529655534339275,-47.0344465660725,安値,中度,5243589.789958823,9900000.0,True,30,要人手査定
36837,13209,東京都町田市三輪緑山,中古マンション等,70,29.0,5.0,15000000,0.470299083833618,0.529700916166382,-47.0299083833618,安値,中度,21188036.64665528,40000000.0,True,30,要人手査定
13259,13109,東京都品川区北品川,中古マンション等,75,11.0,6.0,190000000,0.4702600476974595,1.4702600476974594,47.02600476974595,高値,中度,191133806.20066974,130000000.0,True,30,要人手査定
18569,13112,東京都世田谷区船橋,中古マンション等,20,41.0,17.0,8000000,0.4702061271657105,0.5297938728342895,-47.020612716571044,安値,中度,7946908.092514343,15000000.0,True,30,要人手査定
33727,13201,東京都八王子市寺田町,中古マンション等,95,45.0,5.0,13000000,0.469867673222512,0.530132326777488,-46.9867673222512,安値,中度,10602646.53554976,20000000.0,True,30,要人手査定
11549,13108,東京都江東区南砂,中古マンション等,75,3.0,5.0,73000000,0.469718431140981,0.530281568859019,-46.9718431140981,安値,中度,79542235.32885285,150000000.0,True,30,要人手査定
9864,13107,東京都墨田区業平,中古マンション等,35,15.0,2.0,45000000,0.4697160861517695,1.4697160861517695,46.971608615176955,高値,中度,44091482.584553085,30000000.0,True,30,要人手査定
13064,13109,東京都品川区上大崎,中古マンション等,80,56.0,7.0,80000000,0.4696643981787476,1.4696643981787476,46.96643981787476,高値,中度,88914696.08981423,60500000.0,True,30,要人手査定
23746,13115,東京都杉並区荻窪,中古マンション等,45,41.0,1.0,64000000,0.4695509849446839,1.469550984944684,46.95509849446839,高値,中度,58782039.397787355,40000000.0,True,30,要人手査定
24909,13116,東京都豊島区池袋,中古マンション等,40,2.0,3.0,91000000,0.4695282079359705,1.4695282079359706,46.95282079359705,高値,中度,78619759.12457442,53500000.0,True,30,要人手査定
30761,13121,東京都足立区千住,中古マンション等,65,7.0,5.0,98000000,0.46931976885693477,1.4693197688569348,46.93197688569348,高値,中度,85955206.47813068,58500000.0,True,30,要人手査定
34656,13202,東京都立川市富士見町,中古マンション等,45,38.0,24.0,6100000,0.46927097701848514,0.5307290229815149,-46.92709770184852,安値,中度,7164841.810250451,13500000.0,True,30,要人手査定
21452,13113,東京都渋谷区笹塚,中古マンション等,15,52.0,5.0,10000000,0.4692275025228481,0.5307724974771519,-46.922750252284814,安値,中度,11146222.44702019,21000000.0,True,30,要人手査定
21590,13113,東京都渋谷区幡ケ谷,中古マンション等,120,33.0,9.0,170000000,0.4691386058135825,0.5308613941864175,-46.91386058135825,安値,中度,161912725.22685733,305000000.0,True,30,要人手査定
13230,13109,東京都品川区上大崎,中古マンション等,35,30.0,8.0,63000000,0.4690441041772293,1.4690441041772293,46.90441041772293,高値,中度,55823675.95873471,38000000.0,True,30,要人手査定
19592,13112,東京都世田谷区砧,中古マンション等,35,35.0,9.0,25000000,0.46901179505616025,0.5309882049438397,-46.90117950561603,安値,中度,17788104.86561863,33500000.0,True,30,要人手査定
18574,13112,東京都世田谷区船橋,中古マンション等,20,41.0,16.0,8500000,0.46887651074201164,0.5311234892579884,-46.887651074201166,安値,中度,7966852.338869825,15000000.0,True,30,要人手査定
32043,13122,東京都葛飾区東金町,中古マンション等,105,16.0,8.0,110000000,0.46880631453911203,1.4688063145391121,46.88063145391121,高値,中度,95472410.44504228,65000000.0,True,30,要人手査定
4521,13103,東京都港区南麻布,中古マンション等,25,47.0,9.0,31000000,0.46849458762512036,1.4684945876251203,46.849458762512036,高値,中度,25698655.283439606,17500000.0,True,30,要人手査定
31357,13121,東京都足立区千住龍田町,中古マンション等,70,23.0,12.0,53000000,0.4684782238694016,1.4684782238694016,46.84782238694016,高値,中度,55802172.50703726,38000000.0,True,30,要人手査定
36263,13208,東京都調布市染地,中古マンション等,70,60.0,12.0,9500000,0.4682930503047187,0.5317069496952813,-46.82930503047187,安値,中度,15153648.066315517,28500000.0,True,30,要人手査定
4496,13103,東京都港区南麻布,中古マンション等,30,23.0,2.0,60000000,0.4682764908540567,1.4682764908540566,46.82764908540567,高値,中度,55060368.407027125,37500000.0,True,30,要人手査定
3012,13103,東京都港区六本木,中古マンション等,70,14.0,3.0,370000000,0.46824524125728423,1.4682452412572842,46.82452412572842,高値,中度,330355179.28288895,225000000.0,True,30,要人手査定
33885,13201,東京都八王子市子安町,中古マンション等,60,16.0,2.0,58000000,0.46822155499561036,1.4682215549956104,46.822155499561035,高値,中度,57994751.42232661,39500000.0,True,30,要人手査定
16483,13111,東京都大田区大森北,中古マンション等,60,22.0,3.0,90000000,0.4682036051015962,1.4682036051015963,46.82036051015962,高値,中度,82953503.68824019,56500000.0,True,30,要人手査定
1979,13102,東京都中央区入船,中古マンション等,35,44.0,2.0,42000000,0.4681854221927369,1.4681854221927368,46.81854221927369,高値,中度,39641006.3992039,27000000.0,True,30,要人手査定
38480,13219,東京都狛江市岩戸北,中古マンション等,40,54.0,10.0,13000000,0.46812567467611377,0.5318743253238862,-46.81256746761137,安値,中度,11967172.31978744,22500000.0,True,30,要人手査定
6614,13105,東京都文京区目白台,中古マンション等,145,29.0,3.0,220000000,0.46785994198587283,1.4678599419858729,46.78599419858728,高値,中度,190821792.45816347,130000000.0,True,30,要人手査定
537,13101,東京都千代田区四番町,中古マンション等,120,23.0,4.0,580000000,0.4677317544153052,1.4677317544153052,46.77317544153052,高値,中度,432980867.55251503,295000000.0,True,30,要人手査定
15221,13110,東京都目黒区洗足,中古マンション等,15,42.0,2.0,11000000,0.4676961166343939,0.5323038833656061,-46.76961166343939,安値,中度,8516862.133849697,16000000.0,True,30,要人手査定
32310,13122,東京都葛飾区宝町,中古マンション等,25,37.0,4.0,8000000,0.46728427325843314,1.4672842732584332,46.72842732584331,高値,中度,13205558.459325898,9000000.0,True,30,要人手査定
34578,13202,東京都立川市上砂町,中古マンション等,60,27.0,8.0,18000000,0.46721928460459183,0.5327807153954082,-46.72192846045918,安値,中度,18380934.68114158,34500000.0,True,30,要人手査定
35350,13205,東京都青梅市河辺町,中古マンション等,55,33.0,14.0,14000000,0.46715207610944703,1.467152076109447,46.7152076109447,高値,中度,11737216.608875576,8000000.0,True,30,要人手査定
37932,13213,東京都東村山市美住町,中古マンション等,60,49.0,11.0,13000000,0.4671470543159107,1.4671470543159106,46.71470543159107,高値,中度,16872191.124632973,11500000.0,True,30,要人手査定
21234,13113,東京都渋谷区渋谷,中古マンション等,45,18.0,2.0,98000000,0.4669556397729763,1.4669556397729764,46.69556397729763,高値,中度,120290362.46138406,82000000.0,True,30,要人手査定
17010,13111,東京都大田区南久が原,中古マンション等,30,57.0,3.0,15000000,0.4669529401207566,0.5330470598792434,-46.695294012075664,安値,中度,10927464.72752449,20500000.0,True,30,要人手査定
38456,13219,東京都狛江市和泉本町,中古マンション等,40,48.0,10.0,12000000,0.4667449247252345,0.5332550752747655,-46.67449247252345,安値,中度,12798121.806594372,24000000.0,True,30,要人手査定
21555,13113,東京都渋谷区代官山町,中古マンション等,15,41.0,4.0,18000000,0.466722182993114,1.466722182993114,46.6722182993114,高値,中度,23467554.927889824,16000000.0,True,30,要人手査定
38271,13215,東京都国立市東,中古マンション等,75,26.0,15.0,49000000,0.46669421837817987,1.46669421837818,46.669421837817985,高値,中度,58667768.735127196,40000000.0,True,30,要人手査定
2791,13103,東京都港区南青山,中古マンション等,70,14.0,10.0,130000000,0.4666432249496769,1.466643224949677,46.66432249496769,高値,中度,234662915.9919483,160000000.0,True,30,要人手査定
21410,13113,東京都渋谷区恵比寿南,中古マンション等,35,14.0,6.0,110000000,0.46661702424900403,1.466617024249004,46.661702424900405,高値,中度,76264085.26094821,52000000.0,True,30,要人手査定
29825,13120,東京都練馬区豊玉上,中古マンション等,35,19.0,3.0,47000000,0.46659457434205454,1.4665945743420545,46.65945743420545,高値,中度,38131458.93289342,26000000.0,True,30,要人手査定
22005,13114,東京都中野区中野,中古マンション等,60,25.0,8.0,82000000,0.466449846946794,1.466449846946794,46.6449846946794,高値,中度,93119565.28112142,63500000.0,True,30,要人手査定
2987,13103,東京都港区南麻布,中古マンション等,20,31.0,12.0,21000000,0.46643601916678723,0.5335639808332128,-46.643601916678726,安値,中度,16807265.396246202,31500000.0,True,30,要人手査定
17164,13111,東京都大田区大森北,中古マンション等,50,22.0,7.0,63000000,0.4664100851865014,1.4664100851865014,46.64100851865014,高値,中度,60856018.53523981,41500000.0,True,30,要人手査定
17142,13111,東京都大田区大森北,中古マンション等,80,21.0,8.0,120000000,0.46633326555360055,1.4663332655536006,46.63332655536006,高値,中度,107775495.01818964,73500000.0,True,30,要人手査定
35787,13206,東京都府中市寿町,中古マンション等,65,29.0,4.0,64000000,0.46619652522890453,1.4661965252289044,46.619652522890455,高値,中度,60114057.534385085,41000000.0,True,30,要人手査定
14984,13110,東京都目黒区上目黒,中古マンション等,40,44.0,2.0,54000000,0.4661892706304077,1.4661892706304078,46.61892706304077,高値,中度,54982097.64864029,37500000.0,True,30,要人手査定
34091,13201,東京都八王子市子安町,中古マンション等,60,16.0,0.0,60000000,0.46617675865408864,1.4661767586540886,46.61767586540886,高値,中度,62312512.24279877,42500000.0,True,30,要人手査定
21945,13114,東京都中野区中野,中古マンション等,60,14.0,2.0,150000000,0.46616539466286344,1.4661653946628634,46.61653946628634,高値,中度,136353381.7036463,93000000.0,True,30,要人手査定
24724,13116,東京都豊島区巣鴨,中古マンション等,35,26.0,9.0,37000000,0.46601804292011484,1.4660180429201148,46.60180429201149,高値,中度,39582487.1588431,27000000.0,True,30,要人手査定
15043,13110,東京都目黒区青葉台,中古マンション等,60,24.0,13.0,150000000,0.4659038453939662,1.4659038453939661,46.59038453939662,高値,中度,120937067.24500221,82500000.0,True,30,要人手査定
13511,13109,東京都品川区北品川,中古マンション等,65,19.0,11.0,130000000,0.46588864254272616,1.4658886425427262,46.588864254272615,高値,中度,124600534.61613172,85000000.0,True,30,要人手査定
19713,13112,東京都世田谷区鎌田,中古マンション等,75,14.0,5.0,62000000,0.4658326476499191,0.5341673523500808,-46.58326476499191,安値,中度,64100082.282009706,120000000.0,True,30,要人手査定
12221,13108,東京都江東区大島,中古マンション等,15,36.0,1.0,11000000,0.46582378048674705,0.5341762195132529,-46.582378048674705,安値,中度,10950612.500021685,20500000.0,True,30,要人手査定
35973,13207,東京都昭島市宮沢町,中古マンション等,40,48.0,10.0,5800000,0.4657968516961378,0.5342031483038622,-46.57968516961378,安値,中度,8547250.372861795,16000000.0,True,30,要人手査定
11941,13108,東京都江東区白河,中古マンション等,70,20.0,8.0,120000000,0.4657437148983741,1.465743714898374,46.574371489837404,高値,中度,121656728.33656505,83000000.0,True,30,要人手査定
2648,13103,東京都港区南麻布,中古マンション等,25,31.0,12.0,19000000,0.4657024210521431,0.5342975789478569,-46.57024210521431,安値,中度,20837605.57896642,39000000.0,True,30,要人手査定
20912,13113,東京都渋谷区恵比寿西,中古マンション等,55,27.0,3.0,100000000,0.46557326001338317,1.4655732600133833,46.55732600133832,高値,中度,131168806.7711978,89500000.0,True,30,要人手査定
24004,13115,東京都杉並区浜田山,中古マンション等,75,28.0,8.0,97000000,0.4653415093342536,1.4653415093342537,46.53415093342536,高値,中度,109167942.44540189,74500000.0,True,30,要人手査定
35365,13205,東京都青梅市新町,中古マンション等,70,28.0,18.0,24000000,0.46532149242678544,1.4653214924267854,46.53214924267854,高値,中度,16851197.162908033,11500000.0,True,30,要人手査定
2532,13103,東京都港区海岸,中古マンション等,130,24.0,4.0,150000000,0.46515964926418524,0.5348403507358147,-46.515964926418526,安値,中度,267420175.36790738,500000000.0,False,30,要人手査定
37278,13211,東京都小平市小川東町,中古マンション等,40,43.0,5.0,8000000,0.4651514299012532,0.5348485700987468,-46.51514299012532,安値,中度,8825001.406629322,16500000.0,True,30,要人手査定
39260,13225,東京都稲城市若葉台,中古マンション等,120,16.0,9.0,60000000,0.46494817494803986,1.4649481749480397,46.49481749480399,高値,中度,75444831.00982405,51500000.0,True,30,要人手査定
34400,13202,東京都立川市錦町,中古マンション等,60,43.0,6.0,23000000,0.4649424257614691,1.4649424257614692,46.49424257614691,高値,中度,26368963.663706444,18000000.0,True,30,要人手査定
31292,13121,東京都足立区千住,中古マンション等,35,18.0,11.0,30000000,0.4649044963127269,1.464904496312727,46.49044963127269,高値,中度,35157707.911505446,24000000.0,True,30,要人手査定
34582,13202,東京都立川市幸町,中古マンション等,50,60.0,6.0,9800000,0.46487390617880747,1.4648739061788074,46.48739061788075,高値,中度,13550083.63215397,9250000.0,True,30,要人手査定
25865,13117,東京都北区赤羽台,中古マンション等,45,55.0,5.0,19000000,0.4648628863630938,0.5351371136369062,-46.48628863630938,安値,中度,16589250.522744091,31000000.0,True,30,要人手査定
13169,13109,東京都品川区上大崎,中古マンション等,60,55.0,4.0,53000000,0.4645134465988378,1.4645134465988379,46.45134465988378,高値,中度,64438591.650348864,44000000.0,True,30,要人手査定
30486,13121,東京都足立区千住河原町,中古マンション等,70,20.0,9.0,68000000,0.46446675278097294,1.464466752780973,46.446675278097295,高値,中度,68829937.38070573,47000000.0,True,30,要人手査定
26150,13117,東京都北区西ケ原,中古マンション等,55,58.0,7.0,55000000,0.4644190360051431,1.4644190360051432,46.44190360051431,高値,中度,49058037.706172295,33500000.0,True,30,要人手査定
5267,13104,東京都新宿区新小川町,中古マンション等,55,47.0,10.0,62000000,0.46425883448884536,1.4642588344888454,46.425883448884534,高値,中度,64427388.717509195,44000000.0,True,30,要人手査定
13062,13109,東京都品川区上大崎,中古マンション等,60,55.0,4.0,58000000,0.4640685743109572,1.4640685743109572,46.40685743109572,高値,中度,64419017.26968212,44000000.0,True,30,要人手査定
14342,13109,東京都品川区上大崎,中古マンション等,55,15.0,8.0,120000000,0.46380726942178196,1.463807269421782,46.3807269421782,高値,中度,117104581.55374256,80000000.0,True,30,要人手査定
31343,13121,東京都足立区千住桜木,中古マンション等,75,23.0,14.0,57000000,0.4635135393680832,1.4635135393680831,46.35135393680832,高値,中度,53418244.18693504,36500000.0,True,30,要人手査定
2487,13103,東京都港区麻布台,中古マンション等,25,47.0,8.0,30000000,0.4633933046806805,1.4633933046806804,46.33933046806805,高値,中度,27072776.13659259,18500000.0,True,30,要人手査定
24180,13116,東京都豊島区南池袋,中古マンション等,100,11.0,1.0,300000000,0.46330341548713927,1.4633034154871392,46.330341548713925,高値,中度,263394614.78768507,180000000.0,True,30,要人手査定
21991,13114,東京都中野区中央,中古マンション等,75,22.0,11.0,110000000,0.4631184416525907,1.4631184416525906,46.31184416525907,高値,中度,106807646.24063912,73000000.0,True,30,要人手査定
15603,13110,東京都目黒区青葉台,中古マンション等,35,28.0,9.0,55000000,0.4630322561098482,1.4630322561098483,46.303225610984825,高値,中度,57789774.116339006,39500000.0,True,30,要人手査定
37825,13213,東京都東村山市萩山町,中古マンション等,60,58.0,12.0,6000000,0.46302737087860013,0.5369726291213999,-46.30273708786001,安値,中度,6443671.5494567985,12000000.0,True,30,要人手査定
6473,13104,東京都新宿区四谷,中古マンション等,30,6.0,3.0,92000000,0.4627352462974689,1.462735246297469,46.273524629746895,高値,中度,59240777.47504749,40500000.0,True,30,要人手査定
22861,13115,東京都杉並区荻窪,中古マンション等,35,55.0,7.0,14000000,0.4623755029285356,0.5376244970714644,-46.237550292853555,安値,中度,15322298.166536735,28500000.0,True,30,要人手査定
17904,13111,東京都大田区東矢口,中古マンション等,40,48.0,7.0,30000000,0.4623293328929367,1.4623293328929368,46.23293328929367,高値,中度,29977751.324305203,20500000.0,True,30,要人手査定
20488,13113,東京都渋谷区幡ケ谷,中古マンション等,30,8.0,9.0,37000000,0.46223727216691163,0.5377627278330884,-46.22372721669116,安値,中度,36567865.49265001,68000000.0,True,30,要人手査定
38641,13222,東京都東久留米市大門町,中古マンション等,55,40.0,7.0,15000000,0.4620802311483826,1.4620802311483825,46.20802311483826,高値,中度,19738083.120503165,13500000.0,True,30,要人手査定
15077,13110,東京都目黒区柿の木坂,中古マンション等,50,66.0,9.0,27000000,0.4620170275440821,0.537982972455918,-46.20170275440821,安値,中度,25823182.67788406,48000000.0,True,30,要人手査定
2943,13103,東京都港区浜松町,中古マンション等,75,2.0,2.0,550000000,0.4617769944818201,1.4617769944818202,46.17769944818201,高値,中度,409297558.4549096,280000000.0,True,30,要人手査定
34877,13203,東京都武蔵野市境南町,中古マンション等,20,41.0,5.0,11000000,0.46176216886133936,0.5382378311386606,-46.176216886133936,安値,中度,11033875.538342543,20500000.0,True,30,要人手査定
27331,13119,東京都板橋区高島平,中古マンション等,80,54.0,8.0,20000000,0.46175858208662435,0.5382414179133757,-46.17585820866243,安値,中度,19914932.4627949,37000000.0,True,30,要人手査定
31156,13121,東京都足立区扇,中古マンション等,50,40.0,2.0,14000000,0.46175419944769974,0.5382458005523003,-46.17541994476998,安値,中度,16954742.71739746,31500000.0,True,30,要人手査定
20508,13113,東京都渋谷区広尾,中古マンション等,65,21.0,3.0,70000000,0.4615433856847456,1.4615433856847455,46.154338568474564,高値,中度,146154338.56847456,100000000.0,True,30,要人手査定
24200,13116,東京都豊島区上池袋,中古マンション等,20,41.0,11.0,8200000,0.46153510432294254,0.5384648956770575,-46.153510432294254,安値,中度,9153903.226509977,17000000.0,True,30,要人手査定
9323,13107,東京都墨田区押上,中古マンション等,85,25.0,1.0,120000000,0.46132792578183174,1.4613279257818317,46.13279257818317,高値,中度,106676938.58207372,73000000.0,True,30,要人手査定
32393,13122,東京都葛飾区東新小岩,中古マンション等,20,53.0,6.0,11000000,0.4613227482658058,1.4613227482658058,46.132274826580584,高値,中度,10813788.337166963,7400000.0,True,30,要人手査定
38588,13221,東京都清瀬市旭が丘,中古マンション等,70,59.0,5.0,5100000,0.4609982900895645,0.5390017099104355,-46.09982900895645,安値,中度,10241032.488298275,19000000.0,True,30,要人手査定
38589,13221,東京都清瀬市旭が丘,中古マンション等,70,59.0,5.0,4000000,0.4609982900895645,0.5390017099104355,-46.09982900895645,安値,中度,10241032.488298275,19000000.0,True,30,要人手査定
7845,13106,東京都台東区東上野,中古マンション等,95,26.0,5.0,150000000,0.4609302929352898,1.4609302929352899,46.09302929352898,高値,中度,142440703.56119075,97500000.0,True,30,要人手査定
24060,13115,東京都杉並区堀ノ内,中古マンション等,25,42.0,11.0,12000000,0.46092492072693664,1.4609249207269366,46.092492072693666,高値,中度,17531099.04872324,12000000.0,True,30,要人手査定
29265,13120,東京都練馬区石神井町,中古マンション等,80,24.0,2.0,97000000,0.4608972189669948,1.4608972189669949,46.08972189669948,高値,中度,94958319.23285466,65000000.0,True,30,要人手査定
29257,13120,東京都練馬区石神井町,中古マンション等,80,24.0,2.0,95000000,0.4608972189669948,1.4608972189669949,46.08972189669948,高値,中度,94958319.23285466,65000000.0,True,30,要人手査定
39231,13225,東京都稲城市大丸,中古マンション等,65,52.0,8.0,14000000,0.4607511275842789,1.4607511275842788,46.07511275842789,高値,中度,17529013.531011347,12000000.0,True,30,要人手査定
36432,13208,東京都調布市多摩川,中古マンション等,50,40.0,3.0,23000000,0.4605385822329554,0.5394614177670446,-46.05385822329554,安値,中度,18881149.62184656,35000000.0,True,30,要人手査定
37640,13212,東京都日野市旭が丘,中古マンション等,20,37.0,18.0,3700000,0.46040107017882953,0.5395989298211705,-46.04010701788295,安値,中度,3912092.241203486,7250000.0,True,30,要人手査定
9770,13107,東京都墨田区墨田,中古マンション等,75,30.0,7.0,33000000,0.46039539289329945,0.5396046071067006,-46.039539289329944,安値,中度,37232717.89036234,69000000.0,True,30,要人手査定
13380,13109,東京都品川区北品川,中古マンション等,70,30.0,5.0,120000000,0.4603504197686856,1.4603504197686856,46.03504197686856,高値,中度,124129785.68033828,85000000.0,True,30,要人手査定
24854,13116,東京都豊島区東池袋,中古マンション等,40,38.0,8.0,43000000,0.4603133193822614,1.4603133193822613,46.03133193822614,高値,中度,48190339.539614625,33000000.0,True,30,要人手査定
22530,13114,東京都中野区中野,中古マンション等,30,4.0,10.0,41000000,0.4603086167487105,1.4603086167487105,46.03086167487105,高値,中度,50380647.27783051,34500000.0,True,30,要人手査定
31167,13121,東京都足立区大谷田,中古マンション等,40,47.0,9.0,20000000,0.4602946622109024,1.4602946622109025,46.029466221090246,高値,中度,16793388.615425378,11500000.0,True,30,要人手査定
38593,13221,東京都清瀬市元町,中古マンション等,65,6.0,2.0,47000000,0.4602628701135029,1.460262870113503,46.02628701135029,高値,中度,48918806.14880235,33500000.0,True,30,要人手査定
8662,13106,東京都台東区台東,中古マンション等,20,48.0,6.0,25000000,0.4602555466671453,1.4602555466671452,46.02555466671453,高値,中度,24094216.520007897,16500000.0,True,30,要人手査定
35518,13206,東京都府中市宮西町,中古マンション等,65,23.0,4.0,65000000,0.46022238999799525,1.4602223899979954,46.02223899979953,高値,中度,63519673.964912795,43500000.0,True,30,要人手査定
24684,13116,東京都豊島区東池袋,中古マンション等,35,17.0,7.0,49000000,0.46017667123967976,1.4601766712396798,46.017667123967975,高値,中度,51836271.82900863,35500000.0,True,30,要人手査定
34807,13203,東京都武蔵野市御殿山,中古マンション等,75,13.0,10.0,140000000,0.46013948170445745,1.4601394817044575,46.013948170445744,高値,中度,132872692.83510563,91000000.0,True,30,要人手査定
15638,13110,東京都目黒区上目黒,中古マンション等,50,61.0,2.0,70000000,0.46013544152613084,1.460135441526131,46.013544152613086,高値,中度,64245959.42714976,44000000.0,True,30,要人手査定
38190,13215,東京都国立市中,中古マンション等,90,25.0,4.0,82000000,0.4601348042908707,1.4601348042908708,46.013480429087075,高値,中度,77387144.62741615,53000000.0,True,30,要人手査定
12594,13108,東京都江東区白河,中古マンション等,55,21.0,1.0,80000000,0.4600284685587317,1.4600284685587317,46.00284685587317,高値,中度,94901850.45631756,65000000.0,True,30,要人手査定
20839,13113,東京都渋谷区猿楽町,中古マンション等,125,2.0,4.0,540000000,0.4600263161237013,1.4600263161237013,46.00263161237013,高値,中度,591310658.030099,405000000.0,True,30,要人手査定
13400,13109,東京都品川区戸越,中古マンション等,110,37.0,7.0,61000000,0.45987673037552224,0.5401232696244778,-45.98767303755223,安値,中度,70216025.0511821,130000000.0,True,30,要人手査定
37018,13209,東京都町田市小山田桜台,中古マンション等,90,40.0,5.0,4000000,0.45983858653959364,1.4598385865395935,45.983858653959366,高値,中度,26277094.557712685,18000000.0,True,30,要人手査定
19877,13112,東京都世田谷区奥沢,中古マンション等,70,2.0,3.0,200000000,0.4597592268338119,1.459759226833812,45.975922683381185,高値,中度,175171107.22005743,120000000.0,True,30,要人手査定
31003,13121,東京都足立区千住関屋町,中古マンション等,70,47.0,7.0,38000000,0.4597546537693414,1.4597546537693413,45.97546537693414,高値,中度,36493866.344233535,25000000.0,True,30,要人手査定
11904,13108,東京都江東区塩浜,中古マンション等,20,37.0,14.0,8000000,0.4597357197037946,0.5402642802962054,-45.97357197037946,安値,中度,11075417.74607221,20500000.0,True,30,要人手査定
35967,13207,東京都昭島市武蔵野,中古マンション等,55,33.0,9.0,19000000,0.459721487832445,0.5402785121675551,-45.9721487832445,安値,中度,11886127.26768621,22000000.0,True,30,要人手査定
11702,13108,東京都江東区南砂,中古マンション等,75,3.0,5.0,77000000,0.4596959585844411,0.5403040414155589,-45.96959585844411,安値,中度,81045606.21233383,150000000.0,True,30,要人手査定
199,13101,東京都千代田区神田淡路町,中古マンション等,30,23.0,1.0,44000000,0.4594537049290186,1.4594537049290186,45.94537049290186,高値,中度,46702518.557728596,32000000.0,True,30,要人手査定
21139,13113,東京都渋谷区渋谷,中古マンション等,55,26.0,7.0,120000000,0.45925399323754573,1.4592539932375457,45.925399323754576,高値,中度,131332859.39137912,90000000.0,True,30,要人手査定
6318,13104,東京都新宿区西新宿,中古マンション等,100,45.0,3.0,110000000,0.45922255787297245,1.4592225578729725,45.922255787297246,高値,中度,132059641.487504,90500000.0,True,30,要人手査定
18527,13112,東京都世田谷区桜新町,中古マンション等,95,26.0,3.0,220000000,0.45916523590223796,1.459165235902238,45.9165235902238,高値,中度,142998193.11841932,98000000.0,True,30,要人手査定
2852,13103,東京都港区六本木,中古マンション等,30,21.0,3.0,45000000,0.45912830383527675,1.4591283038352767,45.91283038352768,高値,中度,51799054.786152326,35500000.0,True,30,要人手査定
3831,13103,東京都港区西麻布,中古マンション等,35,23.0,8.0,90000000,0.4591156574958431,1.459115657495843,45.91156574958431,高値,中度,56905510.64233788,39000000.0,True,30,要人手査定
15001,13110,東京都目黒区碑文谷,中古マンション等,30,44.0,9.0,26000000,0.45907736404511834,0.5409226359548817,-45.90773640451184,安値,中度,18391369.622465976,34000000.0,True,30,要人手査定
31045,13121,東京都足立区東綾瀬,中古マンション等,70,4.0,9.0,63000000,0.4590720161138649,1.4590720161138648,45.90720161138649,高値,中度,73683136.81375018,50500000.0,True,30,要人手査定
2536,13103,東京都港区海岸,中古マンション等,55,6.0,2.0,100000000,0.45897020029932317,0.5410297997006769,-45.897020029932314,安値,中度,102795661.9431286,190000000.0,False,30,要人手査定
12036,13108,東京都江東区南砂,中古マンション等,20,38.0,13.0,11000000,0.4588629830391321,0.5411370169608679,-45.88629830391321,安値,中度,10552171.830736924,19500000.0,True,30,要人手査定
34861,13203,東京都武蔵野市境南町,中古マンション等,45,57.0,10.0,13000000,0.45877490023145173,0.5412250997685483,-45.87749002314517,安値,中度,15424915.343403626,28500000.0,True,30,要人手査定
26041,13117,東京都北区滝野川,中古マンション等,30,32.0,2.0,35000000,0.4587382128320866,1.4587382128320865,45.87382128320866,高値,中度,34280348.001554035,23500000.0,True,30,要人手査定
18716,13112,東京都世田谷区桜新町,中古マンション等,75,21.0,6.0,150000000,0.4585816557559453,1.4585816557559452,45.858165575594526,高値,中度,122520859.0834994,84000000.0,True,30,要人手査定
16803,13111,東京都大田区北千束,中古マンション等,80,25.0,8.0,86000000,0.45855381819598073,1.4585538181959807,45.85538181959807,高値,中度,104286598.00101262,71500000.0,True,30,要人手査定
12802,13108,東京都江東区豊洲,中古マンション等,75,25.0,9.0,93000000,0.4584899624302219,1.4584899624302219,45.848996243022185,高値,中度,102094297.37011553,70000000.0,True,30,要人手査定
38395,13219,東京都狛江市岩戸北,中古マンション等,40,54.0,8.0,14000000,0.458446819464903,0.541553180535097,-45.844681946490304,安値,中度,12726499.74257478,23500000.0,True,30,要人手査定
13095,13109,東京都品川区大井,中古マンション等,70,7.0,5.0,230000000,0.4584116472615398,1.4584116472615398,45.841164726153984,高値,中度,175009397.67138478,120000000.0,True,30,要人手査定
12587,13108,東京都江東区白河,中古マンション等,75,42.0,7.0,85000000,0.4583220189087344,1.4583220189087345,45.83220189087344,高値,中度,78749389.02107166,54000000.0,True,30,要人手査定
18160,13112,東京都世田谷区南烏山,中古マンション等,45,40.0,4.0,17000000,0.4583190066595919,0.5416809933404081,-45.83190066595919,安値,中度,22750601.72029714,42000000.0,True,30,要人手査定
24478,13116,東京都豊島区目白,中古マンション等,85,20.0,7.0,250000000,0.4582414453384659,1.4582414453384658,45.82414453384659,高値,中度,145824144.5338466,100000000.0,True,30,要人手査定
5017,13104,東京都新宿区西新宿,中古マンション等,75,21.0,3.0,160000000,0.45802259893368724,1.4580225989336872,45.80225989336873,高値,中度,160382485.8827056,110000000.0,True,30,要人手査定
38105,13214,東京都国分寺市西町,中古マンション等,55,7.0,21.0,54000000,0.4579382599891105,0.5420617400108896,-45.793825998911046,安値,中度,29813395.700598925,55000000.0,True,30,要人手査定
3553,13103,東京都港区台場,中古マンション等,85,20.0,3.0,160000000,0.4579276059153882,0.5420723940846118,-45.79276059153882,安値,中度,165332080.1958066,305000000.0,True,30,要人手査定
27678,13119,東京都板橋区大門,中古マンション等,85,28.0,11.0,29000000,0.4578682223141016,0.5421317776858984,-45.78682223141016,安値,中度,32798972.549996853,60500000.0,True,30,要人手査定
39370,13227,東京都羽村市栄町,中古マンション等,15,23.0,4.0,2900000,0.4577957039462647,0.5422042960537353,-45.77957039462647,安値,中度,7319757.996725427,13500000.0,True,30,要人手査定
20631,13113,東京都渋谷区広尾,中古マンション等,85,39.0,8.0,150000000,0.4577108154243086,1.4577108154243086,45.771081542430856,高値,中度,167636743.7737955,115000000.0,True,30,要人手査定
34809,13203,東京都武蔵野市桜堤,中古マンション等,60,28.0,21.0,35000000,0.45770323336047547,0.5422967666395245,-45.77032333604755,安値,中度,34978141.44824933,64500000.0,True,30,要人手査定
32361,13122,東京都葛飾区西新小岩,中古マンション等,20,23.0,3.0,14000000,0.4576661116196533,1.4576661116196532,45.76661116196533,高値,中度,24780323.897534106,17000000.0,True,30,要人手査定
11205,13108,東京都江東区大島,中古マンション等,75,16.0,5.0,76000000,0.45753096877624827,0.5424690312237517,-45.75309687762483,安値,中度,75945664.37132524,140000000.0,True,30,要人手査定
21685,13113,東京都渋谷区円山町,中古マンション等,30,22.0,8.0,85000000,0.4575139644756144,1.4575139644756143,45.75139644756144,高値,中度,57571801.59678677,39500000.0,True,30,要人手査定
8664,13106,東京都台東区台東,中古マンション等,35,48.0,6.0,35000000,0.45735460308608317,1.4573546030860831,45.73546030860832,高値,中度,34247833.172522955,23500000.0,True,30,要人手査定
22717,13114,東京都中野区南台,中古マンション等,30,15.0,10.0,36000000,0.45725940883082744,1.4572594088308275,45.72594088308274,高値,中度,42260522.856093995,29000000.0,True,30,要人手査定
13378,13109,東京都品川区北品川,中古マンション等,75,11.0,6.0,180000000,0.4572461814106095,1.4572461814106095,45.72461814106095,高値,中度,189442003.58337924,130000000.0,True,30,要人手査定
36541,13208,東京都調布市上石原,中古マンション等,55,23.0,19.0,27000000,0.4572221070887958,0.5427778929112042,-45.72221070887958,安値,中度,26596116.752649006,49000000.0,True,30,要人手査定
38586,13221,東京都清瀬市元町,中古マンション等,65,6.0,2.0,54000000,0.45713911230542476,1.4571391123054247,45.71391123054248,高値,中度,48814160.26223173,33500000.0,True,30,要人手査定
70,13101,東京都千代田区富士見,中古マンション等,110,1.0,5.0,550000000,0.45706882105082075,1.4570688210508207,45.70688210508207,高値,中度,437120646.3152462,300000000.0,True,30,要人手査定
16656,13111,東京都大田区北千束,中古マンション等,55,14.0,1.0,94000000,0.4570415367304543,1.4570415367304543,45.704153673045425,高値,中度,94707699.88747953,65000000.0,True,30,要人手査定
29710,13120,東京都練馬区石神井町,中古マンション等,55,45.0,1.0,43000000,0.45698764208792403,1.456987642087924,45.698764208792404,高値,中度,42981135.44159376,29500000.0,True,30,要人手査定
16527,13111,東京都大田区蒲田,中古マンション等,35,11.0,1.0,60000000,0.45695790116953805,1.4569579011695382,45.6957901169538,高値,中度,49536568.639764294,34000000.0,True,30,要人手査定
14363,13109,東京都品川区北品川,中古マンション等,60,30.0,7.0,110000000,0.45695135979394935,1.4569513597939494,45.695135979394934,高値,中度,105628973.58506133,72500000.0,True,30,要人手査定
3039,13103,東京都港区白金,中古マンション等,75,13.0,5.0,210000000,0.4565457536753254,0.5434542463246747,-45.65457536753254,安値,中度,135863561.58116865,250000000.0,True,30,要人手査定
7092,13105,東京都文京区春日,中古マンション等,155,37.0,12.0,190000000,0.4564468077225122,1.4564468077225121,45.64468077225122,高値,中度,196620319.04253915,135000000.0,True,30,要人手査定
38765,13222,東京都東久留米市東本町,中古マンション等,60,28.0,2.0,51000000,0.45643658679586996,1.45643658679587,45.643658679587,高値,中度,43693097.6038761,30000000.0,True,30,要人手査定
38103,13214,東京都国分寺市西町,中古マンション等,50,7.0,21.0,40000000,0.4562342933669601,0.5437657066330399,-45.623429336696006,安値,中度,29907113.864817195,55000000.0,True,30,要人手査定
36649,13208,東京都調布市調布ケ丘,中古マンション等,80,26.0,15.0,68000000,0.45620552718949836,1.4562055271894985,45.62055271894984,高値,中度,62616837.66914843,43000000.0,True,30,要人手査定
5560,13104,東京都新宿区新宿,中古マンション等,70,48.0,6.0,64000000,0.45619288126755286,1.4561928812675529,45.619288126755286,高値,中度,78634415.58844785,54000000.0,True,30,要人手査定
4112,13103,東京都港区海岸,中古マンション等,50,6.0,1.0,100000000,0.45618030023368805,0.543819699766312,-45.6180300233688,安値,中度,97887545.95793615,180000000.0,False,30,要人手査定
1262,13102,東京都中央区勝どき,中古マンション等,110,3.0,2.0,430000000,0.4560951833387015,1.4560951833387015,45.609518333870156,高値,中度,451389506.8349975,310000000.0,True,30,要人手査定
22126,13114,東京都中野区新井,中古マンション等,70,7.0,14.0,100000000,0.4560701351641241,1.456070135164124,45.60701351641241,高値,中度,115029540.6779658,79000000.0,True,30,要人手査定
29711,13120,東京都練馬区石神井町,中古マンション等,55,24.0,1.0,77000000,0.45604015553945076,1.4560401555394509,45.604015553945075,高値,中度,77170128.24359089,53000000.0,True,30,要人手査定
30818,13121,東京都足立区千住,中古マンション等,80,18.0,7.0,69000000,0.45592423158129475,1.4559242315812948,45.59242315812948,高値,中度,82987681.2001338,57000000.0,True,30,要人手査定
12503,13108,東京都江東区猿江,中古マンション等,50,36.0,7.0,65000000,0.45590187250538206,1.455901872505382,45.59018725053821,高値,中度,58236074.90021528,40000000.0,True,30,要人手査定
34514,13202,東京都立川市西砂町,中古マンション等,75,29.0,14.0,19000000,0.45589033163832465,0.5441096683616753,-45.58903316383247,安値,中度,17411509.38757361,32000000.0,True,30,要人手査定
11045,13108,東京都江東区亀戸,中古マンション等,55,17.0,6.0,52000000,0.45568172932750256,0.5443182706724974,-45.56817293275026,安値,中度,51165917.44321476,94000000.0,False,30,要人手査定
5766,13104,東京都新宿区下落合,中古マンション等,75,19.0,15.0,120000000,0.4556757707413357,1.4556757707413357,45.56757707413357,高値,中度,119365413.20078953,82000000.0,True,30,要人手査定
26105,13117,東京都北区田端新町,中古マンション等,45,33.0,8.0,46000000,0.45560925593653756,1.4556092559365374,45.56092559365376,高値,中度,45123886.93403266,31000000.0,True,30,要人手査定
25741,13117,東京都北区赤羽西,中古マンション等,25,35.0,11.0,11000000,0.4556061243893456,0.5443938756106544,-45.56061243893456,安値,中度,10343483.636602433,19000000.0,True,30,要人手査定
38339,13218,東京都福生市北田園,中古マンション等,45,37.0,13.0,6300000,0.4555939598846792,0.5444060401153208,-45.55939598846792,安値,中度,6260669.461326189,11500000.0,True,30,要人手査定
36758,13209,東京都町田市鶴間,中古マンション等,100,21.0,15.0,44000000,0.4555187028505419,1.4555187028505419,45.55187028505419,高値,中度,50943154.59976897,35000000.0,True,30,要人手査定
21231,13113,東京都渋谷区笹塚,中古マンション等,15,41.0,7.0,7500000,0.45548530834713036,0.5445146916528696,-45.548530834713034,安値,中度,8984492.412272349,16500000.0,True,30,要人手査定
25787,13117,東京都北区王子,中古マンション等,80,8.0,7.0,99000000,0.4553818929267171,1.455381892926717,45.53818929267171,高値,中度,103332114.39779691,71000000.0,True,30,要人手査定
4414,13103,東京都港区西新橋,中古マンション等,55,7.0,6.0,200000000,0.4553443196799968,0.5446556803200032,-45.53443196799968,安値,中度,98038022.45760058,180000000.0,False,30,要人手査定
34531,13202,東京都立川市高松町,中古マンション等,70,10.0,18.0,60000000,0.455297711557316,1.455297711557316,45.5297711557316,高値,中度,63305450.45274325,43500000.0,True,30,要人手査定
28161,13119,東京都板橋区熊野町,中古マンション等,25,32.0,8.0,21000000,0.45528429045854535,1.4552842904585455,45.52842904585454,高値,中度,18918695.77596109,13000000.0,True,30,要人手査定
13690,13109,東京都品川区旗の台,中古マンション等,30,58.0,4.0,15000000,0.45526189212040785,0.5447381078795922,-45.526189212040784,安値,中度,14707928.912748989,27000000.0,True,30,要人手査定
25158,13116,東京都豊島区東池袋,中古マンション等,40,23.0,1.0,68000000,0.45518526968816425,1.4551852696881642,45.518526968816424,高値,中度,69121300.3101878,47500000.0,True,30,要人手査定
37902,13213,東京都東村山市栄町,中古マンション等,70,51.0,6.0,23000000,0.4549650572202609,1.4549650572202608,45.49650572202609,高値,中度,21096993.329693783,14500000.0,True,30,要人手査定
14280,13109,東京都品川区大井,中古マンション等,25,41.0,6.0,32000000,0.4549600384248065,1.4549600384248065,45.49600384248065,高値,中度,22551880.5955845,15500000.0,True,30,要人手査定
29887,13120,東京都練馬区豊玉北,中古マンション等,20,37.0,4.0,16000000,0.45481423936012505,1.454814239360125,45.481423936012504,高値,中度,16002956.632961376,11000000.0,True,30,要人手査定
2481,13103,東京都港区東新橋,中古マンション等,70,24.0,3.0,270000000,0.45471408580409167,1.4547140858040917,45.47140858040917,高値,中度,254574965.01571605,175000000.0,True,30,要人手査定
1419,13102,東京都中央区銀座,中古マンション等,35,22.0,7.0,44000000,0.45465466306361013,1.4546546630636101,45.465466306361016,高値,中度,58186186.52254441,40000000.0,True,30,要人手査定
24720,13116,東京都豊島区南長崎,中古マンション等,30,59.0,8.0,6500000,0.45456284097415034,0.5454371590258497,-45.456284097415036,安値,中度,10363306.021491144,19000000.0,True,30,要人手査定
34426,13202,東京都立川市曙町,中古マンション等,55,52.0,14.0,19000000,0.4544264682398032,1.4544264682398031,45.44264682398032,高値,中度,15998691.150637835,11000000.0,True,30,要人手査定
4027,13103,東京都港区西麻布,中古マンション等,35,23.0,9.0,82000000,0.4543683920308228,1.4543683920308228,45.43683920308228,高値,中度,58901919.877248324,40500000.0,True,30,要人手査定
6257,13104,東京都新宿区中落合,中古マンション等,30,8.0,6.0,35000000,0.45431609762060016,0.5456839023793998,-45.43160976206001,安値,中度,33832401.94752279,62000000.0,True,30,要人手査定
34652,13202,東京都立川市富士見町,中古マンション等,45,42.0,9.0,14000000,0.4542555573901227,0.5457444426098773,-45.42555573901227,安値,中度,9004783.303062975,16500000.0,True,30,要人手査定
34862,13203,東京都武蔵野市境南町,中古マンション等,20,41.0,7.0,11000000,0.4541226278364305,0.5458773721635695,-45.41226278364305,安値,中度,8461099.268535327,15500000.0,True,30,要人手査定
34466,13202,東京都立川市上砂町,中古マンション等,45,41.0,9.0,4000000,0.45412086853846534,0.5458791314615347,-45.41208685384653,安値,中度,9279945.234846089,17000000.0,True,30,要人手査定
24261,13116,東京都豊島区南池袋,中古マンション等,40,1.0,7.0,84000000,0.45405428557279426,1.4540542855727943,45.40542855727943,高値,中度,84335148.56322207,58000000.0,True,30,要人手査定
21504,13113,東京都渋谷区神宮前,中古マンション等,60,6.0,9.0,220000000,0.45403957319333554,1.4540395731933355,45.40395731933356,高値,中度,189025144.51513362,130000000.0,True,30,要人手査定
31449,13121,東京都足立区中川,中古マンション等,55,48.0,12.0,25000000,0.4540246937729572,1.454024693772957,45.402469377295716,高値,中度,25445432.14102675,17500000.0,True,30,要人手査定
30328,13121,東京都足立区千住中居町,中古マンション等,80,29.0,8.0,45000000,0.4539846251969676,1.4539846251969677,45.39846251969676,高値,中度,58886377.32047719,40500000.0,True,30,要人手査定
35750,13206,東京都府中市四谷,中古マンション等,70,21.0,5.0,34000000,0.4539165148487088,0.5460834851512912,-45.391651484870884,安値,中度,26485049.029837623,48500000.0,True,30,要人手査定
9275,13107,東京都墨田区石原,中古マンション等,70,12.0,13.0,95000000,0.4538258577750278,1.4538258577750278,45.38258577750278,高値,中度,87956464.39538918,60500000.0,True,30,要人手査定
30234,13121,東京都足立区千住仲町,中古マンション等,65,45.0,7.0,32000000,0.45368763027301523,1.4536876302730153,45.368763027301526,高値,中度,35615346.94168887,24500000.0,True,30,要人手査定
7985,13106,東京都台東区東上野,中古マンション等,60,5.0,5.0,120000000,0.45348356807533874,1.4534835680753386,45.348356807533875,高値,中度,125726328.6385168,86500000.0,True,30,要人手査定
36716,13209,東京都町田市相原町,中古マンション等,75,30.0,12.0,19000000,0.45330997551484936,0.5466900244851506,-45.330997551484934,安値,中度,21047565.9426783,38500000.0,True,30,要人手査定
39627,13229,東京都西東京市西原町,中古マンション等,70,46.0,24.0,17000000,0.45314175780078253,0.5468582421992175,-45.31417578007825,安値,中度,14218314.297179654,26000000.0,True,30,要人手査定
3592,13103,東京都港区三田,中古マンション等,85,2.0,5.0,530000000,0.4530506721569705,1.4530506721569705,45.30506721569705,高値,中度,530363495.3372942,365000000.0,True,30,要人手査定
25288,13117,東京都北区西ケ原,中古マンション等,70,5.0,4.0,98000000,0.4530280002185334,1.4530280002185334,45.30280002185334,高値,中度,92267278.01387687,63500000.0,True,30,要人手査定
10098,13107,東京都墨田区八広,中古マンション等,15,38.0,12.0,6800000,0.45292971015136096,0.547070289848639,-45.2929710151361,安値,中度,8753124.637578225,16000000.0,True,30,要人手査定
2704,13103,東京都港区海岸,中古マンション等,35,46.0,13.0,27000000,0.4528227992638081,0.5471772007361919,-45.28227992638081,安値,中度,23528619.63165625,43000000.0,True,30,要人手査定
38112,13214,東京都国分寺市東恋ケ窪,中古マンション等,45,41.0,11.0,22000000,0.45279239522400105,0.547207604775999,-45.279239522400104,安値,中度,16416228.143279968,30000000.0,True,30,要人手査定
34584,13202,東京都立川市幸町,中古マンション等,50,60.0,8.0,3800000,0.4526885003552896,1.4526885003552896,45.26885003552896,高値,中度,13510003.053304194,9300000.0,True,30,要人手査定
359,13101,東京都千代田区飯田橋,中古マンション等,55,42.0,0.0,110000000,0.45244977872364456,1.4524497787236446,45.24497787236446,高値,中度,98040360.063846,67500000.0,True,30,要人手査定
32385,13122,東京都葛飾区東新小岩,中古マンション等,20,23.0,9.0,27000000,0.45242926087304575,1.4524292608730458,45.242926087304575,高値,中度,23238868.173968732,16000000.0,True,30,要人手査定
11372,13108,東京都江東区豊洲,中古マンション等,65,17.0,10.0,130000000,0.4524038219860796,1.4524038219860795,45.24038219860796,高値,中度,123454324.86881676,85000000.0,True,30,要人手査定
14266,13109,東京都品川区荏原,中古マンション等,65,27.0,8.0,160000000,0.4522743097557176,1.4522743097557176,45.22743097557176,高値,中度,121264904.86460242,83500000.0,True,30,要人手査定
19474,13112,東京都世田谷区砧,中古マンション等,15,36.0,13.0,6600000,0.45224662465368054,0.5477533753463194,-45.224662465368056,安値,中度,6846917.191828993,12500000.0,True,30,要人手査定
29486,13120,東京都練馬区練馬,中古マンション等,50,40.0,7.0,37000000,0.45218850096515645,1.4521885009651565,45.218850096515645,高値,中度,40661278.02702438,28000000.0,True,30,要人手査定
13678,13109,東京都品川区西五反田,中古マンション等,80,44.0,5.0,97000000,0.45211998787901936,1.4521199878790194,45.21199878790193,高値,中度,99470219.16971283,68500000.0,True,30,要人手査定
35573,13206,東京都府中市府中町,中古マンション等,75,22.0,4.0,50000000,0.4520746978967993,1.4520746978967993,45.207469789679934,高値,中度,59535062.61376877,41000000.0,True,30,要人手査定
20306,13112,東京都世田谷区野沢,中古マンション等,75,56.0,12.0,62000000,0.45200132207151866,1.4520013220715187,45.20013220715187,高値,中度,74052067.42564745,51000000.0,True,30,要人手査定
29572,13120,東京都練馬区大泉学園町,中古マンション等,80,35.0,5.0,31000000,0.4519441027103145,0.5480558972896855,-45.19441027103145,安値,中度,30965158.19686723,56500000.0,True,30,要人手査定
26753,13118,東京都荒川区西尾久,中古マンション等,40,44.0,4.0,16000000,0.4518075372929501,0.5481924627070499,-45.180753729295006,安値,中度,15623485.187150922,28500000.0,True,30,要人手査定
19810,13112,東京都世田谷区三宿,中古マンション等,30,30.0,10.0,48000000,0.4516244319194732,1.4516244319194733,45.16244319194732,高値,中度,34838986.36606736,24000000.0,True,30,要人手査定
12024,13108,東京都江東区南砂,中古マンション等,70,3.0,5.0,75000000,0.4515968821650158,0.5484031178349842,-45.15968821650158,安値,中度,82260467.67524762,150000000.0,True,30,要人手査定
20937,13113,東京都渋谷区本町,中古マンション等,20,34.0,8.0,15000000,0.451570416713406,0.5484295832865941,-45.1570416713406,安値,中度,12613880.415591663,23000000.0,True,30,要人手査定
9134,13107,東京都墨田区立川,中古マンション等,75,23.0,3.0,80000000,0.4514856131927467,1.4514856131927467,45.14856131927467,高値,中度,89992108.0179503,62000000.0,True,30,要人手査定
22839,13115,東京都杉並区南荻窪,中古マンション等,20,37.0,17.0,6400000,0.4514805303049094,0.5485194696950906,-45.14805303049094,安値,中度,8227792.0454263585,15000000.0,True,30,要人手査定
25923,13117,東京都北区王子,中古マンション等,25,42.0,3.0,32000000,0.4513058195578612,1.4513058195578612,45.13058195578612,高値,中度,22495240.20314685,15500000.0,True,30,要人手査定
20840,13113,東京都渋谷区猿楽町,中古マンション等,120,5.0,4.0,590000000,0.45120105902224816,1.4512010590222482,45.120105902224815,高値,中度,486152354.7724531,335000000.0,True,30,要人手査定
20617,13113,東京都渋谷区幡ケ谷,中古マンション等,125,33.0,10.0,170000000,0.4508713480452558,0.5491286519547441,-45.08713480452558,安値,中度,159247309.06687582,290000000.0,True,30,要人手査定
6160,13104,東京都新宿区大京町,中古マンション等,35,23.0,6.0,65000000,0.45086643860148357,1.4508664386014836,45.08664386014836,高値,中度,65288989.73706676,45000000.0,True,30,要人手査定
36127,13208,東京都調布市菊野台,中古マンション等,40,3.0,9.0,40000000,0.45079131247109755,1.4507913124710976,45.07913124710976,高値,中度,46425321.99907512,32000000.0,True,30,要人手査定
24540,13116,東京都豊島区池袋本町,中古マンション等,20,57.0,6.0,8800000,0.45077312950584364,0.5492268704941564,-45.077312950584364,安値,中度,8787629.927906502,16000000.0,True,30,要人手査定
7634,13105,東京都文京区本駒込,中古マンション等,55,39.0,13.0,66000000,0.4507226891114738,1.4507226891114737,45.072268911147376,高値,中度,66007882.35457206,45500000.0,True,30,要人手査定
18434,13112,東京都世田谷区玉川,中古マンション等,85,16.0,7.0,200000000,0.4507068813383947,1.4507068813383948,45.07068813383947,高値,中度,166831291.3539154,115000000.0,True,30,要人手査定
29904,13120,東京都練馬区豊玉中,中古マンション等,80,21.0,11.0,82000000,0.4506685622680725,1.4506685622680726,45.06685622680725,高値,中度,81962773.7681461,56500000.0,True,30,要人手査定
34602,13202,東京都立川市高松町,中古マンション等,75,10.0,19.0,64000000,0.45048573958035687,1.4504857395803568,45.04857395803569,高値,中度,63096129.671745524,43500000.0,True,30,要人手査定
24798,13116,東京都豊島区南長崎,中古マンション等,30,55.0,8.0,8200000,0.45044675563296477,0.5495532443670352,-45.04467556329648,安値,中度,10716288.265157187,19500000.0,True,30,要人手査定
253,13101,東京都千代田区内神田,中古マンション等,55,11.0,5.0,160000000,0.4504229312572769,1.450422931257277,45.04229312572769,高値,中度,159546522.43830046,110000000.0,True,30,要人手査定
8761,13106,東京都台東区東上野,中古マンション等,35,19.0,8.0,43000000,0.4501485759643309,1.4501485759643309,45.01485759643309,高値,中度,44954605.85489426,31000000.0,True,30,要人手査定
13206,13109,東京都品川区大井,中古マンション等,50,49.0,9.0,48000000,0.44995686747183994,1.44995686747184,44.995686747183996,高値,中度,53648404.09645808,37000000.0,True,30,要人手査定
15772,13110,東京都目黒区東が丘,中古マンション等,15,23.0,16.0,15000000,0.4498874493684925,0.5501125506315074,-44.98874493684925,安値,中度,19253939.272102762,35000000.0,True,30,要人手査定
31445,13121,東京都足立区舎人,中古マンション等,75,13.0,3.0,38000000,0.44987767514416455,0.5501223248558355,-44.987767514416454,安値,中度,37958440.415052645,69000000.0,True,30,要人手査定
4091,13103,東京都港区麻布十番,中古マンション等,30,29.0,2.0,52000000,0.4498130202771876,1.4498130202771877,44.98130202771876,高値,中度,52918175.24011735,36500000.0,True,30,要人手査定
14872,13109,東京都品川区南品川,中古マンション等,35,15.0,8.0,46000000,0.44974470672151307,1.449744706721513,44.974470672151305,高値,中度,55090298.8554175,38000000.0,True,30,要人手査定
6223,13104,東京都新宿区内藤町,中古マンション等,105,10.0,7.0,460000000,0.449712455865365,1.449712455865365,44.971245586536504,高値,中度,318936740.2903803,220000000.0,True,30,要人手査定
38596,13221,東京都清瀬市旭が丘,中古マンション等,70,59.0,5.0,3800000,0.44966184163470774,0.5503381583652923,-44.96618416347077,安値,中度,10456425.008940553,19000000.0,True,30,要人手査定
25362,13117,東京都北区志茂,中古マンション等,20,38.0,5.0,8400000,0.4496310506583334,0.5503689493416666,-44.96310506583334,安値,中度,8530718.714795832,15500000.0,True,30,要人手査定
37514,13212,東京都日野市多摩平,中古マンション等,80,11.0,6.0,66000000,0.44959256343920495,1.4495925634392048,44.959256343920494,高値,中度,62332480.22788581,43000000.0,True,30,要人手査定
16597,13111,東京都大田区山王,中古マンション等,55,4.0,6.0,88000000,0.4494502566619187,1.4494502566619187,44.94502566619187,高値,中度,92040091.29803184,63500000.0,True,30,要人手査定
34388,13202,東京都立川市上砂町,中古マンション等,65,33.0,8.0,20000000,0.4494422096399986,0.5505577903600014,-44.94422096399986,安値,中度,16792012.605980042,30500000.0,True,30,要人手査定
9280,13107,東京都墨田区菊川,中古マンション等,95,44.0,2.0,65000000,0.4492320974580315,1.4492320974580315,44.92320974580315,高値,中度,86229309.79875287,59500000.0,True,30,要人手査定
541,13102,東京都中央区新富,中古マンション等,25,46.0,15.0,18000000,0.4490756122221015,0.5509243877778984,-44.90756122221015,安値,中度,17078656.021114852,31000000.0,True,30,要人手査定
5282,13104,東京都新宿区富久町,中古マンション等,90,24.0,9.0,180000000,0.4490619759047405,1.4490619759047405,44.90619759047405,高値,中度,188378056.86761627,130000000.0,True,30,要人手査定
24907,13116,東京都豊島区池袋,中古マンション等,25,3.0,2.0,48000000,0.4489659604888963,1.4489659604888963,44.896596048889634,高値,中度,48540359.67637803,33500000.0,True,30,要人手査定
34558,13202,東京都立川市曙町,中古マンション等,70,18.0,12.0,42000000,0.44893826989117547,1.4489382698911755,44.89382698911755,高値,中度,49988370.31124555,34500000.0,True,30,要人手査定
19240,13112,東京都世田谷区下馬,中古マンション等,75,8.0,11.0,140000000,0.44893415391748154,1.4489341539174816,44.89341539174816,高値,中度,135475343.39128453,93500000.0,True,30,要人手査定
19236,13112,東京都世田谷区下馬,中古マンション等,75,8.0,11.0,140000000,0.44893415391748154,1.4489341539174816,44.89341539174816,高値,中度,135475343.39128453,93500000.0,True,30,要人手査定
4805,13104,東京都新宿区市谷本村町,中古マンション等,60,6.0,4.0,140000000,0.44884223605492235,1.4488422360549222,44.88422360549224,高値,中度,144884223.60549223,100000000.0,True,30,要人手査定
13118,13109,東京都品川区上大崎,中古マンション等,60,56.0,7.0,69000000,0.4485880992897845,1.4485880992897846,44.85880992897845,高値,中度,65186464.4680403,45000000.0,True,30,要人手査定
16596,13111,東京都大田区山王,中古マンション等,70,5.0,9.0,110000000,0.44857486996002477,1.4485748699600247,44.85748699600248,高値,中度,108643115.24700186,75000000.0,True,30,要人手査定
17252,13111,東京都大田区大森西,中古マンション等,20,31.0,3.0,21000000,0.44847906811065336,1.4484790681106534,44.847906811065336,高値,中度,20278706.953549147,14000000.0,True,30,要人手査定
34445,13202,東京都立川市錦町,中古マンション等,60,29.0,9.0,37000000,0.44839964591104525,1.4483996459110453,44.839964591104525,高値,中度,41279389.90846479,28500000.0,True,30,要人手査定
21412,13113,東京都渋谷区恵比寿南,中古マンション等,45,37.0,4.0,110000000,0.4483422623607144,1.4483422623607143,44.83422623607144,高値,中度,81107166.6922,56000000.0,True,30,要人手査定
27851,13119,東京都板橋区新河岸,中古マンション等,60,35.0,11.0,22000000,0.44834142172234354,0.5516585782776565,-44.83414217223435,安値,中度,21514684.552828602,39000000.0,True,30,要人手査定
36927,13209,東京都町田市金井ヶ丘,中古マンション等,70,27.0,10.0,25000000,0.44820826233537225,0.5517917376646277,-44.820826233537225,安値,中度,21519877.76892048,39000000.0,True,30,要人手査定
19307,13112,東京都世田谷区池尻,中古マンション等,75,45.0,9.0,58000000,0.44794563604663634,1.4479456360466363,44.79456360466364,高値,中度,77465091.52849504,53500000.0,True,30,要人手査定
36605,13208,東京都調布市染地,中古マンション等,40,23.0,14.0,5200000,0.44789393178132186,0.5521060682186781,-44.78939317813219,安値,中度,20703977.55820043,37500000.0,True,30,要人手査定
12890,13108,東京都江東区古石場,中古マンション等,60,43.0,5.0,54000000,0.447885379147731,1.447885379147731,44.7885379147731,高値,中度,58639357.85548311,40500000.0,True,30,要人手査定
27366,13119,東京都板橋区若木,中古マンション等,55,56.0,15.0,13000000,0.4478850903133706,0.5521149096866295,-44.78850903133706,安値,中度,11870470.558262533,21500000.0,True,30,要人手査定
19574,13112,東京都世田谷区大蔵,中古マンション等,40,16.0,19.0,32000000,0.4478543236579803,0.5521456763420197,-44.78543236579803,安値,中度,30368012.198811084,55000000.0,True,30,要人手査定
19316,13112,東京都世田谷区上北沢,中古マンション等,30,52.0,3.0,13000000,0.44779476520376216,0.5522052347962378,-44.779476520376214,安値,中度,14081233.487304065,25500000.0,True,30,要人手査定
26526,13118,東京都荒川区西日暮里,中古マンション等,80,18.0,2.0,130000000,0.4477310657049362,1.4477310657049363,44.77310657049362,高値,中度,109303695.46072268,75500000.0,True,30,要人手査定
31220,13121,東京都足立区弘道,中古マンション等,65,40.0,7.0,39000000,0.4476565275859997,1.4476565275859998,44.76565275859997,高値,中度,34743756.66206399,24000000.0,True,30,要人手査定
308,13101,東京都千代田区神田須田町,中古マンション等,35,21.0,2.0,35000000,0.447581111063323,1.447581111063323,44.7581111063323,高値,中度,47770176.66508966,33000000.0,True,30,要人手査定
27395,13119,東京都板橋区高島平,中古マンション等,80,54.0,8.0,19000000,0.447517084595729,0.5524829154042711,-44.751708459572896,安値,中度,20441867.86995803,37000000.0,True,30,要人手査定
9375,13107,東京都墨田区八広,中古マンション等,65,29.0,12.0,33000000,0.4474534866702531,0.5525465133297469,-44.74534866702531,安値,中度,35362976.8531038,64000000.0,True,30,要人手査定
1021,13102,東京都中央区晴海,中古マンション等,90,1.0,15.0,280000000,0.4474480413821157,1.4474480413821158,44.74480413821157,高値,中度,231591686.6211385,160000000.0,True,30,要人手査定
2545,13103,東京都港区海岸,中古マンション等,110,6.0,2.0,270000000,0.44727721936260484,0.5527227806373951,-44.72772193626049,安値,中度,292943073.73781943,530000000.0,True,30,要人手査定
39111,13224,東京都多摩市永山,中古マンション等,70,49.0,6.0,23000000,0.4472347382484197,1.4472347382484196,44.72347382484197,高値,中度,19537668.966353666,13500000.0,True,30,要人手査定
19700,13112,東京都世田谷区池尻,中古マンション等,45,51.0,5.0,53000000,0.4471704709393154,1.4471704709393154,44.71704709393154,高値,中度,46309455.07005809,32000000.0,True,30,要人手査定
13002,13108,東京都江東区森下,中古マンション等,30,34.0,3.0,40000000,0.4471502150097292,1.4471502150097293,44.71502150097292,高値,中度,26772278.97767999,18500000.0,True,30,要人手査定
4947,13104,東京都新宿区市谷本村町,中古マンション等,90,19.0,5.0,210000000,0.44710349619431083,1.4471034961943108,44.710349619431085,高値,中度,209830006.94817507,145000000.0,True,30,要人手査定
29709,13120,東京都練馬区石神井町,中古マンション等,70,24.0,1.0,93000000,0.44686252158818246,1.4468625215881825,44.68625215881825,高値,中度,90428907.5992614,62500000.0,True,30,要人手査定
30152,13121,東京都足立区千住仲町,中古マンション等,35,10.0,5.0,37000000,0.4468569392444004,1.4468569392444004,44.68569392444004,高値,中度,37618280.42035441,26000000.0,True,30,要人手査定
6728,13105,東京都文京区小石川,中古マンション等,85,58.0,9.0,90000000,0.4467300503163328,1.4467300503163327,44.67300503163328,高値,中度,87527168.04413813,60500000.0,True,30,要人手査定
36974,13209,東京都町田市能ヶ谷,中古マンション等,90,39.0,16.0,14000000,0.4466884822181887,0.5533115177818113,-44.66884822181887,安値,中度,18535935.84569068,33500000.0,True,30,要人手査定
5872,13104,東京都新宿区荒木町,中古マンション等,60,8.0,5.0,180000000,0.446638871811527,1.446638871811527,44.6638871811527,高値,中度,159130275.89926797,110000000.0,True,30,要人手査定
26160,13117,東京都北区東十条,中古マンション等,70,51.0,4.0,52000000,0.44634341882947604,1.4463434188294761,44.6343418829476,高値,中度,52068363.07786114,36000000.0,True,30,要人手査定
20977,13113,東京都渋谷区松濤,中古マンション等,20,43.0,5.0,24000000,0.4462877294952512,1.4462877294952512,44.62877294952512,高値,中度,21694315.942428768,15000000.0,True,30,要人手査定
28159,13119,東京都板橋区熊野町,中古マンション等,25,32.0,8.0,30000000,0.44620521039301786,1.4462052103930179,44.620521039301785,高値,中度,18800667.735109232,13000000.0,True,30,要人手査定
19123,13112,東京都世田谷区下馬,中古マンション等,80,20.0,8.0,190000000,0.44606942193084503,1.446069421930845,44.60694219308451,高値,中度,133761421.52860317,92500000.0,True,30,要人手査定
8389,13106,東京都台東区池之端,中古マンション等,45,65.0,5.0,34000000,0.44602844697737615,1.446028446977376,44.602844697737616,高値,中度,33258654.28047965,23000000.0,True,30,要人手査定
25073,13116,東京都豊島区西池袋,中古マンション等,20,30.0,7.0,28000000,0.4459929992520865,1.4459929992520866,44.599299925208655,高値,中度,23135887.988033384,16000000.0,True,30,要人手査定
69,13101,東京都千代田区富士見,中古マンション等,90,17.0,1.0,320000000,0.44588315623419283,1.445883156234193,44.588315623419284,高値,中度,318094294.3715224,220000000.0,True,30,要人手査定
30289,13121,東京都足立区梅島,中古マンション等,70,48.0,2.0,34000000,0.4458496897834492,1.4458496897834492,44.58496897834492,高値,中度,33977467.709911056,23500000.0,True,30,要人手査定
17169,13111,東京都大田区大森北,中古マンション等,30,5.0,10.0,40000000,0.445817739907662,1.445817739907662,44.5817739907662,高値,中度,46989076.546999015,32500000.0,True,30,要人手査定
37074,13209,東京都町田市原町田,中古マンション等,70,22.0,14.0,46000000,0.4457848924273486,1.4457848924273486,44.57848924273486,高値,中度,49879578.788743526,34500000.0,True,30,要人手査定
13627,13109,東京都品川区勝島,中古マンション等,85,9.0,7.0,100000000,0.44575662662569315,0.5542433733743068,-44.575662662569314,安値,中度,99763807.20737523,180000000.0,True,30,要人手査定
11295,13108,東京都江東区豊洲,中古マンション等,60,10.0,11.0,110000000,0.44565869733266444,1.4456586973326644,44.565869733266446,高値,中度,122880989.27327648,85000000.0,True,30,要人手査定
7017,13105,東京都文京区西片,中古マンション等,80,56.0,3.0,90000000,0.4456277024368465,1.4456277024368465,44.56277024368465,高値,中度,86737662.14621079,60000000.0,True,30,要人手査定
31574,13121,東京都足立区谷中,中古マンション等,30,2.0,5.0,39000000,0.4455687184163941,1.4455687184163941,44.55687184163941,高値,中度,41198708.47486723,28500000.0,True,30,要人手査定
27265,13119,東京都板橋区高島平,中古マンション等,35,50.0,7.0,11000000,0.4455571771569298,0.5544428228430702,-44.55571771569298,安値,中度,9702749.399753729,17500000.0,True,30,要人手査定
17138,13111,東京都大田区大森北,中古マンション等,50,29.0,3.0,60000000,0.4453652780391098,1.4453652780391097,44.53652780391098,高値,中度,71545581.26293594,49500000.0,True,30,要人手査定
25356,13117,東京都北区浮間,中古マンション等,60,34.0,4.0,34000000,0.4453568984267677,0.5546431015732324,-44.53568984267677,安値,中度,27732155.078661617,50000000.0,True,30,要人手査定
34512,13202,東京都立川市高松町,中古マンション等,75,10.0,19.0,63000000,0.4451038025454644,1.4451038025454643,44.51038025454644,高値,中度,62862015.4107277,43500000.0,True,30,要人手査定
37033,13209,東京都町田市鶴川,中古マンション等,55,23.0,20.0,9000000,0.4450314323990949,0.5549685676009052,-44.503143239909484,安値,中度,16649057.028027155,30000000.0,True,30,要人手査定
9034,13107,東京都墨田区江東橋,中古マンション等,65,18.0,5.0,100000000,0.4450044528074491,1.445004452807449,44.50044528074491,高値,中度,90312778.30046557,62500000.0,True,30,要人手査定
7877,13106,東京都台東区千束,中古マンション等,65,13.0,8.0,58000000,0.444940133903962,0.555059866096038,-44.4940133903962,安値,中度,58003756.00703597,104500000.0,True,30,要人手査定
34366,13202,東京都立川市一番町,中古マンション等,70,30.0,9.0,24000000,0.44492237449354666,0.5550776255064533,-44.49223744935467,安値,中度,16652328.7651936,30000000.0,True,30,要人手査定
14952,13110,東京都目黒区碑文谷,中古マンション等,30,44.0,9.0,16000000,0.4449195823663588,0.5550804176336411,-44.49195823663588,安値,中度,18872734.1995438,34000000.0,True,30,要人手査定
37564,13212,東京都日野市百草,中古マンション等,50,56.0,21.0,3500000,0.44484424006452294,0.5551557599354771,-44.484424006452294,安値,中度,5690346.53933864,10250000.0,True,30,要人手査定
11615,13108,東京都江東区白河,中古マンション等,35,21.0,10.0,44000000,0.44482612367066876,1.4448261236706688,44.48261236706688,高値,中度,40455131.462778725,28000000.0,True,30,要人手査定
30597,13121,東京都足立区谷中,中古マンション等,55,19.0,7.0,45000000,0.44481612127646414,1.444816121276464,44.481612127646414,高値,中度,46956523.941485085,32500000.0,True,30,要人手査定
13489,13109,東京都品川区東五反田,中古マンション等,125,43.0,10.0,190000000,0.4447863037026144,1.4447863037026143,44.47863037026144,高値,中度,187822219.48133987,130000000.0,True,30,要人手査定
27229,13119,東京都板橋区南町,中古マンション等,30,7.0,7.0,35000000,0.44475610829589574,1.4447561082958957,44.47561082958957,高値,中度,36118902.707397394,25000000.0,True,30,要人手査定
27228,13119,東京都板橋区南町,中古マンション等,30,7.0,7.0,36000000,0.44475610829589574,1.4447561082958957,44.47561082958957,高値,中度,36118902.707397394,25000000.0,True,30,要人手査定
39455,13229,東京都西東京市田無町,中古マンション等,30,60.0,6.0,11000000,0.4446433658052289,0.5553566341947711,-44.46433658052289,安値,中度,8608027.830018952,15500000.0,True,30,要人手査定
37146,13210,東京都小金井市本町,中古マンション等,45,57.0,5.0,12000000,0.44463479651193527,0.5553652034880647,-44.46347965119352,安値,中度,9996573.662785165,18000000.0,True,30,要人手査定
28387,13119,東京都板橋区仲宿,中古マンション等,70,46.0,1.0,53000000,0.44433641018887227,1.4443364101888723,44.43364101888723,高値,中度,59217792.81774376,41000000.0,True,30,要人手査定
27822,13119,東京都板橋区加賀,中古マンション等,80,43.0,8.0,71000000,0.4443333274566693,1.4443333274566694,44.43333274566693,高値,中度,65717166.399278454,45500000.0,True,30,要人手査定
29893,13120,東京都練馬区豊玉北,中古マンション等,55,19.0,5.0,72000000,0.44429211223975457,1.4442921122397545,44.42921122397546,高値,中度,75103189.83646724,52000000.0,True,30,要人手査定
33726,13201,東京都八王子市寺田町,中古マンション等,95,30.0,5.0,17000000,0.44412592538357315,0.5558740746164268,-44.412592538357316,安値,中度,16398285.201184591,29500000.0,True,30,要人手査定
12977,13108,東京都江東区毛利,中古マンション等,30,19.0,2.0,42000000,0.44410853455975885,1.4441085345597588,44.41085345597588,高値,中度,41157093.23495313,28500000.0,True,30,要人手査定
37232,13210,東京都小金井市前原町,中古マンション等,90,52.0,5.0,14000000,0.44401157454962514,0.5559884254503749,-44.401157454962515,安値,中度,25019479.14526687,45000000.0,True,30,要人手査定
21287,13113,東京都渋谷区恵比寿南,中古マンション等,30,26.0,5.0,46000000,0.4439617978671259,1.443961797867126,44.396179786712594,高値,中度,51982624.72321653,36000000.0,True,30,要人手査定
39478,13229,東京都西東京市西原町,中古マンション等,75,44.0,5.0,12000000,0.4436714767222493,0.5563285232777506,-44.36714767222493,安値,中度,15855362.913415894,28500000.0,True,30,要人手査定
2848,13103,東京都港区六本木,中古マンション等,60,12.0,4.0,150000000,0.4434960186337739,1.443496018633774,44.349601863377394,高値,中度,230959362.98140383,160000000.0,True,30,要人手査定
1116,13102,東京都中央区勝どき,中古マンション等,115,3.0,2.0,470000000,0.4434857512757286,1.4434857512757286,44.34857512757286,高値,中度,447480582.89547586,310000000.0,True,30,要人手査定
1129,13102,東京都中央区勝どき,中古マンション等,115,3.0,2.0,470000000,0.4434857512757286,1.4434857512757286,44.34857512757286,高値,中度,447480582.89547586,310000000.0,True,30,要人手査定
8789,13106,東京都台東区三筋,中古マンション等,40,23.0,6.0,58000000,0.44341615450390764,1.4434161545039077,44.34161545039076,高値,中度,57736646.180156305,40000000.0,True,30,要人手査定
38873,13224,東京都多摩市関戸,中古マンション等,65,48.0,3.0,20000000,0.4433403106524928,1.4433403106524927,44.33403106524928,高値,中度,19485094.193808652,13500000.0,True,30,要人手査定
12872,13108,東京都江東区深川,中古マンション等,50,53.0,6.0,50000000,0.44321078866178326,1.4432107886617833,44.321078866178325,高値,中度,52677193.78615509,36500000.0,True,30,要人手査定
22550,13114,東京都中野区中野,中古マンション等,35,60.0,9.0,29000000,0.44312200719655775,1.4431220071965578,44.31220071965578,高値,中度,31027123.15472599,21500000.0,True,30,要人手査定
20391,13112,東京都世田谷区三宿,中古マンション等,25,29.0,10.0,33000000,0.44295270290119454,1.4429527029011946,44.295270290119454,高値,中度,27416101.355122697,19000000.0,True,30,要人手査定
24506,13116,東京都豊島区池袋本町,中古マンション等,20,42.0,11.0,9800000,0.44267517108002424,0.5573248289199757,-44.26751710800242,安値,中度,9474522.091639588,17000000.0,True,30,要人手査定
2513,13103,東京都港区元麻布,中古マンション等,60,48.0,10.0,120000000,0.44263271181834263,1.4426327118183426,44.26327118183426,高値,中度,99541657.11546564,69000000.0,True,30,要人手査定
38348,13218,東京都福生市大字福生,中古マンション等,15,35.0,4.0,3800000,0.44260003154604016,0.5573999684539598,-44.260003154604014,安値,中度,4096889.7681366047,7350000.0,True,30,要人手査定
13225,13109,東京都品川区上大崎,中古マンション等,40,54.0,4.0,52000000,0.4425564621087041,1.4425564621087041,44.25564621087041,高値,中度,44719250.32536983,31000000.0,True,30,要人手査定
17388,13111,東京都大田区蒲田,中古マンション等,30,23.0,7.0,31000000,0.44255267752907285,1.442552677529073,44.25526775290729,高値,中度,30293606.22811053,21000000.0,True,30,要人手査定
20850,13113,東京都渋谷区富ケ谷,中古マンション等,15,43.0,10.0,13000000,0.44253307987412677,0.5574669201258732,-44.253307987412676,安値,中度,12543005.702832147,22500000.0,True,30,要人手査定
23743,13115,東京都杉並区永福,中古マンション等,30,1.0,8.0,53000000,0.44248143004496293,1.4424814300449629,44.24814300449629,高値,中度,51929331.481618665,36000000.0,True,30,要人手査定
23742,13115,東京都杉並区永福,中古マンション等,30,1.0,8.0,54000000,0.44248143004496293,1.4424814300449629,44.24814300449629,高値,中度,51929331.481618665,36000000.0,True,30,要人手査定
22719,13114,東京都中野区南台,中古マンション等,15,38.0,14.0,9200000,0.44234974737472066,0.5576502526252793,-44.234974737472065,安値,中度,10316529.673567668,18500000.0,True,30,要人手査定
4475,13103,東京都港区南青山,中古マンション等,20,51.0,7.0,28000000,0.44216303788377215,1.4421630378837722,44.21630378837722,高値,中度,24516771.644024126,17000000.0,True,30,要人手査定
6213,13104,東京都新宿区富久町,中古マンション等,70,11.0,5.0,140000000,0.4418966265032242,1.4418966265032243,44.18966265032242,高値,中度,173027595.1803869,120000000.0,True,30,要人手査定
34394,13202,東京都立川市錦町,中古マンション等,70,31.0,7.0,52000000,0.44183045485849975,1.4418304548584997,44.18304548584997,高値,中度,43254913.64575499,30000000.0,True,30,要人手査定
37464,13211,東京都小平市栄町,中古マンション等,50,35.0,6.0,15000000,0.44176865917039015,0.5582313408296099,-44.17686591703902,安値,中度,12839320.839081027,23000000.0,True,30,要人手査定
9276,13107,東京都墨田区石原,中古マンション等,85,18.0,10.0,96000000,0.44176762260613206,1.441767622606132,44.17676226061321,高値,中度,95877546.90330778,66500000.0,True,30,要人手査定
15240,13110,東京都目黒区目黒本町,中古マンション等,30,62.0,11.0,16000000,0.44158136094642325,0.5584186390535768,-44.15813609464232,安値,中度,15635721.89350015,28000000.0,True,30,要人手査定
11509,13108,東京都江東区東砂,中古マンション等,45,57.0,22.0,6500000,0.4414811552757964,0.5585188447242035,-44.14811552757964,安値,中度,13125192.851018785,23500000.0,True,30,要人手査定
9059,13107,東京都墨田区太平,中古マンション等,55,11.0,6.0,80000000,0.4412650237947193,1.4412650237947193,44.12650237947193,高値,中度,84314003.89199108,58500000.0,True,30,要人手査定
14303,13109,東京都品川区大崎,中古マンション等,50,17.0,5.0,120000000,0.4410745721489195,1.4410745721489195,44.10745721489195,高値,中度,113844891.19976464,79000000.0,True,30,要人手査定
18293,13112,東京都世田谷区南烏山,中古マンション等,45,40.0,4.0,17000000,0.4410234743218164,0.5589765256781836,-44.10234743218164,安値,中度,23477014.078483712,42000000.0,True,30,要人手査定
39640,13229,東京都西東京市ひばりが丘北,中古マンション等,35,42.0,2.0,9800000,0.44100755764070426,0.5589924423592957,-44.10075576407043,安値,中度,10620856.404826619,19000000.0,True,30,要人手査定
14549,13109,東京都品川区東大井,中古マンション等,30,32.0,6.0,36000000,0.440963299575381,1.440963299575381,44.0963299575381,高値,中度,36024082.489384525,25000000.0,True,30,要人手査定
22548,13114,東京都中野区中野,中古マンション等,50,60.0,5.0,55000000,0.44095717872307993,1.44095717872308,44.09571787230799,高値,中度,47551586.89786164,33000000.0,True,30,要人手査定
21288,13113,東京都渋谷区恵比寿南,中古マンション等,70,52.0,2.0,95000000,0.44093323649840355,1.4409332364984035,44.09332364984036,高値,中度,97262993.46364224,67500000.0,True,30,要人手査定
11137,13108,東京都江東区豊洲,中古マンション等,70,42.0,7.0,70000000,0.440931235273513,1.440931235273513,44.0931235273513,高値,中度,69164699.29312862,48000000.0,True,30,要人手査定
37054,13209,東京都町田市能ヶ谷,中古マンション等,20,27.0,2.0,12000000,0.4409127296338526,0.5590872703661475,-44.09127296338526,安値,中度,12020376.31287217,21500000.0,True,30,要人手査定
24379,13116,東京都豊島区南池袋,中古マンション等,55,11.0,4.0,140000000,0.44086894882659106,1.4408689488265911,44.0868948826591,高値,中度,133280377.76645967,92500000.0,True,30,要人手査定
22045,13114,東京都中野区東中野,中古マンション等,50,43.0,4.0,54000000,0.4408258275256132,1.4408258275256132,44.08258275256132,高値,中度,48267665.222108044,33500000.0,True,30,要人手査定
25067,13116,東京都豊島区西池袋,中古マンション等,20,30.0,7.0,25000000,0.44082037432933946,1.4408203743293395,44.082037432933944,高値,中度,23053125.98926943,16000000.0,True,30,要人手査定
31090,13121,東京都足立区綾瀬,中古マンション等,50,31.0,9.0,40000000,0.44076328407484106,1.440763284074841,44.076328407484105,高値,中度,39620990.31205813,27500000.0,True,30,要人手査定
12068,13108,東京都江東区千石,中古マンション等,70,37.0,16.0,55000000,0.4407136334828596,1.4407136334828596,44.071363348285956,高値,中度,52586047.622124374,36500000.0,True,30,要人手査定
13248,13109,東京都品川区北品川,中古マンション等,60,47.0,4.0,75000000,0.44069715322300923,1.4406971532230093,44.06971532230092,高値,中度,64111023.31842391,44500000.0,True,30,要人手査定
37720,13212,東京都日野市南平,中古マンション等,15,43.0,13.0,2500000,0.4406536302078925,0.5593463697921075,-44.06536302078925,安値,中度,4055261.1809927793,7250000.0,True,30,要人手査定
6081,13104,東京都新宿区新宿,中古マンション等,50,9.0,1.0,61000000,0.4405529063241253,1.4405529063241254,44.05529063241253,高値,中度,118125338.31857827,82000000.0,True,30,要人手査定
15734,13110,東京都目黒区中町,中古マンション等,20,23.0,18.0,24000000,0.44048521894804177,0.5595147810519582,-44.048521894804175,安値,中度,22940106.023130286,41000000.0,True,30,要人手査定
26059,13117,東京都北区滝野川,中古マンション等,70,34.0,4.0,66000000,0.44039364921472435,1.4403936492147242,44.03936492147243,高値,中度,76340863.40838039,53000000.0,True,30,要人手査定
31653,13122,東京都葛飾区東新小岩,中古マンション等,20,34.0,9.0,11000000,0.44035847131760397,1.440358471317604,44.0358471317604,高値,中度,10946724.38201379,7600000.0,True,30,要人手査定
37230,13210,東京都小金井市本町,中古マンション等,75,45.0,7.0,25000000,0.4403145660974645,0.5596854339025356,-44.03145660974645,安値,中度,25185844.525614098,45000000.0,True,30,要人手査定
32291,13122,東京都葛飾区新小岩,中古マンション等,20,23.0,4.0,29000000,0.44014536713756364,1.4401453671375637,44.014536713756364,高値,中度,23042325.87420102,16000000.0,True,30,要人手査定
3116,13103,東京都港区南青山,中古マンション等,30,46.0,2.0,41000000,0.4401041883859365,1.4401041883859365,44.01041883859365,高値,中度,37442708.89803435,26000000.0,True,30,要人手査定
29209,13120,東京都練馬区豊玉北,中古マンション等,75,25.0,2.0,100000000,0.44003870979083787,1.4400387097908378,44.003870979083786,高値,中度,89282400.00703195,62000000.0,True,30,要人手査定
17496,13111,東京都大田区山王,中古マンション等,55,28.0,2.0,72000000,0.44003869769506343,1.4400386976950634,44.003869769506345,高値,中度,80642167.07092355,56000000.0,True,30,要人手査定
20978,13113,東京都渋谷区松濤,中古マンション等,150,18.0,10.0,400000000,0.43995598371193634,1.4399559837119364,43.99559837119364,高値,中度,453586134.86925995,315000000.0,True,30,要人手査定
23092,13115,東京都杉並区和田,中古マンション等,25,56.0,1.0,10000000,0.439835804121209,0.560164195878791,-43.9835804121209,安値,中度,10082955.525818238,18000000.0,True,30,要人手査定
39628,13229,東京都西東京市西原町,中古マンション等,70,23.0,23.0,22000000,0.43973212625661595,0.560267873743384,-43.973212625661596,安値,中度,25772322.192195665,46000000.0,True,30,要人手査定
16295,13111,東京都大田区大森南,中古マンション等,20,20.0,19.0,13000000,0.43969739720912887,0.5603026027908712,-43.969739720912884,安値,中度,12886959.864190036,23000000.0,True,30,要人手査定
22724,13114,東京都中野区南台,中古マンション等,15,38.0,13.0,7800000,0.43961155441411925,0.5603884455858807,-43.961155441411925,安値,中度,9526603.574959973,17000000.0,True,30,要人手査定
8127,13106,東京都台東区今戸,中古マンション等,40,52.0,18.0,18000000,0.4396054640842158,0.5603945359157841,-43.96054640842158,安値,中度,17932625.149305094,32000000.0,True,30,要人手査定
27642,13119,東京都板橋区大山西町,中古マンション等,85,8.0,7.0,90000000,0.4394598926040141,1.439459892604014,43.945989260401404,高値,中度,96443812.80446894,67000000.0,True,30,要人手査定
39245,13225,東京都稲城市若葉台,中古マンション等,110,25.0,11.0,59000000,0.439372638423732,1.439372638423732,43.9372638423732,高値,中度,53256787.621678084,37000000.0,True,30,要人手査定
24531,13116,東京都豊島区池袋,中古マンション等,40,2.0,3.0,82000000,0.4392775450687821,1.439277545068782,43.92775450687821,高値,中度,77001348.66117984,53500000.0,True,30,要人手査定
19568,13112,東京都世田谷区池尻,中古マンション等,100,19.0,8.0,180000000,0.439256443293116,1.439256443293116,43.925644329311595,高値,中度,172710773.19517392,120000000.0,True,30,要人手査定
33190,13123,東京都江戸川区北小岩,中古マンション等,45,52.0,4.0,14000000,0.4390866140136255,0.5609133859863745,-43.90866140136255,安値,中度,14022834.649659364,25000000.0,True,30,要人手査定
24007,13115,東京都杉並区浜田山,中古マンション等,85,23.0,6.0,170000000,0.4389447419489995,1.4389447419489996,43.89447419489995,高値,中度,134541333.37223145,93500000.0,True,30,要人手査定
34489,13202,東京都立川市柏町,中古マンション等,55,33.0,1.0,22000000,0.4389371463579038,0.5610628536420962,-43.89371463579038,安値,中度,21320388.438399654,38000000.0,True,30,要人手査定
22665,13114,東京都中野区本町,中古マンション等,25,38.0,4.0,14000000,0.43885816840128744,1.4388581684012876,43.88581684012875,高値,中度,22302301.610219955,15500000.0,True,30,要人手査定
34376,13202,東京都立川市一番町,中古マンション等,70,31.0,14.0,24000000,0.4386790864431331,0.561320913556867,-43.86790864431331,安値,中度,17962269.23381974,32000000.0,True,30,要人手査定
1203,13102,東京都中央区勝どき,中古マンション等,110,3.0,2.0,440000000,0.4386063955474938,1.438606395547494,43.86063955474938,高値,中度,445967982.6197231,310000000.0,True,30,要人手査定
22661,13114,東京都中野区本町,中古マンション等,35,42.0,5.0,32000000,0.4386025532569092,1.4386025532569093,43.86025532569092,高値,中度,30210653.618395094,21000000.0,True,30,要人手査定
24262,13116,東京都豊島区南池袋,中古マンション等,80,27.0,9.0,160000000,0.4385139201126598,1.4385139201126598,43.851392011265986,高値,中度,133062537.61042103,92500000.0,True,30,要人手査定
2505,13103,東京都港区元麻布,中古マンション等,55,48.0,10.0,88000000,0.43848866637170764,1.4384886663717076,43.848866637170765,高値,中度,86309319.98230246,60000000.0,True,30,要人手査定
22027,13114,東京都中野区東中野,中古マンション等,85,56.0,3.0,40000000,0.4384287483113688,1.438428748311369,43.84287483113688,高値,中度,71202223.04141276,49500000.0,True,30,要人手査定
9835,13107,東京都墨田区千歳,中古マンション等,75,9.0,3.0,110000000,0.4383255032899909,1.4383255032899909,43.83255032899909,高値,中度,122257667.77964923,85000000.0,True,30,要人手査定
36272,13208,東京都調布市調布ケ丘,中古マンション等,85,24.0,15.0,65000000,0.4382755557958747,1.4382755557958746,43.82755557958747,高値,中度,61845848.89922261,43000000.0,True,30,要人手査定
39625,13229,東京都西東京市西原町,中古マンション等,70,46.0,24.0,15000000,0.43824212268931767,0.5617578773106823,-43.82421226893177,安値,中度,14605704.81007774,26000000.0,True,30,要人手査定
19856,13112,東京都世田谷区大蔵,中古マンション等,40,16.0,19.0,30000000,0.43814962813972297,0.5618503718602771,-43.81496281397229,安値,中度,30901770.452315237,55000000.0,True,30,要人手査定
20996,13113,東京都渋谷区富ケ谷,中古マンション等,25,21.0,12.0,19000000,0.43813577906117873,0.5618642209388213,-43.81357790611787,安値,中度,26407618.3841246,47000000.0,True,30,要人手査定
4452,13103,東京都港区三田,中古マンション等,120,55.0,8.0,230000000,0.4381204219273974,1.4381204219273973,43.81204219273974,高値,中度,244480471.72765756,170000000.0,True,30,要人手査定
4222,13103,東京都港区芝浦,中古マンション等,80,44.0,10.0,92000000,0.4380460711314544,1.4380460711314544,43.80460711314544,高値,中度,132300238.5440938,92000000.0,True,30,要人手査定
16528,13111,東京都大田区蒲田,中古マンション等,85,22.0,2.0,110000000,0.4380333734302957,1.4380333734302957,43.80333734302957,高値,中度,110009553.06741762,76500000.0,True,30,要人手査定
24904,13116,東京都豊島区池袋,中古マンション等,25,3.0,2.0,48000000,0.43801011112362903,1.438010111123629,43.8010111123629,高値,中度,48173338.72264157,33500000.0,True,30,要人手査定
24902,13116,東京都豊島区池袋,中古マンション等,25,3.0,2.0,46000000,0.43801011112362903,1.438010111123629,43.8010111123629,高値,中度,48173338.72264157,33500000.0,True,30,要人手査定
35762,13206,東京都府中市四谷,中古マンション等,70,21.0,5.0,23000000,0.43794491491828896,0.562055085081711,-43.79449149182889,安値,中度,27259671.626462985,48500000.0,True,30,要人手査定
11729,13108,東京都江東区越中島,中古マンション等,80,40.0,4.0,90000000,0.437869085329541,1.437869085329541,43.7869085329541,高値,中度,86991079.66243723,60500000.0,True,30,要人手査定
29114,13120,東京都練馬区石神井町,中古マンション等,80,24.0,2.0,89000000,0.4378687762339927,1.4378687762339926,43.78687762339927,高値,中度,93461470.45520952,65000000.0,True,30,要人手査定
34837,13203,東京都武蔵野市境南町,中古マンション等,30,44.0,4.0,12000000,0.43778714634453936,0.5622128536554606,-43.778714634453934,安値,中度,12368682.780420134,22000000.0,True,30,要人手査定
24841,13116,東京都豊島区東池袋,中古マンション等,75,23.0,12.0,160000000,0.4377852445193796,1.4377852445193797,43.77852445193796,高値,中度,132276242.49578293,92000000.0,True,30,要人手査定
24313,13116,東京都豊島区南池袋,中古マンション等,55,11.0,6.0,150000000,0.4377498606610692,1.4377498606610692,43.77498606610692,高値,中度,130116362.38982676,90500000.0,True,30,要人手査定
23955,13115,東京都杉並区成田東,中古マンション等,70,6.0,0.0,150000000,0.4376621790045979,1.4376621790045978,43.76621790045979,高値,中度,143047386.8109575,99500000.0,True,30,要人手査定
33792,13201,東京都八王子市子安町,中古マンション等,60,16.0,2.0,66000000,0.4376059447531487,1.4376059447531486,43.76059447531487,高値,中度,56785434.81774937,39500000.0,True,30,要人手査定
14606,13109,東京都品川区東五反田,中古マンション等,45,26.0,6.0,82000000,0.43755892290183956,1.4375589229018395,43.75589229018396,高値,中度,81940858.60540485,57000000.0,True,30,要人手査定
38599,13221,東京都清瀬市元町,中古マンション等,95,15.0,5.0,40000000,0.43693389248722103,1.436933892487221,43.693389248722106,高値,中度,56040421.80700162,39000000.0,True,30,要人手査定
31701,13122,東京都葛飾区東新小岩,中古マンション等,50,36.0,2.0,44000000,0.4369070981625763,1.4369070981625762,43.69070981625763,高値,中度,38796491.65038956,27000000.0,True,30,要人手査定
8032,13106,東京都台東区橋場,中古マンション等,50,44.0,17.0,23000000,0.43687778456862664,0.5631222154313734,-43.68777845686267,安値,中度,23651133.048117682,42000000.0,True,30,要人手査定
30643,13121,東京都足立区千住橋戸町,中古マンション等,65,41.0,5.0,38000000,0.436765294036891,1.436765294036891,43.6765294036891,高値,中度,34482367.056885384,24000000.0,True,30,要人手査定
36934,13209,東京都町田市能ヶ谷,中古マンション等,25,27.0,2.0,12000000,0.4367218871183517,0.5632781128816483,-43.67218871183517,安値,中度,12673757.539837087,22500000.0,True,30,要人手査定
29714,13120,東京都練馬区石神井町,中古マンション等,105,24.0,1.0,200000000,0.4366925126997882,1.4366925126997883,43.66925126997882,高値,中度,112062015.99058348,78000000.0,True,30,要人手査定
8496,13106,東京都台東区池之端,中古マンション等,50,21.0,4.0,92000000,0.43657447809217104,1.436574478092171,43.6574478092171,高値,中度,91940766.59789895,64000000.0,True,30,要人手査定
36756,13209,東京都町田市金森,中古マンション等,35,19.0,11.0,18000000,0.43652353986673625,0.5634764601332637,-43.652353986673624,安値,中度,15495602.653664753,27500000.0,True,30,要人手査定
2982,13103,東京都港区南麻布,中古マンション等,95,53.0,11.0,140000000,0.4363571327927181,1.436357132792718,43.63571327927181,高値,中度,137890284.74810094,96000000.0,True,30,要人手査定
9052,13107,東京都墨田区墨田,中古マンション等,65,15.0,4.0,50000000,0.43624115124874036,0.5637588487512597,-43.62411512487404,安値,中度,44536949.05134951,79000000.0,True,30,要人手査定
32109,13122,東京都葛飾区亀有,中古マンション等,85,26.0,10.0,68000000,0.43619997022358026,1.4361999702235801,43.61999702235803,高値,中度,63192798.68983753,44000000.0,True,30,要人手査定
14513,13109,東京都品川区西品川,中古マンション等,15,35.0,10.0,10000000,0.4361698997359021,0.5638301002640979,-43.61698997359021,安値,中度,12404262.205810154,22000000.0,True,30,要人手査定
27640,13119,東京都板橋区大和町,中古マンション等,50,49.0,5.0,33000000,0.43609785614468594,1.436097856144686,43.60978561446859,高値,中度,33030250.691327777,23000000.0,True,30,要人手査定
2540,13103,東京都港区海岸,中古マンション等,55,6.0,2.0,120000000,0.43606728088760266,0.5639327191123973,-43.60672808876026,安値,中度,107147216.6313555,190000000.0,True,30,要人手査定
24377,13116,東京都豊島区南池袋,中古マンション等,85,11.0,1.0,230000000,0.4360361823220044,1.4360361823220045,43.60361823220044,高値,中度,258486512.8179608,180000000.0,True,30,要人手査定
26658,13118,東京都荒川区南千住,中古マンション等,105,34.0,16.0,79000000,0.43595160812586153,1.4359516081258616,43.59516081258615,高値,中度,76823411.0347336,53500000.0,True,30,要人手査定
39096,13224,東京都多摩市鶴牧,中古マンション等,80,43.0,12.0,36000000,0.4358566118349932,1.4358566118349931,43.58566118349932,高値,中度,25845419.013029877,18000000.0,True,30,要人手査定
18930,13112,東京都世田谷区奥沢,中古マンション等,70,23.0,6.0,140000000,0.4353743395822627,1.4353743395822627,43.537433958226266,高値,中度,122724506.03428346,85500000.0,True,30,要人手査定
28882,13120,東京都練馬区立野町,中古マンション等,75,17.0,15.0,82000000,0.4353539802470342,1.435353980247034,43.53539802470342,高値,中度,74638406.97284578,52000000.0,True,30,要人手査定
36577,13208,東京都調布市小島町,中古マンション等,40,5.0,8.0,51000000,0.43528715123529543,1.4352871512352954,43.528715123529544,高値,中度,45929188.839529455,32000000.0,True,30,要人手査定
35309,13205,東京都青梅市末広町,中古マンション等,85,10.0,10.0,37000000,0.43513706305590977,1.4351370630559097,43.51370630559098,高値,中度,27985172.72959024,19500000.0,True,30,要人手査定
21618,13113,東京都渋谷区幡ケ谷,中古マンション等,15,36.0,11.0,12000000,0.4351167481500032,0.5648832518499968,-43.51167481500032,安値,中度,12992314.792549927,23000000.0,True,30,要人手査定
5091,13104,東京都新宿区中落合,中古マンション等,55,14.0,8.0,60000000,0.4350837947860106,0.5649162052139893,-43.508379478601064,安値,中度,62140782.57353883,110000000.0,True,30,要人手査定
9686,13107,東京都墨田区菊川,中古マンション等,60,24.0,2.0,100000000,0.4350703378619251,1.4350703378619252,43.50703378619251,高値,中度,88256825.7785084,61500000.0,True,30,要人手査定
34464,13202,東京都立川市曙町,中古マンション等,75,28.0,6.0,57000000,0.4350198647688653,1.4350198647688652,43.50198647688653,高値,中度,54530754.86121688,38000000.0,True,30,要人手査定
25819,13117,東京都北区赤羽,中古マンション等,65,25.0,3.0,88000000,0.4349727725206826,1.4349727725206827,43.49727725206826,高値,中度,77488529.71611686,54000000.0,True,30,要人手査定
26454,13118,東京都荒川区東日暮里,中古マンション等,70,10.0,4.0,120000000,0.4349476166326225,1.4349476166326225,43.49476166326225,高値,中度,104033702.20586513,72500000.0,True,30,要人手査定
24906,13116,東京都豊島区池袋,中古マンション等,25,3.0,2.0,47000000,0.4348844996733165,1.4348844996733165,43.48844996733165,高値,中度,48068630.7390561,33500000.0,True,30,要人手査定
6823,13105,東京都文京区小石川,中古マンション等,95,19.0,9.0,220000000,0.43483062145761986,1.4348306214576199,43.483062145761984,高値,中度,186527980.78949058,130000000.0,True,30,要人手査定
14353,13109,東京都品川区北品川,中古マンション等,55,20.0,6.0,110000000,0.43482944272071145,1.4348294427207113,43.482944272071144,高値,中度,112634111.25357585,78500000.0,True,30,要人手査定
35981,13207,東京都昭島市宮沢町,中古マンション等,40,48.0,9.0,6400000,0.43476370579886797,0.565236294201132,-43.4763705798868,安値,中度,9043780.707218112,16000000.0,True,30,要人手査定
3102,13103,東京都港区浜松町,中古マンション等,75,2.0,2.0,350000000,0.43475883371428803,1.434758833714288,43.4758833714288,高値,中度,401732473.44000065,280000000.0,True,30,要人手査定
35108,13204,東京都三鷹市下連雀,中古マンション等,45,7.0,1.0,84000000,0.43467630076366204,1.434676300763662,43.467630076366206,高値,中度,78907196.54200141,55000000.0,True,30,要人手査定
15812,13110,東京都目黒区三田,中古マンション等,80,32.0,9.0,210000000,0.43457341253170745,1.4345734125317073,43.457341253170746,高値,中度,172148809.5038049,120000000.0,True,30,要人手査定
8982,13107,東京都墨田区墨田,中古マンション等,55,36.0,6.0,30000000,0.4345149574651554,0.5654850425348446,-43.45149574651554,安値,中度,23750371.786463473,42000000.0,True,30,要人手査定
13618,13109,東京都品川区南品川,中古マンション等,35,15.0,6.0,40000000,0.43447950756480636,0.5655204924351936,-43.44795075648064,安値,中度,37889872.993157975,67000000.0,True,30,要人手査定
21331,13113,東京都渋谷区千駄ケ谷,中古マンション等,55,47.0,1.0,63000000,0.434393123990025,1.434393123990025,43.4393123990025,高値,中度,78174425.25745636,54500000.0,True,30,要人手査定
18029,13111,東京都大田区南雪谷,中古マンション等,60,25.0,1.0,72000000,0.4343780374140601,1.4343780374140602,43.437803741406015,高値,中度,78890792.0577733,55000000.0,True,30,要人手査定
22570,13114,東京都中野区中野,中古マンション等,75,24.0,9.0,110000000,0.43435198733792435,1.4343519873379242,43.43519873379243,高値,中度,106142047.0630064,74000000.0,True,30,要人手査定
4523,13103,東京都港区元赤坂,中古マンション等,60,8.0,3.0,160000000,0.434066293976958,0.5659337060230419,-43.4066293976958,安値,中度,118846078.26483881,210000000.0,True,30,要人手査定
36606,13208,東京都調布市染地,中古マンション等,40,23.0,25.0,7200000,0.43405451276645224,0.5659454872335478,-43.40545127664522,安値,中度,16978364.617006432,30000000.0,True,30,要人手査定
14992,13110,東京都目黒区中央町,中古マンション等,20,36.0,12.0,13000000,0.43396805176096326,0.5660319482390367,-43.39680517609633,安値,中度,13018734.809497844,23000000.0,True,30,要人手査定
15259,13110,東京都目黒区下目黒,中古マンション等,75,6.0,10.0,170000000,0.4339538672275824,1.4339538672275824,43.39538672275824,高値,中度,172074464.0673099,120000000.0,True,30,要人手査定
14633,13109,東京都品川区東品川,中古マンション等,65,46.0,10.0,61000000,0.4338595914441633,1.4338595914441632,43.38595914441633,高値,中度,60939032.63637694,42500000.0,True,30,要人手査定
3714,13103,東京都港区赤坂,中古マンション等,65,17.0,8.0,220000000,0.4338193259854777,1.4338193259854777,43.38193259854777,高値,中度,200734705.63796687,140000000.0,True,30,要人手査定
34430,13202,東京都立川市曙町,中古マンション等,70,18.0,10.0,62000000,0.4338170049021244,1.4338170049021244,43.38170049021244,高値,中度,52334320.67892754,36500000.0,True,30,要人手査定
19728,13112,東京都世田谷区砧,中古マンション等,35,50.0,11.0,14000000,0.4337388285696578,0.5662611714303423,-43.37388285696578,安値,中度,16138443.385764753,28500000.0,True,30,要人手査定
23405,13115,東京都杉並区高円寺南,中古マンション等,85,11.0,9.0,150000000,0.43353995998764067,1.4335399599876406,43.35399599876407,高値,中度,143353995.99876407,100000000.0,True,30,要人手査定
2652,13103,東京都港区南麻布,中古マンション等,35,7.0,7.0,67000000,0.4335216595557559,1.4335216595557558,43.352165955575586,高値,中度,80993973.76490021,56500000.0,True,30,要人手査定
26644,13118,東京都荒川区南千住,中古マンション等,120,34.0,15.0,70000000,0.43344525158166836,1.4334452515816685,43.34452515816684,高値,中度,86723437.72069094,60500000.0,True,30,要人手査定
22973,13115,東京都杉並区井草,中古マンション等,55,30.0,2.0,39000000,0.4334408200259612,0.5665591799740388,-43.34408200259612,安値,中度,41358820.13810483,73000000.0,True,30,要人手査定
39502,13229,東京都西東京市西原町,中古マンション等,75,46.0,27.0,26000000,0.4334401621134329,0.566559837886567,-43.34401621134329,安値,中度,14730555.785050744,26000000.0,True,30,要人手査定
21943,13114,東京都中野区中野,中古マンション等,55,60.0,4.0,55000000,0.43343082449540554,1.4334308244954055,43.34308244954055,高値,中度,55187086.74307311,38500000.0,True,30,要人手査定
20624,13113,東京都渋谷区幡ケ谷,中古マンション等,30,51.0,1.0,17000000,0.43328745444211414,0.5667125455578859,-43.328745444211414,安値,中度,17001376.366736576,30000000.0,True,30,要人手査定
34369,13202,東京都立川市一番町,中古マンション等,85,42.0,19.0,14000000,0.4332613379771205,0.5667386620228795,-43.32613379771205,安値,中度,13885097.219560547,24500000.0,True,30,要人手査定
25664,13117,東京都北区東十条,中古マンション等,20,38.0,9.0,8500000,0.4331344051445746,0.5668655948554254,-43.313440514457454,安値,中度,9636715.112542232,17000000.0,True,30,要人手査定
19109,13112,東京都世田谷区駒沢,中古マンション等,70,13.0,17.0,97000000,0.43312574467476644,1.4331257446747665,43.312574467476644,高値,中度,96019424.89320935,67000000.0,True,30,要人手査定
2388,13102,東京都中央区晴海,中古マンション等,40,11.0,9.0,90000000,0.4329809061141388,1.4329809061141388,43.29809061141388,高値,中度,90277797.08519074,63000000.0,True,30,要人手査定
3748,13103,東京都港区赤坂,中古マンション等,190,56.0,5.0,330000000,0.432829358392132,0.567170641607868,-43.2829358392132,安値,中度,204181430.97883248,360000000.0,True,30,要人手査定
21493,13113,東京都渋谷区神宮前,中古マンション等,100,8.0,5.0,350000000,0.4328159101191859,1.432815910119186,43.28159101191859,高値,中度,358203977.5297965,250000000.0,True,30,要人手査定
28290,13119,東京都板橋区高島平,中古マンション等,55,50.0,3.0,31000000,0.4326840716730967,1.4326840716730966,43.26840716730967,高値,中度,28653681.433461934,20000000.0,True,30,要人手査定
6061,13104,東京都新宿区白銀町,中古マンション等,70,23.0,4.0,160000000,0.43267026261856095,1.432670262618561,43.267026261856095,高値,中度,157593728.8880417,110000000.0,True,30,要人手査定
8753,13106,東京都台東区東上野,中古マンション等,40,37.0,7.0,50000000,0.43264194881749224,1.4326419488174922,43.264194881749226,高値,中度,45844542.36215975,32000000.0,True,30,要人手査定
33684,13201,東京都八王子市明神町,中古マンション等,25,33.0,10.0,6300000,0.4326394641695127,1.4326394641695128,43.26394641695127,高値,中度,6303613.642345856,4400000.0,True,30,要人手査定
33683,13201,東京都八王子市明神町,中古マンション等,25,33.0,10.0,6300000,0.4326394641695127,1.4326394641695128,43.26394641695127,高値,中度,6303613.642345856,4400000.0,True,30,要人手査定
27109,13119,東京都板橋区板橋,中古マンション等,50,55.0,3.0,20000000,0.4325934360147276,1.4325934360147277,43.25934360147276,高値,中度,25786681.848265097,18000000.0,True,30,要人手査定
38918,13224,東京都多摩市貝取,中古マンション等,55,50.0,5.0,6000000,0.4325761883324915,0.5674238116675084,-43.257618833249154,安値,中度,7092797.645843856,12500000.0,True,30,要人手査定
18757,13112,東京都世田谷区玉川,中古マンション等,70,16.0,8.0,150000000,0.43244631140854717,1.432446311408547,43.244631140854715,高値,中度,143244631.14085472,100000000.0,True,30,要人手査定
34535,13202,東京都立川市高松町,中古マンション等,70,10.0,19.0,65000000,0.4324251191316273,1.4324251191316273,43.24251191316273,高値,中度,62310492.682225786,43500000.0,True,30,要人手査定
21495,13113,東京都渋谷区神宮前,中古マンション等,75,29.0,7.0,210000000,0.4322983836890884,1.4322983836890884,43.229838368908844,高値,中度,214844757.55336326,150000000.0,True,30,要人手査定
35119,13204,東京都三鷹市下連雀,中古マンション等,55,39.0,15.0,47000000,0.43207000847444715,0.5679299915255529,-43.20700084744472,安値,中度,26692709.601700984,47000000.0,True,30,要人手査定
19305,13112,東京都世田谷区池尻,中古マンション等,45,51.0,5.0,44000000,0.43201801927285455,1.4320180192728547,43.20180192728545,高値,中度,45824576.616731346,32000000.0,True,30,要人手査定
3139,13103,東京都港区南麻布,中古マンション等,20,31.0,12.0,19000000,0.4319831172633778,0.5680168827366222,-43.19831172633778,安値,中度,17892531.8062036,31500000.0,True,30,要人手査定
14632,13109,東京都品川区東品川,中古マンション等,60,46.0,10.0,64000000,0.4319377287420396,1.4319377287420396,43.19377287420396,高値,中度,58709446.878423624,41000000.0,True,30,要人手査定
19213,13112,東京都世田谷区北烏山,中古マンション等,20,39.0,15.0,6000000,0.4319155697071434,0.5680844302928566,-43.19155697071434,安値,中度,8237224.239246421,14500000.0,True,30,要人手査定
7708,13106,東京都台東区上野,中古マンション等,35,3.0,2.0,68000000,0.4318046057251096,1.4318046057251095,43.18046057251096,高値,中度,68010718.7719427,47500000.0,True,30,要人手査定
26127,13117,東京都北区豊島,中古マンション等,15,34.0,14.0,9500000,0.43170415840191373,0.5682958415980862,-43.170415840191374,安値,中度,10797620.990363639,19000000.0,True,30,要人手査定
23426,13115,東京都杉並区高井戸西,中古マンション等,50,28.0,2.0,36000000,0.4316681091155689,0.5683318908844311,-43.166810911556894,安値,中度,38362402.6346991,67500000.0,True,30,要人手査定
32182,13122,東京都葛飾区青戸,中古マンション等,30,23.0,15.0,7400000,0.43155992901133833,1.4315599290113383,43.155992901133835,高値,中度,17894499.11264173,12500000.0,True,30,要人手査定
8609,13106,東京都台東区駒形,中古マンション等,40,3.0,1.0,75000000,0.4314881523632868,1.4314881523632867,43.14881523632868,高値,中度,70858663.5419827,49500000.0,True,30,要人手査定
35354,13205,東京都青梅市河辺町,中古マンション等,30,23.0,15.0,4000000,0.43137624992342805,1.4313762499234282,43.13762499234281,高値,中度,10377477.811944854,7250000.0,True,30,要人手査定
37681,13212,東京都日野市旭が丘,中古マンション等,15,37.0,16.0,3500000,0.43102658180655745,0.5689734181934425,-43.102658180655745,安値,中度,3982813.927354098,7000000.0,True,30,要人手査定
3857,13103,東京都港区赤坂,中古マンション等,55,48.0,5.0,110000000,0.4308963831500806,1.4308963831500807,43.08963831500806,高値,中度,100878195.01208068,70500000.0,True,30,要人手査定
9028,13107,東京都墨田区京島,中古マンション等,20,36.0,2.0,11000000,0.4308847521913487,0.5691152478086513,-43.08847521913487,安値,中度,11097747.3322687,19500000.0,True,30,要人手査定
5790,13104,東京都新宿区余丁町,中古マンション等,165,32.0,6.0,150000000,0.43063726505857935,1.4306372650585795,43.063726505857936,高値,中度,257514707.7105443,180000000.0,True,30,要人手査定
34493,13202,東京都立川市砂川町,中古マンション等,80,20.0,11.0,21000000,0.4306320063058734,0.5693679936941266,-43.06320063058734,安値,中度,23344087.74145919,41000000.0,True,30,要人手査定
38285,13215,東京都国立市富士見台,中古マンション等,45,49.0,9.0,12000000,0.4305724280092204,0.5694275719907795,-43.05724280092204,安値,中度,14235689.29976949,25000000.0,True,30,要人手査定
187,13101,東京都千代田区麹町,中古マンション等,35,3.0,3.0,88000000,0.43056722371094447,1.4305672237109446,43.056722371094445,高値,中度,98709138.43605517,69000000.0,True,30,要人手査定
13819,13109,東京都品川区小山,中古マンション等,65,46.0,4.0,68000000,0.4304069371948095,1.4304069371948094,43.04069371948095,高値,中度,67944329.51675345,47500000.0,True,30,要人手査定
13373,13109,東京都品川区北品川,中古マンション等,55,11.0,6.0,150000000,0.43035519894558244,1.4303551989455825,43.03551989455824,高値,中度,125871257.50721125,88000000.0,True,30,要人手査定
26029,13117,東京都北区昭和町,中古マンション等,40,45.0,4.0,13000000,0.4301137518970366,0.5698862481029634,-43.01137518970366,安値,中度,18806246.187397793,33000000.0,True,30,要人手査定
20685,13113,東京都渋谷区東,中古マンション等,35,43.0,7.0,26000000,0.4300076650927612,1.4300076650927613,43.000766509276126,高値,中度,44330237.6178756,31000000.0,True,30,要人手査定
37725,13212,東京都日野市百草,中古マンション等,50,23.0,21.0,2700000,0.43000688923336855,0.5699931107666315,-43.00068892333685,安値,中度,13964831.21378247,24500000.0,True,30,要人手査定
36368,13208,東京都調布市多摩川,中古マンション等,30,54.0,2.0,6500000,0.4297757010823126,0.5702242989176873,-42.97757010823126,安値,中度,9123588.782682998,16000000.0,True,30,要人手査定
2962,13103,東京都港区南青山,中古マンション等,35,54.0,4.0,39000000,0.429734276482171,1.429734276482171,42.9734276482171,高値,中度,52185301.09159924,36500000.0,True,30,要人手査定
27326,13119,東京都板橋区高島平,中古マンション等,60,48.0,8.0,20000000,0.42966266149266064,0.5703373385073394,-42.96626614926606,安値,中度,16824951.48596651,29500000.0,True,30,要人手査定
34567,13202,東京都立川市柏町,中古マンション等,45,55.0,7.0,17000000,0.42958901853605264,1.4295890185360527,42.95890185360526,高値,中度,12937780.617751276,9050000.0,True,30,要人手査定
27518,13119,東京都板橋区三園,中古マンション等,70,44.0,8.0,19000000,0.42952700245700876,0.5704729975429913,-42.952700245700875,安値,中度,21963210.405405164,38500000.0,True,30,要人手査定
14400,13109,東京都品川区小山,中古マンション等,55,5.0,2.0,140000000,0.4295165216886173,1.4295165216886172,42.951652168861735,高値,中度,140092619.1254845,98000000.0,True,30,要人手査定
37522,13212,東京都日野市三沢,中古マンション等,80,53.0,5.0,14000000,0.4295035036965303,0.5704964963034697,-42.95035036965303,安値,中度,13977164.159435008,24500000.0,True,30,要人手査定
32293,13122,東京都葛飾区新小岩,中古マンション等,60,35.0,14.0,40000000,0.42948114050235464,1.4294811405023546,42.94811405023546,高値,中度,40025471.93406593,28000000.0,True,30,要人手査定
5327,13104,東京都新宿区四谷,中古マンション等,35,55.0,4.0,25000000,0.42941097236732223,1.4294109723673223,42.941097236732226,高値,中度,31447041.39208109,22000000.0,True,30,要人手査定
3600,13103,東京都港区赤坂,中古マンション等,80,49.0,5.0,210000000,0.42938804189308255,1.4293880418930824,42.93880418930826,高値,中度,140794722.12646863,98500000.0,True,30,要人手査定
4118,13103,東京都港区港南,中古マンション等,75,21.0,11.0,180000000,0.4293373295431304,1.4293373295431304,42.933732954313044,高値,中度,178667166.1928913,125000000.0,True,30,要人手査定
194,13101,東京都千代田区内神田,中古マンション等,55,4.0,4.0,150000000,0.4292336472445066,1.4292336472445066,42.92336472445066,高値,中度,164361869.43311825,115000000.0,True,30,要人手査定
17436,13111,東京都大田区北千束,中古マンション等,50,20.0,4.0,63000000,0.4292091146763861,1.4292091146763861,42.92091146763861,高値,中度,66458223.832451954,46500000.0,True,30,要人手査定
8459,13106,東京都台東区浅草,中古マンション等,50,1.0,12.0,78000000,0.42920818225807833,1.4292081822580784,42.920818225807835,高値,中度,77177241.84193623,54000000.0,True,30,要人手査定
27263,13119,東京都板橋区高島平,中古マンション等,55,54.0,5.0,13000000,0.4290522983833643,0.5709477016166358,-42.90522983833643,安値,中度,13988218.689607576,24500000.0,True,30,要人手査定
38055,13214,東京都国分寺市本町,中古マンション等,100,8.0,1.0,220000000,0.4290253672465114,1.4290253672465114,42.90253672465114,高値,中度,137186435.2556651,96000000.0,True,30,要人手査定
22887,13115,東京都杉並区成田東,中古マンション等,75,6.0,1.0,150000000,0.4290040038689962,1.4290040038689962,42.90040038689962,高値,中度,139327890.37722713,97500000.0,True,30,要人手査定
22890,13115,東京都杉並区成田東,中古マンション等,75,6.0,1.0,150000000,0.4290040038689962,1.4290040038689962,42.90040038689962,高値,中度,139327890.37722713,97500000.0,True,30,要人手査定
29577,13120,東京都練馬区大泉学園町,中古マンション等,65,41.0,5.0,15000000,0.4289283453538148,0.5710716546461853,-42.89283453538148,安値,中度,27411439.42301689,48000000.0,True,30,要人手査定
34507,13202,東京都立川市高松町,中古マンション等,65,35.0,12.0,36000000,0.4289156879865714,1.4289156879865714,42.89156879865714,高値,中度,33579518.66768443,23500000.0,True,30,要人手査定
30141,13121,東京都足立区綾瀬,中古マンション等,30,3.0,3.0,38000000,0.4288644017033501,1.42886440170335,42.886440170335014,高値,中度,39293771.04684213,27500000.0,True,30,要人手査定
21604,13113,東京都渋谷区幡ケ谷,中古マンション等,30,54.0,1.0,20000000,0.42884323695874765,0.5711567630412523,-42.88432369587476,安値,中度,19990486.70644383,35000000.0,True,30,要人手査定
34804,13203,東京都武蔵野市御殿山,中古マンション等,75,12.0,9.0,130000000,0.4286882911033815,1.4286882911033816,42.868829110338154,高値,中度,130010634.49040772,91000000.0,True,30,要人手査定
12189,13108,東京都江東区越中島,中古マンション等,85,40.0,3.0,90000000,0.42853369090134097,1.4285336909013409,42.853369090134095,高値,中度,89997622.52678448,63000000.0,True,30,要人手査定
31551,13121,東京都足立区保木間,中古マンション等,60,43.0,18.0,26000000,0.4284834876264139,1.4284834876264139,42.84834876264139,高値,中度,25712702.77727545,18000000.0,True,30,要人手査定
38874,13224,東京都多摩市関戸,中古マンション等,65,45.0,3.0,18000000,0.42831781966513705,1.428317819665137,42.8317819665137,高値,中度,20710608.385144487,14500000.0,True,30,要人手査定
14931,13110,東京都目黒区上目黒,中古マンション等,50,56.0,9.0,38000000,0.4283163773189926,0.5716836226810074,-42.83163773189926,安値,中度,28012497.511369362,49000000.0,True,30,要人手査定
34560,13202,東京都立川市曙町,中古マンション等,60,31.0,6.0,53000000,0.42831553957367163,1.4283155395736715,42.83155395736716,高値,中度,48562728.345504835,34000000.0,True,30,要人手査定
6795,13105,東京都文京区小石川,中古マンション等,55,47.0,11.0,21000000,0.4281765615586174,1.4281765615586173,42.81765615586174,高値,中度,59983415.58546193,42000000.0,True,30,要人手査定
31274,13121,東京都足立区神明,中古マンション等,50,47.0,21.0,23000000,0.42809598897815937,1.4280959889781595,42.80959889781594,高値,中度,19279295.85120515,13500000.0,True,30,要人手査定
33667,13201,東京都八王子市台町,中古マンション等,145,45.0,3.0,21000000,0.42807471746837206,1.4280747174683721,42.80747174683721,高値,中度,33559755.86050674,23500000.0,True,30,要人手査定
34342,13202,東京都立川市富士見町,中古マンション等,70,17.0,20.0,25000000,0.42805415962168986,0.5719458403783102,-42.805415962168986,安値,中度,24879644.05645649,43500000.0,True,30,要人手査定
34595,13202,東京都立川市砂川町,中古マンション等,65,28.0,10.0,15000000,0.4278863135560427,0.5721136864439573,-42.78863135560427,安値,中度,15161012.690764869,26500000.0,True,30,要人手査定
30741,13121,東京都足立区大谷田,中古マンション等,30,52.0,13.0,9300000,0.42784269352346616,1.4278426935234663,42.78426935234661,高値,中度,12850584.241711196,9000000.0,True,30,要人手査定
36768,13209,東京都町田市三輪緑山,中古マンション等,65,10.0,5.0,25000000,0.4277932364019704,0.5722067635980296,-42.77932364019704,安値,中度,30040855.088896554,52500000.0,True,30,要人手査定
3955,13103,東京都港区赤坂,中古マンション等,55,48.0,5.0,100000000,0.42770881093265256,1.4277088109326526,42.77088109326526,高値,中度,100653471.170752,70500000.0,True,30,要人手査定
38885,13224,東京都多摩市一ノ宮,中古マンション等,20,43.0,6.0,3900000,0.4275103915728508,0.5724896084271491,-42.75103915728508,安値,中度,5667647.123428777,9900000.0,True,30,要人手査定
26375,13118,東京都荒川区西尾久,中古マンション等,40,45.0,3.0,15000000,0.4274878938546897,0.5725121061453103,-42.748789385468974,安値,中度,15171570.812850723,26500000.0,True,30,要人手査定
27337,13119,東京都板橋区徳丸,中古マンション等,140,34.0,14.0,32000000,0.42743917495102923,1.4274391749510293,42.74391749510292,高値,中度,82791472.1471597,58000000.0,True,30,要人手査定
34417,13202,東京都立川市錦町,中古マンション等,80,8.0,10.0,83000000,0.4274330462738731,1.4274330462738731,42.74330462738731,高値,中度,77081384.49878915,54000000.0,True,30,要人手査定
20323,13112,東京都世田谷区深沢,中古マンション等,50,42.0,19.0,50000000,0.4272467033694375,1.4272467033694374,42.724670336943745,高値,中度,45671894.507822,32000000.0,True,30,要人手査定
38205,13215,東京都国立市矢川,中古マンション等,55,32.0,8.0,18000000,0.4271252232734722,0.5728747767265278,-42.712522327347216,安値,中度,21482804.127244793,37500000.0,True,30,要人手査定
37190,13210,東京都小金井市本町,中古マンション等,35,5.0,4.0,36000000,0.42707977662269847,0.5729202233773015,-42.70797766226985,安値,中度,33802293.17926079,59000000.0,True,30,要人手査定
31157,13121,東京都足立区扇,中古マンション等,60,40.0,2.0,17000000,0.4270521678796862,0.5729478321203139,-42.70521678796862,安値,中度,19766700.208150826,34500000.0,True,30,要人手査定
26464,13118,東京都荒川区東日暮里,中古マンション等,70,25.0,7.0,67000000,0.4269352954362077,1.4269352954362076,42.69352954362077,高値,中度,76341038.30583711,53500000.0,True,30,要人手査定
19611,13112,東京都世田谷区三軒茶屋,中古マンション等,60,53.0,9.0,49000000,0.4266548688371161,1.4266548688371161,42.66548688371161,高値,中度,57066194.753484644,40000000.0,True,30,要人手査定
7436,13105,東京都文京区小石川,中古マンション等,45,39.0,4.0,72000000,0.42657740886131823,1.4265774088613183,42.657740886131826,高値,中度,64195983.39875932,45000000.0,True,30,要人手査定
6560,13105,東京都文京区千石,中古マンション等,35,63.0,9.0,14000000,0.4265733903313361,0.5734266096686639,-42.65733903313361,安値,中度,17489511.59489425,30500000.0,True,30,要人手査定
2498,13103,東京都港区麻布台,中古マンション等,60,12.0,7.0,250000000,0.42652803428644126,1.4265280342864413,42.65280342864413,高値,中度,206846564.97153398,145000000.0,True,30,要人手査定
25165,13116,東京都豊島区東池袋,中古マンション等,35,19.0,1.0,68000000,0.4265190168294715,1.4265190168294715,42.651901682947155,高値,中度,57774020.1815936,40500000.0,True,30,要人手査定
13554,13109,東京都品川区西五反田,中古マンション等,70,9.0,4.0,190000000,0.4264370071302582,1.4264370071302583,42.64370071302582,高値,中度,164040255.8199797,115000000.0,True,30,要人手査定
39477,13229,東京都西東京市西原町,中古マンション等,75,46.0,5.0,15000000,0.4264057651415531,0.573594234858447,-42.640576514155306,安値,中度,15487044.341178067,27000000.0,True,30,要人手査定
16413,13111,東京都大田区蒲田,中古マンション等,35,11.0,1.0,56000000,0.42633414182893187,1.426334141828932,42.63341418289318,高値,中度,48495360.82218368,34000000.0,True,30,要人手査定
24191,13116,東京都豊島区南池袋,中古マンション等,75,27.0,9.0,130000000,0.4263266500535838,1.4263266500535838,42.632665005358376,高値,中度,119098275.27947424,83500000.0,True,30,要人手査定
12899,13108,東京都江東区牡丹,中古マンション等,50,53.0,4.0,51000000,0.42631706792972685,1.4263170679297268,42.631706792972686,高値,中度,49921097.37754044,35000000.0,True,30,要人手査定
37299,13211,東京都小平市小川東町,中古マンション等,60,42.0,7.0,12000000,0.42629724453917534,0.5737027554608247,-42.62972445391753,安値,中度,14055717.508790204,24500000.0,True,30,要人手査定
32689,13123,東京都江戸川区北小岩,中古マンション等,45,53.0,3.0,17000000,0.42622974062122615,0.5737702593787739,-42.622974062122616,安値,中度,14344256.484469347,25000000.0,True,30,要人手査定
13470,13109,東京都品川区東五反田,中古マンション等,45,16.0,6.0,100000000,0.4262052304247747,1.4262052304247748,42.62052304247747,高値,中度,96981955.66888468,68000000.0,True,30,要人手査定
32744,13123,東京都江戸川区船堀,中古マンション等,85,1.0,3.0,120000000,0.42618915988212014,1.4261891598821201,42.61891598821202,高値,中度,120512984.01003915,84500000.0,True,30,要人手査定
30822,13121,東京都足立区千住,中古マンション等,60,20.0,7.0,59000000,0.42612388840707355,1.4261238884070735,42.612388840707354,高値,中度,59897203.31309709,42000000.0,True,30,要人手査定
23761,13115,東京都杉並区荻窪,中古マンション等,50,5.0,3.0,99000000,0.4260712101010359,1.4260712101010358,42.60712101010359,高値,中度,99824984.70707251,70000000.0,True,30,要人手査定
34391,13202,東京都立川市上砂町,中古マンション等,65,32.0,8.0,19000000,0.425550540439157,0.574449459560843,-42.5550540439157,安値,中度,17807933.246386133,31000000.0,True,30,要人手査定
8623,13106,東京都台東区下谷,中古マンション等,15,56.0,4.0,4300000,0.42554985158013003,0.57445014841987,-42.554985158013004,安値,中度,9765652.52313779,17000000.0,True,30,要人手査定
4615,13104,東京都新宿区箪笥町,中古マンション等,70,19.0,1.0,130000000,0.425369481718567,1.425369481718567,42.5369481718567,高値,中度,134697416.02240458,94500000.0,True,30,要人手査定
36741,13209,東京都町田市鶴川,中古マンション等,55,58.0,5.0,4000000,0.4253376098516091,0.5746623901483909,-42.53376098516091,安値,中度,6033955.096558104,10500000.0,True,30,要人手査定
32304,13122,東京都葛飾区高砂,中古マンション等,40,49.0,2.0,11000000,0.42532738130789305,0.574672618692107,-42.532738130789305,安値,中度,13504806.539264513,23500000.0,True,30,要人手査定
10106,13107,東京都墨田区八広,中古マンション等,65,28.0,9.0,25000000,0.4252986732597781,0.5747013267402219,-42.52986732597781,安値,中度,35056780.931153536,61000000.0,True,30,要人手査定
38219,13215,東京都国立市谷保,中古マンション等,65,21.0,3.0,27000000,0.4252827366174278,0.5747172633825722,-42.52827366174278,安値,中度,29023221.800819896,50500000.0,True,30,要人手査定
4397,13103,東京都港区西麻布,中古マンション等,75,23.0,9.0,210000000,0.4251896287915764,1.4251896287915764,42.51896287915764,高値,中度,213778444.31873646,150000000.0,True,30,要人手査定
13887,13109,東京都品川区二葉,中古マンション等,55,30.0,6.0,34000000,0.4251562390111765,0.5748437609888235,-42.51562390111765,安値,中度,36790000.7032847,64000000.0,True,30,要人手査定
27487,13119,東京都板橋区若木,中古マンション等,50,40.0,15.0,14000000,0.4251046326388404,0.5748953673611596,-42.51046326388404,安値,中度,15234727.23507073,26500000.0,True,30,要人手査定
30326,13121,東京都足立区千住河原町,中古マンション等,80,19.0,9.0,74000000,0.42505099130662927,1.4250509913066292,42.50509913066293,高値,中度,72677600.55663809,51000000.0,True,30,要人手査定
4560,13103,東京都港区六本木,中古マンション等,50,12.0,5.0,150000000,0.42491024604592115,1.424910246045921,42.49102460459211,高値,中度,185238331.98596975,130000000.0,True,30,要人手査定
28198,13119,東京都板橋区栄町,中古マンション等,60,41.0,10.0,48000000,0.42487324055706616,1.424873240557066,42.487324055706615,高値,中度,45595943.69782612,32000000.0,True,30,要人手査定
8909,13107,東京都墨田区墨田,中古マンション等,60,49.0,6.0,16000000,0.424767918729046,0.5752320812709539,-42.4767918729046,安値,中度,20995970.96638982,36500000.0,True,30,要人手査定
7963,13106,東京都台東区台東,中古マンション等,65,18.0,8.0,120000000,0.4247521701251509,1.4247521701251509,42.47521701251509,高値,中度,103294532.33407344,72500000.0,True,30,要人手査定
34406,13202,東京都立川市上砂町,中古マンション等,70,28.0,6.0,20000000,0.4247504544741239,0.5752495455258761,-42.47504544741239,安値,中度,20133734.093405664,35000000.0,True,30,要人手査定
23754,13115,東京都杉並区荻窪,中古マンション等,30,5.0,3.0,80000000,0.42467574514561246,1.4246757451456125,42.46757451456125,高値,中度,57699367.678397305,40500000.0,True,30,要人手査定
23744,13115,東京都杉並区永福,中古マンション等,30,1.0,8.0,45000000,0.42462310402548437,1.4246231040254844,42.46231040254844,高値,中度,51286431.74491744,36000000.0,True,30,要人手査定
20527,13113,東京都渋谷区神宮前,中古マンション等,70,29.0,3.0,210000000,0.42459872159136625,1.4245987215913662,42.45987215913662,高値,中度,138898375.3551582,97500000.0,True,30,要人手査定
34458,13202,東京都立川市曙町,中古マンション等,85,25.0,6.0,64000000,0.4245708131329113,1.4245708131329113,42.45708131329113,高値,中度,65530257.40411392,46000000.0,True,30,要人手査定
7690,13105,東京都文京区湯島,中古マンション等,30,25.0,7.0,39000000,0.42452547227519033,1.4245254722751903,42.452547227519034,高値,中度,37037662.27915495,26000000.0,True,30,要人手査定
16477,13111,東京都大田区大森北,中古マンション等,35,5.0,9.0,48000000,0.4244945244928609,1.4244945244928608,42.44945244928609,高値,中度,50569555.61949656,35500000.0,True,30,要人手査定
34431,13202,東京都立川市曙町,中古マンション等,75,18.0,12.0,58000000,0.42447088582628567,1.4244708858262858,42.44708858262857,高値,中度,53417658.21848571,37500000.0,True,30,要人手査定
27230,13119,東京都板橋区南町,中古マンション等,55,39.0,8.0,58000000,0.42427878786161655,1.4242787878616165,42.427878786161656,高値,中度,47713339.393364154,33500000.0,True,30,要人手査定
9713,13107,東京都墨田区京島,中古マンション等,70,18.0,1.0,99000000,0.42416935774453834,1.4241693577445385,42.41693577445383,高値,中度,99691855.04211769,70000000.0,True,30,要人手査定
14288,13109,東京都品川区大井,中古マンション等,65,14.0,7.0,140000000,0.42412235926582104,1.424122359265821,42.412235926582106,高値,中度,139563991.20805046,98000000.0,True,30,要人手査定
9788,13107,東京都墨田区太平,中古マンション等,25,39.0,8.0,25000000,0.42405768354435286,1.4240576835443528,42.40576835443529,高値,中度,22784922.936709646,16000000.0,True,30,要人手査定
31916,13122,東京都葛飾区金町,中古マンション等,65,17.0,2.0,69000000,0.42404942984599514,1.4240494298459951,42.404942984599515,高値,中度,76186644.49676074,53500000.0,True,30,要人手査定
39313,13225,東京都稲城市平尾,中古マンション等,50,23.0,20.0,8800000,0.42397271108661727,0.5760272889133827,-42.39727110866173,安値,中度,17568832.311858173,30500000.0,True,30,要人手査定
11257,13108,東京都江東区亀戸,中古マンション等,55,17.0,6.0,65000000,0.423878629003345,0.576121370996655,-42.3878629003345,安値,中度,54155408.87368557,94000000.0,False,30,要人手査定
17147,13111,東京都大田区大森北,中古マンション等,65,27.0,13.0,76000000,0.42379880118190866,1.4237988011819087,42.37988011819087,高値,中度,73325638.2608683,51500000.0,True,30,要人手査定
21938,13114,東京都中野区中野,中古マンション等,75,4.0,9.0,130000000,0.4237926409327684,1.4237926409327684,42.379264093276845,高値,中度,126717545.04301639,89000000.0,True,30,要人手査定
18787,13112,東京都世田谷区奥沢,中古マンション等,70,23.0,6.0,100000000,0.4237541672351904,1.4237541672351903,42.37541672351904,高値,中度,121730981.29860878,85500000.0,True,30,要人手査定
36078,13207,東京都昭島市代官山,中古マンション等,80,2.0,5.0,69000000,0.4237101650160263,1.4237101650160264,42.37101650160263,高値,中度,61219537.09568913,43000000.0,True,30,要人手査定
12369,13108,東京都江東区亀戸,中古マンション等,25,52.0,16.0,8900000,0.42364616244712877,0.5763538375528713,-42.36461624471288,安値,中度,10374369.075951682,18000000.0,True,30,要人手査定
15678,13110,東京都目黒区下目黒,中古マンション等,30,18.0,8.0,42000000,0.42350024230644967,1.4235002423064498,42.35002423064497,高値,中度,50534258.60187896,35500000.0,True,30,要人手査定
6807,13105,東京都文京区小石川,中古マンション等,70,23.0,1.0,170000000,0.42346240434776,1.42346240434776,42.346240434776,高値,中度,156580864.4782536,110000000.0,True,30,要人手査定
24903,13116,東京都豊島区池袋,中古マンション等,25,3.0,2.0,48000000,0.4233102148765986,1.4233102148765986,42.33102148765986,高値,中度,47680892.19836605,33500000.0,True,30,要人手査定
20938,13113,東京都渋谷区本町,中古マンション等,75,32.0,9.0,99000000,0.423299094833579,0.5767009051664209,-42.3299094833579,安値,中度,83621631.24913104,145000000.0,True,30,要人手査定
32378,13122,東京都葛飾区東新小岩,中古マンション等,60,52.0,7.0,27000000,0.4232440441637869,1.423244044163787,42.32440441637869,高値,中度,29888124.927439526,21000000.0,True,30,要人手査定
12694,13108,東京都江東区東陽,中古マンション等,80,27.0,3.0,120000000,0.4229908892154411,1.422990889215441,42.29908892154411,高値,中度,108858803.02498125,76500000.0,True,30,要人手査定
20750,13113,東京都渋谷区円山町,中古マンション等,30,22.0,3.0,43000000,0.4229355399966282,1.4229355399966281,42.29355399966282,高値,中度,42688066.19989885,30000000.0,True,30,要人手査定
38736,13222,東京都東久留米市本町,中古マンション等,55,12.0,2.0,48000000,0.42292077614155066,1.4229207761415508,42.29207761415507,高値,中度,46244925.2246004,32500000.0,True,30,要人手査定
34051,13201,東京都八王子市大和田町,中古マンション等,65,16.0,22.0,37000000,0.42288860805108397,1.422888608051084,42.2888608051084,高値,中度,35572215.2012771,25000000.0,True,30,要人手査定
21912,13114,東京都中野区鷺宮,中古マンション等,45,12.0,6.0,37000000,0.4228393726723688,0.5771606273276312,-42.28393726723688,安値,中度,33763896.69866642,58500000.0,True,30,要人手査定
25974,13117,東京都北区上十条,中古マンション等,20,40.0,12.0,14000000,0.42280695154485864,0.5771930484551414,-42.28069515448586,安値,中度,10389474.872192545,18000000.0,True,30,要人手査定
4077,13103,東京都港区赤坂,中古マンション等,40,43.0,7.0,79000000,0.42279384379620366,1.4227938437962036,42.27938437962037,高値,中度,65448516.81462537,46000000.0,True,30,要人手査定
15078,13110,東京都目黒区柿の木坂,中古マンション等,35,48.0,3.0,36000000,0.4224900161558614,0.5775099838441385,-42.24900161558614,安値,中度,20212849.43454485,35000000.0,True,30,要人手査定
36034,13207,東京都昭島市玉川町,中古マンション等,50,41.0,1.0,13000000,0.4223441791205836,0.5776558208794165,-42.23441791205836,安値,中度,12997255.96978687,22500000.0,True,30,要人手査定
11795,13108,東京都江東区白河,中古マンション等,75,21.0,2.0,140000000,0.42225398523123164,1.4222539852312317,42.22539852312316,高値,中度,124447223.70773277,87500000.0,True,30,要人手査定
15846,13110,東京都目黒区目黒本町,中古マンション等,35,23.0,11.0,53000000,0.422220732101304,1.422220732101304,42.222073210130404,高値,中度,55466608.55195086,39000000.0,True,30,要人手査定
29867,13120,東京都練馬区豊玉北,中古マンション等,35,1.0,8.0,51000000,0.4221379031004667,1.4221379031004668,42.213790310046676,高値,中度,49774826.608516335,35000000.0,True,30,要人手査定
4103,13103,東京都港区海岸,中古マンション等,35,19.0,13.0,26000000,0.42204032951771936,0.5779596704822807,-42.204032951771936,安値,中度,37278398.7461071,64500000.0,True,30,要人手査定
39419,13229,東京都西東京市東町,中古マンション等,85,16.0,2.0,68000000,0.42198998102387725,1.4219899810238772,42.198998102387726,高値,中度,71099499.05119386,50000000.0,True,30,要人手査定
2085,13102,東京都中央区新川,中古マンション等,30,23.0,5.0,50000000,0.42196197480456643,1.4219619748045664,42.19619748045665,高値,中度,46924745.16855069,33000000.0,True,30,要人手査定
2134,13102,東京都中央区築地,中古マンション等,40,27.0,5.0,77000000,0.4219072132177429,1.4219072132177428,42.19072132177429,高値,中度,72517267.87410489,51000000.0,True,30,要人手査定
39296,13225,東京都稲城市大丸,中古マンション等,60,47.0,9.0,14000000,0.4218907317043807,1.4218907317043807,42.18907317043807,高値,中度,17062688.780452568,12000000.0,True,30,要人手査定
100,13101,東京都千代田区麹町,中古マンション等,80,45.0,2.0,120000000,0.42174157410389496,1.421741574103895,42.1741574103895,高値,中度,129378483.24345444,91000000.0,True,30,要人手査定
30008,13120,東京都練馬区貫井,中古マンション等,50,53.0,4.0,32000000,0.42171896198344405,1.421718961983444,42.171896198344406,高値,中度,36253833.53057782,25500000.0,True,30,要人手査定
36793,13209,東京都町田市三輪緑山,中古マンション等,65,10.0,5.0,35000000,0.42165296288839643,0.5783470371116036,-42.16529628883964,安値,中度,30363219.448359188,52500000.0,True,30,要人手査定
13009,13108,東京都江東区門前仲町,中古マンション等,70,22.0,2.0,140000000,0.4215990150406799,1.4215990150406799,42.159901504067996,高値,中度,113017121.69573405,79500000.0,True,30,要人手査定
460,13101,東京都千代田区神田東松下町,中古マンション等,35,23.0,2.0,48000000,0.4214207766582885,1.4214207766582885,42.14207766582885,高値,中度,46906885.62972352,33000000.0,True,30,要人手査定
33087,13123,東京都江戸川区平井,中古マンション等,45,36.0,3.0,32000000,0.4213177493260675,1.4213177493260676,42.13177493260675,高値,中度,31979649.35983652,22500000.0,True,30,要人手査定
7871,13106,東京都台東区千束,中古マンション等,20,51.0,13.0,10000000,0.42124098447850417,0.5787590155214959,-42.124098447850415,安値,中度,9549523.756104682,16500000.0,True,30,要人手査定
29109,13120,東京都練馬区石神井町,中古マンション等,55,21.0,4.0,57000000,0.42116280776963677,1.4211628077696368,42.11628077696368,高値,中度,63241744.945748836,44500000.0,True,30,要人手査定
38034,13214,東京都国分寺市並木町,中古マンション等,65,19.0,13.0,36000000,0.4211352478238798,0.5788647521761202,-42.11352478238798,安値,中度,28364372.85662989,49000000.0,True,30,要人手査定
30320,13121,東京都足立区千住東,中古マンション等,75,45.0,9.0,40000000,0.4210638278949829,1.421063827894983,42.10638278949829,高値,中度,41921382.922901995,29500000.0,True,30,要人手査定
18063,13111,東京都大田区矢口,中古マンション等,30,37.0,3.0,30000000,0.4210261202667142,1.4210261202667143,42.10261202667142,高値,中度,21315391.804000713,15000000.0,True,30,要人手査定
4293,13103,東京都港区白金,中古マンション等,70,18.0,10.0,130000000,0.42099883586298564,1.4209988358629857,42.09988358629857,高値,中度,163414866.12424335,115000000.0,True,30,要人手査定
11802,13108,東京都江東区新砂,中古マンション等,75,20.0,6.0,73000000,0.4209809880543368,0.5790190119456632,-42.09809880543368,安値,中度,81062661.67239285,140000000.0,False,30,要人手査定
5304,13104,東京都新宿区西落合,中古マンション等,60,14.0,7.0,70000000,0.4209584560510751,0.5790415439489249,-42.09584560510751,安値,中度,72380192.99361561,125000000.0,True,30,要人手査定
18525,13112,東京都世田谷区桜新町,中古マンション等,90,26.0,3.0,140000000,0.42091027716497903,1.420910277164979,42.091027716497905,高値,中度,139959662.30075043,98500000.0,True,30,要人手査定
32400,13122,東京都葛飾区東新小岩,中古マンション等,15,34.0,11.0,11000000,0.4208132444095102,1.42081324440951,42.081324440951015,高値,中度,10585058.67085085,7450000.0,True,30,要人手査定
32250,13122,東京都葛飾区小菅,中古マンション等,20,43.0,3.0,15000000,0.4207397063743336,1.4207397063743337,42.07397063743336,高値,中度,12289398.460137986,8650000.0,True,30,要人手査定
14402,13109,東京都品川区小山,中古マンション等,55,5.0,2.0,140000000,0.42071532921922056,1.4207153292192205,42.071532921922056,高値,中度,139230102.2634836,98000000.0,True,30,要人手査定
36316,13208,東京都調布市染地,中古マンション等,70,45.0,16.0,18000000,0.4206977938575185,0.5793022061424815,-42.06977938575185,安値,中度,17958368.390416928,31000000.0,True,30,要人手査定
11016,13108,東京都江東区大島,中古マンション等,20,36.0,1.0,10000000,0.42065051459756436,0.5793494854024356,-42.06505145975644,安値,中度,11586989.708048712,20000000.0,True,30,要人手査定
16487,13111,東京都大田区大森北,中古マンション等,65,28.0,6.0,69000000,0.4206408582588031,1.420640858258803,42.06408582588031,高値,中度,74583645.05858716,52500000.0,True,30,要人手査定
15989,13111,東京都大田区田園調布本町,中古マンション等,35,55.0,7.0,30000000,0.4205305669797363,1.4205305669797363,42.05305669797363,高値,中度,28410611.339594726,20000000.0,True,30,要人手査定
15841,13110,東京都目黒区目黒,中古マンション等,75,7.0,6.0,240000000,0.4205025390152738,1.420502539015274,42.05025390152738,高値,中度,205972868.1572147,145000000.0,True,30,要人手査定
5226,13104,東京都新宿区南元町,中古マンション等,85,10.0,10.0,250000000,0.4203204108453659,1.420320410845366,42.032041084536594,高値,中度,213048061.6268049,150000000.0,True,30,要人手査定
30948,13121,東京都足立区千住関屋町,中古マンション等,65,47.0,11.0,40000000,0.4201624484169875,1.4201624484169875,42.01624484169875,高値,中度,38344386.10725866,27000000.0,True,30,要人手査定
37092,13209,東京都町田市南町田,中古マンション等,80,25.0,4.0,60000000,0.42006590164349245,1.4200659016434924,42.00659016434925,高値,中度,56802636.0657397,40000000.0,True,30,要人手査定
21899,13114,東京都中野区東中野,中古マンション等,25,61.0,3.0,12000000,0.42003227186039127,0.5799677281396087,-42.003227186039126,安値,中度,11019386.834652565,19000000.0,True,30,要人手査定
31906,13122,東京都葛飾区西新小岩,中古マンション等,60,39.0,10.0,25000000,0.41996988626858905,1.419969886268589,41.99698862685891,高値,中度,36919217.042983316,26000000.0,True,30,要人手査定
28656,13119,東京都板橋区若木,中古マンション等,50,56.0,15.0,9800000,0.4199451724806648,0.5800548275193351,-41.99451724806648,安値,中度,10150959.481588366,17500000.0,True,30,要人手査定
21988,13114,東京都中野区中央,中古マンション等,80,26.0,6.0,120000000,0.41984671524855316,1.4198467152485532,41.984671524855315,高値,中度,106488503.64364149,75000000.0,True,30,要人手査定
14351,13109,東京都品川区北品川,中古マンション等,55,19.0,10.0,130000000,0.41962442154284346,1.4196244215428435,41.962442154284346,高値,中度,116409202.56651317,82000000.0,True,30,要人手査定
4389,13103,東京都港区西麻布,中古マンション等,40,42.0,9.0,62000000,0.4195995539636562,1.4195995539636563,41.95995539636562,高値,中度,61752580.597419046,43500000.0,True,30,要人手査定
6434,13104,東京都新宿区舟町,中古マンション等,25,15.0,1.0,33000000,0.4194648753592899,1.41946487535929,41.94648753592899,高値,中度,38325551.63470083,27000000.0,True,30,要人手査定
34412,13202,東京都立川市錦町,中古マンション等,35,7.0,7.0,36000000,0.41944162586757266,1.4194416258675726,41.944162586757265,高値,中度,34776319.83375553,24500000.0,True,30,要人手査定
21290,13113,東京都渋谷区神山町,中古マンション等,135,3.0,9.0,660000000,0.4194255872704229,1.419425587270423,41.94255872704229,高値,中度,440021932.0538311,310000000.0,True,30,要人手査定
8433,13106,東京都台東区柳橋,中古マンション等,65,42.0,2.0,76000000,0.41940799099910075,1.4194079909991009,41.94079909991007,高値,中度,63873359.594959535,45000000.0,True,30,要人手査定
4945,13104,東京都新宿区市谷田町,中古マンション等,35,21.0,3.0,58000000,0.4193571837949907,1.4193571837949908,41.93571837949907,高値,中度,59613001.71938961,42000000.0,True,30,要人手査定
27432,13119,東京都板橋区若木,中古マンション等,55,56.0,17.0,6500000,0.4193008892357845,0.5806991107642155,-41.93008892357845,安値,中度,12485030.881430633,21500000.0,True,30,要人手査定
10457,13108,東京都江東区深川,中古マンション等,65,42.0,5.0,71000000,0.4192948792799042,1.4192948792799043,41.92948792799042,高値,中度,63868269.56759569,45000000.0,True,30,要人手査定
15705,13110,東京都目黒区洗足,中古マンション等,15,42.0,1.0,10000000,0.4192389515181682,0.5807610484818319,-41.92389515181682,安値,中度,11034459.921154805,19000000.0,True,30,要人手査定
15704,13110,東京都目黒区洗足,中古マンション等,15,42.0,1.0,11000000,0.4192389515181682,0.5807610484818319,-41.92389515181682,安値,中度,11034459.921154805,19000000.0,True,30,要人手査定
15706,13110,東京都目黒区洗足,中古マンション等,45,57.0,3.0,42000000,0.41919787331866176,0.5808021266813382,-41.919787331866175,安値,中度,24103288.257275537,41500000.0,True,30,要人手査定
7873,13106,東京都台東区千束,中古マンション等,35,37.0,11.0,15000000,0.4191893010556464,0.5808106989443537,-41.91893010556464,安値,中度,18295537.01674714,31500000.0,True,30,要人手査定
35430,13206,東京都府中市本町,中古マンション等,100,13.0,3.0,90000000,0.41907597409895087,1.419075974098951,41.90759740989509,高値,中度,83015944.48478863,58500000.0,True,30,要人手査定
3560,13103,東京都港区三田,中古マンション等,60,43.0,5.0,100000000,0.4188314616954883,1.4188314616954882,41.88314616954883,高値,中度,106412359.62716162,75000000.0,True,30,要人手査定
9422,13107,東京都墨田区向島,中古マンション等,35,45.0,10.0,15000000,0.41876638291946827,0.5812336170805317,-41.876638291946826,安値,中度,14821457.235553559,25500000.0,True,30,要人手査定
29241,13120,東京都練馬区北町,中古マンション等,15,36.0,5.0,7500000,0.41876506044118494,0.5812349395588151,-41.87650604411849,安値,中度,7265436.744485188,12500000.0,True,30,要人手査定
36706,13209,東京都町田市旭町,中古マンション等,105,39.0,15.0,27000000,0.418589506304547,0.5814104936954531,-41.8589506304547,安値,中度,20349367.279340856,35000000.0,True,30,要人手査定
23999,13115,東京都杉並区浜田山,中古マンション等,70,22.0,6.0,110000000,0.4185878732817081,1.418587873281708,41.85878732817081,高値,中度,117033499.54574092,82500000.0,True,30,要人手査定
25345,13117,東京都北区西ケ原,中古マンション等,135,34.0,4.0,83000000,0.41843816633679587,1.418438166336796,41.84381663367959,高値,中度,106382862.47525969,75000000.0,True,30,要人手査定
35643,13206,東京都府中市府中町,中古マンション等,20,32.0,7.0,8000000,0.41838109850929667,0.5816189014907034,-41.83810985092967,安値,中度,8724283.52236055,15000000.0,True,30,要人手査定
25191,13116,東京都豊島区南大塚,中古マンション等,35,8.0,5.0,58000000,0.41836135658392676,1.4183613565839268,41.83613565839268,高値,中度,54606912.22848118,38500000.0,True,30,要人手査定
10363,13108,東京都江東区三好,中古マンション等,80,45.0,6.0,78000000,0.41832751775811733,1.4183275177581174,41.83275177581173,高値,中度,70916375.88790587,50000000.0,True,30,要人手査定
34240,13201,東京都八王子市南大沢,中古マンション等,75,41.0,14.0,22000000,0.4183110975130818,1.418311097513082,41.83110975130818,高値,中度,24111288.65772239,17000000.0,True,30,要人手査定
22537,13114,東京都中野区中野,中古マンション等,40,9.0,6.0,88000000,0.4182296412534855,1.4182296412534856,41.82296412534855,高値,中度,70202367.24204753,49500000.0,True,30,要人手査定
18654,13112,東京都世田谷区玉川,中古マンション等,65,16.0,7.0,140000000,0.4181893262274707,1.4181893262274707,41.81893262274707,高値,中度,134018891.32849598,94500000.0,True,30,要人手査定
21872,13114,東京都中野区中野,中古マンション等,60,54.0,5.0,49000000,0.4181627971862012,1.4181627971862012,41.81627971862012,高値,中度,49635697.90151704,35000000.0,True,30,要人手査定
8910,13107,東京都墨田区墨田,中古マンション等,65,30.0,3.0,34000000,0.4181609299968276,0.5818390700031725,-41.81609299968276,安値,中度,34619424.66518876,59500000.0,True,30,要人手査定
20657,13113,東京都渋谷区神宮前,中古マンション等,90,24.0,7.0,250000000,0.418089725934481,1.418089725934481,41.808972593448104,高値,中度,276527496.5572238,195000000.0,True,30,要人手査定
14362,13109,東京都品川区北品川,中古マンション等,30,27.0,7.0,42000000,0.418075347961517,1.418075347961517,41.8075347961517,高値,中度,40415147.416903235,28500000.0,True,30,要人手査定
34973,13204,東京都三鷹市下連雀,中古マンション等,75,7.0,1.0,150000000,0.4180747921276368,1.4180747921276369,41.80747921276368,高値,中度,114155020.76627477,80500000.0,True,30,要人手査定
9116,13107,東京都墨田区江東橋,中古マンション等,35,18.0,5.0,65000000,0.4180378233410016,1.4180378233410016,41.80378233410016,高値,中度,42541134.70023005,30000000.0,True,30,要人手査定
9865,13107,東京都墨田区業平,中古マンション等,50,54.0,6.0,40000000,0.41800702946371177,1.4180070294637117,41.800702946371175,高値,中度,41122203.85444764,29000000.0,True,30,要人手査定
2801,13103,東京都港区南青山,中古マンション等,30,46.0,2.0,38000000,0.4179610928500773,1.4179610928500774,41.79610928500773,高値,中度,36866988.41410201,26000000.0,True,30,要人手査定
25864,13117,東京都北区赤羽台,中古マンション等,55,55.0,5.0,19000000,0.417947098638232,0.582052901361768,-41.7947098638232,安値,中度,19207745.744938344,33000000.0,True,30,要人手査定
11339,13108,東京都江東区豊洲,中古マンション等,80,10.0,11.0,160000000,0.4177924723205724,1.4177924723205724,41.77924723205724,高値,中度,155957171.95526296,110000000.0,True,30,要人手査定
26813,13118,東京都荒川区東日暮里,中古マンション等,75,21.0,5.0,86000000,0.4177568776754027,1.4177568776754028,41.77568776754027,高値,中度,83647655.78284876,59000000.0,True,30,要人手査定
346,13101,東京都千代田区一番町,中古マンション等,45,43.0,2.0,64000000,0.41772518607400155,1.4177251860740014,41.77251860740016,高値,中度,67341946.33851507,47500000.0,True,30,要人手査定
12677,13108,東京都江東区東陽,中古マンション等,30,16.0,4.0,37000000,0.4175642765056592,1.4175642765056593,41.75642765056592,高値,中度,37565453.32739997,26500000.0,True,30,要人手査定
20934,13113,東京都渋谷区本町,中古マンション等,20,39.0,8.0,9200000,0.4175488488540359,0.582451151145964,-41.75488488540359,安値,中度,12231474.174065245,21000000.0,True,30,要人手査定
6892,13105,東京都文京区大塚,中古マンション等,30,61.0,4.0,15000000,0.4174864663817688,0.5825135336182312,-41.74864663817688,安値,中度,13980324.80683755,24000000.0,True,30,要人手査定
24494,13116,東京都豊島区池袋,中古マンション等,60,41.0,5.0,57000000,0.417463745128689,1.417463745128689,41.7463745128689,高値,中度,67329527.89361273,47500000.0,True,30,要人手査定
35702,13206,東京都府中市浅間町,中古マンション等,70,32.0,5.0,22000000,0.4173357405559797,0.5826642594440202,-41.73357405559797,安値,中度,26219891.674980912,45000000.0,True,30,要人手査定
34722,13203,東京都武蔵野市御殿山,中古マンション等,70,8.0,6.0,130000000,0.4172629605320469,1.417262960532047,41.72629605320469,高値,中度,126136403.48735218,89000000.0,True,30,要人手査定
3156,13103,東京都港区六本木,中古マンション等,125,8.0,8.0,490000000,0.41723545256956485,1.4172354525695647,41.723545256956484,高値,中度,687359194.496239,485000000.0,True,30,要人手査定
23796,13115,東京都杉並区上高井戸,中古マンション等,40,56.0,4.0,19000000,0.4172290301432952,1.4172290301432953,41.72290301432952,高値,中度,28344580.602865905,20000000.0,True,30,要人手査定
24143,13116,東京都豊島区駒込,中古マンション等,35,4.0,5.0,54000000,0.417186393419739,1.417186393419739,41.7186393419739,高値,中度,53144489.75324021,37500000.0,True,30,要人手査定
30689,13121,東京都足立区千住,中古マンション等,45,1.0,5.0,70000000,0.41714800944473734,1.4171480094447373,41.71480094447374,高値,中度,59520216.39667897,42000000.0,True,30,要人手査定
18753,13112,東京都世田谷区玉川,中古マンション等,80,27.0,2.0,100000000,0.4171126033232928,1.4171126033232928,41.71126033232928,高値,中度,126831577.9974347,89500000.0,True,30,要人手査定
19748,13112,東京都世田谷区三軒茶屋,中古マンション等,85,22.0,11.0,160000000,0.4170586487404283,1.4170586487404282,41.70586487404283,高値,中度,130369395.6841194,92000000.0,True,30,要人手査定
10545,13108,東京都江東区三好,中古マンション等,65,45.0,6.0,58000000,0.4169737761506142,1.4169737761506143,41.69737761506142,高値,中度,59512898.5983258,42000000.0,True,30,要人手査定
22968,13115,東京都杉並区井草,中古マンション等,25,55.0,1.0,8500000,0.41692693163557876,0.5830730683644212,-41.69269316355788,安値,中度,10495315.230559582,18000000.0,True,30,要人手査定
17434,13111,東京都大田区北千束,中古マンション等,40,42.0,3.0,38000000,0.41684333312160693,1.4168433331216068,41.684333312160696,高値,中度,40380034.9939658,28500000.0,True,30,要人手査定
279,13101,東京都千代田区神田須田町,中古マンション等,25,8.0,2.0,50000000,0.41664542312668396,0.583354576873316,-41.664542312668395,安値,中度,38793079.362075515,66500000.0,False,30,要人手査定
12988,13108,東京都江東区毛利,中古マンション等,60,45.0,3.0,52000000,0.41651646621815674,1.4165164662181566,41.65164662181567,高値,中度,56660658.64872627,40000000.0,True,30,要人手査定
23766,13115,東京都杉並区荻窪,中古マンション等,30,17.0,1.0,46000000,0.4163878842459903,1.4163878842459903,41.638788424599035,高値,中度,46032606.237994686,32500000.0,True,30,要人手査定
34552,13202,東京都立川市曙町,中古マンション等,70,23.0,3.0,70000000,0.41635339291045376,1.4163533929104537,41.635339291045376,高値,中度,68693139.55615701,48500000.0,True,30,要人手査定
11021,13108,東京都江東区大島,中古マンション等,50,10.0,5.0,57000000,0.4162746650252745,0.5837253349747255,-41.62746650252745,安値,中度,56913220.16003574,97500000.0,True,30,要人手査定
10982,13108,東京都江東区大島,中古マンション等,50,10.0,5.0,52000000,0.4162746650252745,0.5837253349747255,-41.62746650252745,安値,中度,56913220.16003574,97500000.0,True,30,要人手査定
26116,13117,東京都北区豊島,中古マンション等,45,40.0,6.0,45000000,0.4161083769135878,1.4161083769135878,41.61083769135878,高値,中度,43191305.49586443,30500000.0,True,30,要人手査定
17364,13111,東京都大田区蒲田,中古マンション等,55,31.0,6.0,58000000,0.41606784909477024,1.4160678490947702,41.60678490947702,高値,中度,63015019.28471728,44500000.0,True,30,要人手査定
34119,13201,東京都八王子市千人町,中古マンション等,60,14.0,1.0,32000000,0.41597127728361866,0.5840287227163813,-41.59712772836187,安値,中度,32121579.749400973,55000000.0,True,30,要人手査定
36200,13208,東京都調布市染地,中古マンション等,30,58.0,20.0,7300000,0.4159444304201325,0.5840555695798675,-41.59444304201325,安値,中度,7300694.619748344,12500000.0,True,30,要人手査定
23819,13115,東京都杉並区久我山,中古マンション等,35,49.0,1.0,33000000,0.41580430042316446,1.4158043004231644,41.58043004231644,高値,中度,29731890.308886454,21000000.0,True,30,要人手査定
18983,13112,東京都世田谷区下馬,中古マンション等,20,35.0,16.0,7700000,0.4157572112137426,0.5842427887862575,-41.57572112137426,安値,中度,8763641.831793861,15000000.0,True,30,要人手査定
5100,13104,東京都新宿区中落合,中古マンション等,20,42.0,1.0,13000000,0.41557215823439725,0.5844278417656028,-41.557215823439726,安値,中度,11104128.993546452,19000000.0,True,30,要人手査定
18555,13112,東京都世田谷区玉川,中古マンション等,75,26.0,7.0,87000000,0.41550532327467127,1.4155053232746713,41.550532327467124,高値,中度,110409415.21542436,78000000.0,True,30,要人手査定
21015,13113,東京都渋谷区代々木,中古マンション等,45,12.0,7.0,98000000,0.4154848480990474,1.4154848480990474,41.54848480990474,高値,中度,92006515.12643808,65000000.0,True,30,要人手査定
5215,13104,東京都新宿区中落合,中古マンション等,75,23.0,5.0,85000000,0.41535205916314044,0.5846479408368596,-41.53520591631404,安値,中度,84773951.42134464,145000000.0,True,30,要人手査定
24592,13116,東京都豊島区西池袋,中古マンション等,40,4.0,8.0,59000000,0.4153505801860089,1.415350580186009,41.53505801860089,高値,中度,60152399.65790538,42500000.0,True,30,要人手査定
9722,13107,東京都墨田区江東橋,中古マンション等,35,12.0,4.0,56000000,0.4153347421914375,1.4153347421914375,41.53347421914375,高値,中度,52367385.46108319,37000000.0,True,30,要人手査定
9296,13107,東京都墨田区千歳,中古マンション等,45,6.0,3.0,70000000,0.41529515844328874,1.4152951584432887,41.52951584432888,高値,中度,73595348.23905101,52000000.0,True,30,要人手査定
5319,13104,東京都新宿区四谷,中古マンション等,65,2.0,4.0,190000000,0.41528022185866814,1.4152802218586682,41.52802218586682,高値,中度,219368434.38809356,155000000.0,True,30,要人手査定
5323,13104,東京都新宿区四谷,中古マンション等,65,2.0,4.0,220000000,0.41528022185866814,1.4152802218586682,41.52802218586682,高値,中度,219368434.38809356,155000000.0,True,30,要人手査定
3940,13103,東京都港区赤坂,中古マンション等,75,24.0,2.0,300000000,0.4152656289542838,1.4152656289542838,41.526562895428384,高値,中度,268900469.5013139,190000000.0,True,30,要人手査定
17117,13111,東京都大田区鵜の木,中古マンション等,80,55.0,7.0,52000000,0.4149898189803576,1.4149898189803576,41.49898189803576,高値,中度,61552057.125645556,43500000.0,True,30,要人手査定
162,13101,東京都千代田区麹町,中古マンション等,35,3.0,3.0,87000000,0.4149604116293667,1.4149604116293668,41.49604116293667,高値,中度,97632268.4024263,69000000.0,True,30,要人手査定
31887,13122,東京都葛飾区高砂,中古マンション等,70,8.0,11.0,35000000,0.41487846110896753,0.5851215388910325,-41.487846110896754,安値,中度,39495703.87514469,67500000.0,True,30,要人手査定
39182,13224,東京都多摩市和田,中古マンション等,80,39.0,19.0,24000000,0.41467272804438277,1.4146727280443827,41.467272804438274,高値,中度,24049436.376754507,17000000.0,True,30,要人手査定
13699,13109,東京都品川区東五反田,中古マンション等,70,25.0,4.0,120000000,0.4146050879718419,1.414605087971842,41.46050879718419,高値,中度,124485247.74152209,88000000.0,True,30,要人手査定
38371,13219,東京都狛江市岩戸北,中古マンション等,60,23.0,5.0,12000000,0.41451419798795996,0.58548580201204,-41.451419798795996,安値,中度,37471091.32877056,64000000.0,True,30,要人手査定
34405,13202,東京都立川市曙町,中古マンション等,75,10.0,2.0,130000000,0.41448847575639913,1.4144884757563991,41.44884757563992,高値,中度,74260644.97721095,52500000.0,True,30,要人手査定
12021,13108,東京都江東区南砂,中古マンション等,40,3.0,5.0,45000000,0.41447675535544104,0.585523244644559,-41.44767553554411,安値,中度,47720144.438531555,81500000.0,True,30,要人手査定
24378,13116,東京都豊島区南池袋,中古マンション等,65,27.0,8.0,90000000,0.41446044092502743,1.4144604409250274,41.446044092502746,高値,中度,112449605.05353968,79500000.0,True,30,要人手査定
22009,13114,東京都中野区中野,中古マンション等,60,25.0,9.0,85000000,0.4143822371900319,1.4143822371900319,41.43822371900319,高値,中度,90520463.18016204,64000000.0,True,30,要人手査定
13477,13109,東京都品川区東五反田,中古マンション等,65,16.0,6.0,110000000,0.4143364746239806,1.4143364746239806,41.433647462398056,高値,中度,155577012.20863786,110000000.0,True,30,要人手査定
11636,13108,東京都江東区新砂,中古マンション等,70,20.0,6.0,80000000,0.41428858846453853,0.5857114115354615,-41.428858846453856,安値,中度,70285369.38425538,120000000.0,True,30,要人手査定
1823,13102,東京都中央区日本橋中洲,中古マンション等,55,12.0,7.0,60000000,0.41423855021706035,0.5857614497829396,-41.42385502170603,安値,中度,70291373.97395276,120000000.0,False,30,要人手査定
19327,13112,東京都世田谷区砧,中古マンション等,35,49.0,5.0,11000000,0.41422972543340425,0.5857702745665958,-41.42297254334043,安値,中度,16694452.825147979,28500000.0,True,30,要人手査定
36926,13209,東京都町田市山崎,中古マンション等,55,17.0,5.0,17000000,0.4142130988879644,0.5857869011120356,-41.42130988879644,安値,中度,20795434.989477262,35500000.0,True,30,要人手査定
27894,13119,東京都板橋区加賀,中古マンション等,85,25.0,9.0,80000000,0.41419540565174223,1.4141954056517423,41.41954056517422,高値,中度,88387212.85323389,62500000.0,True,30,要人手査定
19915,13112,東京都世田谷区上馬,中古マンション等,55,43.0,8.0,62000000,0.41408432833836517,1.414084328338365,41.408432833836514,高値,中度,62219710.44688807,44000000.0,True,30,要人手査定
26155,13117,東京都北区西ケ原,中古マンション等,125,34.0,4.0,83000000,0.41397096717513443,1.4139709671751344,41.39709671751344,高値,中度,106047822.53813508,75000000.0,True,30,要人手査定
32207,13122,東京都葛飾区金町,中古マンション等,25,36.0,9.0,13000000,0.413943353281313,1.413943353281313,41.3943353281313,高値,中度,10745969.484937979,7600000.0,True,30,要人手査定
8912,13107,東京都墨田区墨田,中古マンション等,55,33.0,4.0,22000000,0.4138886249454233,0.5861113750545767,-41.38886249454233,安値,中度,29305568.752728835,50000000.0,True,30,要人手査定
31790,13122,東京都葛飾区西新小岩,中古マンション等,60,47.0,3.0,40000000,0.41384299704339134,1.4138429970433914,41.384299704339135,高値,中度,36052996.42460648,25500000.0,True,30,要人手査定
34134,13201,東京都八王子市台町,中古マンション等,85,45.0,4.0,17000000,0.4138214015001831,1.413821401500183,41.38214015001831,高値,中度,21207321.022502746,15000000.0,True,30,要人手査定
21463,13113,東京都渋谷区猿楽町,中古マンション等,80,13.0,6.0,360000000,0.41361447781258903,1.413614477812589,41.3614477812589,高値,中度,212042171.67188835,150000000.0,True,30,要人手査定
19706,13112,東京都世田谷区池尻,中古マンション等,85,50.0,5.0,94000000,0.4136076318315986,1.4136076318315987,41.36076318315986,高値,中度,94711711.3327171,67000000.0,True,30,要人手査定
8564,13106,東京都台東区北上野,中古マンション等,60,26.0,7.0,83000000,0.41353427247412405,1.413534272474124,41.353427247412405,高値,中度,89052659.16586982,63000000.0,True,30,要人手査定
21384,13113,東京都渋谷区恵比寿,中古マンション等,85,23.0,6.0,280000000,0.4135299969156191,1.413529996915619,41.35299969156191,高値,中度,226164799.50649905,160000000.0,True,30,要人手査定
27430,13119,東京都板橋区若木,中古マンション等,60,39.0,16.0,33000000,0.41350839769530157,0.5864916023046984,-41.350839769530154,安値,中度,17008256.466836255,29000000.0,True,30,要人手査定
27896,13119,東京都板橋区加賀,中古マンション等,115,25.0,9.0,100000000,0.41343652458879016,1.41343652458879,41.34365245887901,高値,中度,100353993.2458041,71000000.0,True,30,要人手査定
22013,13114,東京都中野区中野,中古マンション等,60,9.0,12.0,75000000,0.41324291614811637,1.4132429161481164,41.324291614811635,高値,中度,110232947.45955308,78000000.0,True,30,要人手査定
3980,13103,東京都港区芝浦,中古マンション等,65,20.0,12.0,140000000,0.41309801224348763,1.4130980122434875,41.30980122434876,高値,中度,139896703.21210527,99000000.0,True,30,要人手査定
8557,13106,東京都台東区雷門,中古マンション等,65,24.0,2.0,120000000,0.4130692611262947,1.4130692611262947,41.30692611262947,高値,中度,96088709.75658804,68000000.0,True,30,要人手査定
33697,13201,東京都八王子市寺田町,中古マンション等,100,44.0,5.0,8500000,0.41286876347602913,0.5871312365239709,-41.28687634760291,安値,中度,11742624.730479417,20000000.0,True,30,要人手査定
13657,13109,東京都品川区西五反田,中古マンション等,35,3.0,6.0,77000000,0.4127733405668931,1.412773340566893,41.277334056689305,高値,中度,77702533.73117912,55000000.0,True,30,要人手査定
13668,13109,東京都品川区西五反田,中古マンション等,35,3.0,6.0,73000000,0.4127733405668931,1.412773340566893,41.277334056689305,高値,中度,77702533.73117912,55000000.0,True,30,要人手査定
13415,13109,東京都品川区西五反田,中古マンション等,70,9.0,10.0,180000000,0.4127274574146442,1.4127274574146442,41.27274574146442,高値,中度,169527294.8897573,120000000.0,True,30,要人手査定
5204,13104,東京都新宿区富久町,中古マンション等,85,24.0,9.0,160000000,0.412698040143015,1.412698040143015,41.2698040143015,高値,中度,169523764.8171618,120000000.0,True,30,要人手査定
29406,13120,東京都練馬区練馬,中古マンション等,35,5.0,6.0,36000000,0.412496878821917,1.412496878821917,41.2496878821917,高値,中度,41668657.92524655,29500000.0,True,30,要人手査定
14139,13109,東京都品川区南大井,中古マンション等,75,14.0,4.0,92000000,0.4123402231492443,0.5876597768507557,-41.23402231492443,安値,中度,94025564.29612091,160000000.0,True,30,要人手査定
34367,13202,東京都立川市一番町,中古マンション等,45,38.0,17.0,9900000,0.41211598654480625,0.5878840134551938,-41.211598654480625,安値,中度,7642492.174917519,13000000.0,True,30,要人手査定
34362,13202,東京都立川市一番町,中古マンション等,45,38.0,17.0,8500000,0.41211598654480625,0.5878840134551938,-41.211598654480625,安値,中度,7642492.174917519,13000000.0,True,30,要人手査定
28057,13119,東京都板橋区板橋,中古マンション等,35,4.0,2.0,41000000,0.41204266040652454,1.4120426604065246,41.204266040652456,高値,中度,43067301.142399,30500000.0,True,30,要人手査定
22351,13114,東京都中野区南台,中古マンション等,45,10.0,9.0,72000000,0.4120377214284975,1.4120377214284974,41.20377214284975,高値,中度,72013923.79285337,51000000.0,True,30,要人手査定
30644,13121,東京都足立区千住橋戸町,中古マンション等,100,11.0,3.0,100000000,0.4120261967218169,1.4120261967218168,41.20261967218169,高値,中度,102371899.26233172,72500000.0,True,30,要人手査定
25584,13117,東京都北区赤羽,中古マンション等,65,4.0,6.0,86000000,0.4120107979798276,1.4120107979798275,41.20107979798276,高値,中度,91780701.86868879,65000000.0,True,30,要人手査定
20468,13113,東京都渋谷区神宮前,中古マンション等,40,43.0,6.0,73000000,0.41195863278172157,1.4119586327817215,41.195863278172155,高値,中度,55772365.994878,39500000.0,True,30,要人手査定
13666,13109,東京都品川区西五反田,中古マンション等,65,3.0,9.0,190000000,0.4119171215326325,1.4119171215326325,41.191712153263246,高値,中度,190608811.40690538,135000000.0,True,30,要人手査定
20951,13113,東京都渋谷区代々木,中古マンション等,40,62.0,4.0,22000000,0.4118696876393947,0.5881303123606053,-41.18696876393947,安値,中度,25583668.58768633,43500000.0,True,30,要人手査定
7844,13106,東京都台東区東上野,中古マンション等,75,5.0,6.0,180000000,0.4118610153180296,1.4118610153180295,41.18610153180296,高値,中度,155304711.68498325,110000000.0,True,30,要人手査定
36603,13208,東京都調布市染地,中古マンション等,55,23.0,5.0,37000000,0.4118586792349401,0.58814132076506,-41.18586792349401,安値,中度,27936712.736340348,47500000.0,True,30,要人手査定
37328,13211,東京都小平市天神町,中古マンション等,55,42.0,17.0,10000000,0.41177054155036946,0.5882294584496305,-41.17705415503695,安値,中度,12352818.62744224,21000000.0,True,30,要人手査定
28766,13120,東京都練馬区中村北,中古マンション等,80,17.0,7.0,95000000,0.411750223402231,1.411750223402231,41.1750223402231,高値,中度,88940264.07434055,63000000.0,True,30,要人手査定
27593,13119,東京都板橋区向原,中古マンション等,25,34.0,10.0,8000000,0.411710045153283,1.4117100451532831,41.1710045153283,高値,中度,12987732.415410204,9200000.0,True,30,要人手査定
14361,13109,東京都品川区北品川,中古マンション等,55,47.0,4.0,75000000,0.4116938765438202,1.4116938765438203,41.16938765438202,高値,中度,62114530.56792809,44000000.0,True,30,要人手査定
28097,13119,東京都板橋区大山金井町,中古マンション等,45,6.0,8.0,46000000,0.4115679402721727,1.4115679402721728,41.156794027217266,高値,中度,60697421.431703426,43000000.0,True,30,要人手査定
21901,13114,東京都中野区東中野,中古マンション等,60,61.0,4.0,21000000,0.41149820461940234,0.5885017953805977,-41.14982046194024,安値,中度,23834322.712914206,40500000.0,True,30,要人手査定
36695,13208,東京都調布市布田,中古マンション等,50,44.0,3.0,42000000,0.4114818893647164,1.4114818893647163,41.14818893647164,高値,中度,35287047.23411791,25000000.0,True,30,要人手査定
13662,13109,東京都品川区西五反田,中古マンション等,30,16.0,5.0,50000000,0.4112864113791489,1.411286411379149,41.12864113791489,高値,中度,41632949.13568489,29500000.0,True,30,要人手査定
38859,13224,東京都多摩市一ノ宮,中古マンション等,20,43.0,7.0,3800000,0.4112015323333548,0.5887984676666451,-41.12015323333548,安値,中度,5829104.829899787,9900000.0,True,30,要人手査定
6098,13104,東京都新宿区新宿,中古マンション等,20,40.0,4.0,19000000,0.41118476949175514,1.4111847694917552,41.118476949175516,高値,中度,23284548.69661396,16500000.0,True,30,要人手査定
38783,13223,東京都武蔵村山市伊奈平,中古マンション等,65,34.0,5.0,12000000,0.4111539835731899,1.4111539835731899,41.11539835731899,高値,中度,15240463.022590451,10800000.0,True,18,要人手査定
36731,13209,東京都町田市鶴川,中古マンション等,55,58.0,5.0,7600000,0.4111165065801015,0.5888834934198985,-41.11165065801015,安値,中度,6183276.680908934,10500000.0,True,30,要人手査定
9570,13107,東京都墨田区向島,中古マンション等,30,7.0,9.0,29000000,0.41108986449169754,1.4110898644916976,41.108986449169755,高値,中度,40921606.07025923,29000000.0,True,30,要人手査定
34398,13202,東京都立川市錦町,中古マンション等,70,22.0,14.0,45000000,0.4110060920548828,1.4110060920548828,41.10060920548828,高値,中度,45152194.94575625,32000000.0,True,30,要人手査定
6382,13104,東京都新宿区西早稲田,中古マンション等,30,32.0,9.0,28000000,0.41100369575354867,1.4110036957535486,41.10036957535487,高値,中度,29631077.61082452,21000000.0,True,30,要人手査定
29067,13120,東京都練馬区貫井,中古マンション等,50,58.0,6.0,13000000,0.4109535502634421,0.589046449736558,-41.09535502634421,安値,中度,15315207.693150505,26000000.0,True,30,要人手査定
15701,13110,東京都目黒区下目黒,中古マンション等,50,47.0,7.0,75000000,0.41092105308901483,1.4109210530890148,41.09210530890148,高値,中度,69840592.12790623,49500000.0,True,30,要人手査定
3447,13103,東京都港区白金台,中古マンション等,55,3.0,4.0,120000000,0.4108847187880166,0.5891152812119834,-41.088471878801656,安値,中度,120768632.6484566,205000000.0,True,30,要人手査定
17334,13111,東京都大田区大森南,中古マンション等,50,38.0,16.0,20000000,0.41084734802167394,0.589152651978326,-41.0847348021674,安値,中度,22093224.449187227,37500000.0,True,30,要人手査定
11141,13108,東京都江東区豊洲,中古マンション等,100,26.0,12.0,130000000,0.41082787997617226,1.4108278799761722,41.082787997617224,高値,中度,126974509.1978555,90000000.0,True,30,要人手査定
28422,13119,東京都板橋区中丸町,中古マンション等,25,3.0,11.0,36000000,0.4107733504107864,1.4107733504107864,41.07733504107864,高値,中度,36680107.110680446,26000000.0,True,30,要人手査定
4684,13104,東京都新宿区四谷本塩町,中古マンション等,40,55.0,6.0,36000000,0.4107554055753245,1.4107554055753244,41.07554055753245,高値,中度,38795773.65332142,27500000.0,True,30,要人手査定
10646,13108,東京都江東区亀戸,中古マンション等,80,21.0,9.0,50000000,0.41074148543838573,0.5892585145616143,-41.074148543838575,安値,中度,53622524.8251069,91000000.0,True,30,要人手査定
5237,13104,東京都新宿区四谷,中古マンション等,70,2.0,4.0,210000000,0.4103841098151654,1.4103841098151655,41.038410981516535,高値,中度,239765298.66857812,170000000.0,True,30,要人手査定
34646,13202,東京都立川市富士見町,中古マンション等,40,58.0,26.0,6500000,0.41031307283034024,0.5896869271696598,-41.031307283034025,安値,中度,6486556.198866257,11000000.0,True,30,要人手査定
35348,13205,東京都青梅市河辺町,中古マンション等,15,34.0,2.0,3500000,0.4102972360496529,1.4102972360496528,41.02972360496529,高値,中度,4936040.326173785,3500000.0,True,30,要人手査定
8985,13107,東京都墨田区墨田,中古マンション等,80,30.0,7.0,33000000,0.41022694434146595,0.5897730556585341,-41.022694434146594,安値,中度,38925021.67346325,66000000.0,True,30,要人手査定
21767,13114,東京都中野区中央,中古マンション等,20,56.0,10.0,11000000,0.41015249639446766,0.5898475036055323,-41.015249639446765,安値,中度,10322331.313096816,17500000.0,True,30,要人手査定
17111,13111,東京都大田区石川町,中古マンション等,65,42.0,4.0,61000000,0.4101346920729447,1.4101346920729447,41.01346920729447,高値,中度,63456061.14328251,45000000.0,True,30,要人手査定
29171,13120,東京都練馬区小竹町,中古マンション等,45,38.0,6.0,21000000,0.4099341413413951,0.5900658586586048,-40.99341413413951,安値,中度,20062239.194392566,34000000.0,True,30,要人手査定
24844,13116,東京都豊島区東池袋,中古マンション等,75,25.0,12.0,150000000,0.4094840994390909,1.409484099439091,40.94840994390909,高値,中度,128263053.04895727,91000000.0,True,30,要人手査定
4282,13103,東京都港区白金,中古マンション等,30,13.0,2.0,52000000,0.4093548865847866,1.4093548865847865,40.93548865847866,高値,中度,73286454.1024089,52000000.0,True,30,要人手査定
38163,13215,東京都国立市東,中古マンション等,65,12.0,2.0,60000000,0.4092470510356193,1.4092470510356194,40.924705103561934,高値,中度,67643858.44970973,48000000.0,True,30,要人手査定
37996,13214,東京都国分寺市西町,中古マンション等,50,7.0,22.0,31000000,0.40913726973049946,0.5908627302695005,-40.91372697304995,安値,中度,31315724.704283528,53000000.0,True,30,要人手査定
30688,13121,東京都足立区千住,中古マンション等,70,21.0,9.0,54000000,0.4091224827243919,1.409122482724392,40.912248272439186,高値,中度,64819634.20532203,46000000.0,True,30,要人手査定
22546,13114,東京都中野区中野,中古マンション等,45,58.0,3.0,38000000,0.40899244433487975,1.4089924443348798,40.89924443348797,高値,中度,47905743.10738591,34000000.0,True,30,要人手査定
18929,13112,東京都世田谷区奥沢,中古マンション等,60,29.0,8.0,93000000,0.4089923719468991,1.408992371946899,40.89923719468991,高値,中度,93697992.73446879,66500000.0,True,30,要人手査定
21596,13113,東京都渋谷区幡ケ谷,中古マンション等,25,8.0,9.0,39000000,0.40895593236450983,0.5910440676354901,-40.895593236450985,安値,中度,39304430.497760095,66500000.0,True,30,要人手査定
19308,13112,東京都世田谷区池尻,中古マンション等,60,54.0,10.0,56000000,0.4089409022168133,1.4089409022168133,40.89409022168133,高値,中度,57062106.53978094,40500000.0,True,30,要人手査定
5711,13104,東京都新宿区下落合,中古マンション等,30,9.0,7.0,45000000,0.40892170440746234,1.4089217044074622,40.892170440746234,高値,中度,51425642.210872374,36500000.0,True,30,要人手査定
13905,13109,東京都品川区小山,中古マンション等,90,7.0,1.0,300000000,0.4089206466349286,1.4089206466349287,40.89206466349286,高値,中度,211338096.9952393,150000000.0,True,30,要人手査定
30854,13121,東京都足立区千住寿町,中古マンション等,70,15.0,10.0,55000000,0.408890295522278,1.408890295522278,40.889029552227804,高値,中度,69740069.62835276,49500000.0,True,30,要人手査定
6310,13104,東京都新宿区西新宿,中古マンション等,25,3.0,8.0,62000000,0.40887948215576847,1.4088794821557684,40.88794821557685,高値,中度,52832980.58084132,37500000.0,True,30,要人手査定
24151,13116,東京都豊島区駒込,中古マンション等,85,21.0,6.0,180000000,0.40873118099819067,1.4087311809981906,40.87311809981907,高値,中度,140873118.09981906,100000000.0,True,30,要人手査定
38847,13224,東京都多摩市落合,中古マンション等,80,42.0,16.0,15000000,0.408577183277933,1.408577183277933,40.8577183277933,高値,中度,23945812.11572486,17000000.0,True,30,要人手査定
15449,13110,東京都目黒区八雲,中古マンション等,50,58.0,17.0,25000000,0.40843329866361655,0.5915667013363834,-40.84332986636166,安値,中度,25437368.15746449,43000000.0,True,30,要人手査定
14512,13109,東京都品川区西五反田,中古マンション等,45,22.0,7.0,83000000,0.408274156063509,1.408274156063509,40.8274156063509,高値,中度,80975763.97365177,57500000.0,True,30,要人手査定
9617,13107,東京都墨田区石原,中古マンション等,35,18.0,9.0,33000000,0.40825726874395984,1.4082572687439598,40.82572687439598,高値,中度,38022946.256086916,27000000.0,True,30,要人手査定
39404,13229,東京都西東京市柳沢,中古マンション等,45,44.0,2.0,8000000,0.4082029365201774,0.5917970634798226,-40.82029365201774,安値,中度,11835941.269596452,20000000.0,True,30,要人手査定
39403,13229,東京都西東京市柳沢,中古マンション等,45,44.0,2.0,8500000,0.4082029365201774,0.5917970634798226,-40.82029365201774,安値,中度,11835941.269596452,20000000.0,True,30,要人手査定
31322,13121,東京都足立区千住河原町,中古マンション等,60,39.0,3.0,47000000,0.4080585404878261,1.408058540487826,40.80585404878261,高値,中度,47169961.106342174,33500000.0,True,30,要人手査定
25184,13116,東京都豊島区南池袋,中古マンション等,50,27.0,5.0,86000000,0.4080472155617207,1.4080472155617207,40.80472155617207,高値,中度,85890880.14926496,61000000.0,True,30,要人手査定
28693,13120,東京都練馬区大泉学園町,中古マンション等,85,35.0,5.0,31000000,0.40804344346766724,0.5919565565323327,-40.804344346766726,安値,中度,35221415.1136738,59500000.0,True,30,要人手査定
19120,13112,東京都世田谷区下馬,中古マンション等,75,8.0,11.0,150000000,0.4080299661683074,1.4080299661683073,40.80299661683074,高値,中度,131650801.83673674,93500000.0,True,30,要人手査定
15654,13110,東京都目黒区上目黒,中古マンション等,55,56.0,9.0,24000000,0.40802190045192577,0.5919780995480742,-40.802190045192575,安値,中度,31374839.276047934,53000000.0,True,30,要人手査定
10923,13108,東京都江東区豊洲,中古マンション等,105,17.0,5.0,220000000,0.4079877305730719,1.407987730573072,40.798773057307194,高値,中度,225278036.8916915,160000000.0,True,30,要人手査定
15132,13110,東京都目黒区目黒本町,中古マンション等,60,32.0,12.0,39000000,0.4078736475706351,0.5921263524293648,-40.78736475706351,安値,中度,50330739.956496015,85000000.0,True,30,要人手査定
22172,13114,東京都中野区野方,中古マンション等,65,25.0,12.0,91000000,0.4078694116195344,1.4078694116195345,40.786941161953436,高値,中度,91511511.75526974,65000000.0,True,30,要人手査定
18440,13112,東京都世田谷区玉川,中古マンション等,80,7.0,6.0,190000000,0.407841909975526,1.407841909975526,40.7841909975526,高値,中度,168941029.19706312,120000000.0,True,30,要人手査定
34964,13204,東京都三鷹市新川,中古マンション等,55,29.0,5.0,35000000,0.4078212713415367,0.5921787286584633,-40.78212713415367,安値,中度,35826813.08383703,60500000.0,True,30,要人手査定
10900,13108,東京都江東区豊洲,中古マンション等,85,5.0,4.0,210000000,0.4077451797303169,1.4077451797303169,40.774517973031685,高値,中度,218200502.85819912,155000000.0,True,30,要人手査定
14472,13109,東京都品川区西五反田,中古マンション等,30,20.0,7.0,40000000,0.40774422772385616,1.407744227723856,40.77442277238561,高値,中度,35897477.80695833,25500000.0,True,30,要人手査定
2691,13103,東京都港区海岸,中古マンション等,45,22.0,13.0,46000000,0.4076617698680463,0.5923382301319536,-40.76617698680463,安値,中度,48275565.755754225,81500000.0,True,30,要人手査定
39567,13229,東京都西東京市谷戸町,中古マンション等,105,22.0,12.0,67000000,0.4076094569424108,1.407609456942411,40.76094569424108,高値,中度,68972863.39017813,49000000.0,True,30,要人手査定
34420,13202,東京都立川市錦町,中古マンション等,55,46.0,15.0,19000000,0.40752523213860603,1.407525232138606,40.752523213860606,高値,中度,17594065.401732575,12500000.0,True,30,要人手査定
37582,13212,東京都日野市三沢,中古マンション等,40,58.0,5.0,4800000,0.4074869902142202,0.5925130097857798,-40.74869902142202,安値,中度,6073258.350304243,10250000.0,True,30,要人手査定
32296,13122,東京都葛飾区新小岩,中古マンション等,20,23.0,3.0,28000000,0.4074670789586736,1.4074670789586736,40.74670789586736,高値,中度,22519473.26333878,16000000.0,True,30,要人手査定
16632,13111,東京都大田区羽田,中古マンション等,45,53.0,3.0,19000000,0.4074321634983264,0.5925678365016737,-40.743216349832636,安値,中度,17777035.09505021,30000000.0,True,30,要人手査定
15253,13110,東京都目黒区下目黒,中古マンション等,85,47.0,7.0,120000000,0.40738542874434625,1.4073854287443464,40.73854287443462,高値,中度,115405605.1570364,82000000.0,True,30,要人手査定
35842,13206,東京都府中市八幡町,中古マンション等,65,28.0,6.0,58000000,0.4073666746484634,1.4073666746484634,40.736667464846334,高値,中度,59109400.33523546,42000000.0,True,30,要人手査定
27253,13119,東京都板橋区高島平,中古マンション等,80,54.0,5.0,22000000,0.40734822399092385,0.5926517760090761,-40.73482239909239,安値,中度,19557508.608299512,33000000.0,True,30,要人手査定
34358,13202,東京都立川市一番町,中古マンション等,45,38.0,17.0,7500000,0.4073061281503368,0.5926938718496632,-40.73061281503368,安値,中度,7705020.334045622,13000000.0,True,30,要人手査定
23137,13115,東京都杉並区浜田山,中古マンション等,100,21.0,7.0,130000000,0.40722965396004424,1.4072296539600442,40.722965396004426,高値,中度,131575972.64526413,93500000.0,True,30,要人手査定
13468,13109,東京都品川区東五反田,中古マンション等,50,16.0,6.0,89000000,0.40719120009313764,1.4071912000931377,40.71912000931376,高値,中度,109057318.00721817,77500000.0,True,30,要人手査定
30653,13121,東京都足立区舎人,中古マンション等,25,12.0,1.0,22000000,0.40715600628478393,0.592843993715216,-40.71560062847839,安値,中度,15413943.836595617,26000000.0,True,30,要人手査定
14507,13109,東京都品川区西五反田,中古マンション等,70,8.0,4.0,170000000,0.40713682529804907,1.407136825298049,40.713682529804906,高値,中度,168856419.0357659,120000000.0,True,30,要人手査定
2088,13102,東京都中央区新川,中古マンション等,15,52.0,8.0,12000000,0.40713128306570073,0.5928687169342993,-40.71312830657007,安値,中度,11857374.338685986,20000000.0,True,30,要人手査定
32958,13123,東京都江戸川区清新町,中古マンション等,105,24.0,16.0,77000000,0.407069466892978,1.407069466892978,40.7069466892978,高値,中度,73167612.27843486,52000000.0,True,30,要人手査定
4325,13103,東京都港区新橋,中古マンション等,40,15.0,4.0,85000000,0.4070459077176706,0.5929540922823294,-40.70459077176706,安値,中度,62260179.68964459,105000000.0,True,30,要人手査定
20310,13112,東京都世田谷区野沢,中古マンション等,70,18.0,14.0,100000000,0.407026022767822,1.407026022767822,40.7026022767822,高値,中度,102712899.662051,73000000.0,True,30,要人手査定
13912,13109,東京都品川区小山,中古マンション等,65,29.0,2.0,76000000,0.40702322594449747,1.4070232259444975,40.70232259444975,高値,中度,106933765.17178181,76000000.0,True,30,要人手査定
39558,13229,東京都西東京市富士町,中古マンション等,70,48.0,6.0,24000000,0.4069871038874138,1.4069871038874138,40.69871038874138,高値,中度,30250222.733579397,21500000.0,True,30,要人手査定
33052,13123,東京都江戸川区平井,中古マンション等,85,2.0,2.0,120000000,0.40691627052868135,1.4069162705286813,40.691627052868135,高値,中度,118884424.85967357,84500000.0,True,30,要人手査定
38506,13220,東京都東大和市向原,中古マンション等,40,45.0,11.0,10000000,0.4069019637208432,0.5930980362791568,-40.69019637208432,安値,中度,8599921.526047774,14500000.0,True,30,要人手査定
18230,13112,東京都世田谷区豪徳寺,中古マンション等,40,35.0,6.0,25000000,0.4068941037345405,0.5931058962654595,-40.68941037345405,安値,中度,25503553.53941476,43000000.0,True,30,要人手査定
21456,13113,東京都渋谷区笹塚,中古マンション等,30,3.0,11.0,56000000,0.40681160708622527,0.5931883929137748,-40.68116070862253,安値,中度,44192535.27207622,74500000.0,True,30,要人手査定
5864,13104,東京都新宿区愛住町,中古マンション等,35,12.0,1.0,70000000,0.40660759696567933,1.4066075969656793,40.660759696567936,高値,中度,69627076.04980113,49500000.0,True,30,要人手査定
6217,13104,東京都新宿区富久町,中古マンション等,30,12.0,6.0,48000000,0.40659034819469475,1.4065903481946946,40.659034819469476,高値,中度,49230662.186814316,35000000.0,True,30,要人手査定
18628,13112,東京都世田谷区桜,中古マンション等,40,56.0,13.0,26000000,0.406589299786793,0.593410700213207,-40.658929978679296,安値,中度,19879258.457142435,33500000.0,True,30,要人手査定
3843,13103,東京都港区赤坂,中古マンション等,105,47.0,6.0,220000000,0.4065045874726791,1.4065045874726791,40.65045874726791,高値,中度,246138302.80771884,175000000.0,True,30,要人手査定
15595,13110,東京都目黒区青葉台,中古マンション等,50,48.0,4.0,65000000,0.40640388825914553,1.4064038882591456,40.640388825914556,高値,中度,64694578.859920695,46000000.0,True,30,要人手査定
9711,13107,東京都墨田区京島,中古マンション等,15,35.0,2.0,15000000,0.4063671366101557,0.5936328633898442,-40.63671366101557,安値,中度,12466290.13118673,21000000.0,True,30,要人手査定
19428,13112,東京都世田谷区池尻,中古マンション等,75,18.0,7.0,190000000,0.4062228889697213,1.4062228889697213,40.62228889697213,高値,中度,134294285.89660838,95500000.0,True,30,要人手査定
34564,13202,東京都立川市一番町,中古マンション等,70,31.0,14.0,20000000,0.4062072782959855,0.5937927217040144,-40.62072782959855,安値,中度,19001367.094528463,32000000.0,True,30,要人手査定
21587,13113,東京都渋谷区西原,中古マンション等,35,21.0,6.0,69000000,0.4062051808025429,1.4062051808025429,40.62051808025429,高値,中度,68904053.8593246,49000000.0,True,30,要人手査定
5260,13104,東京都新宿区荒木町,中古マンション等,75,8.0,5.0,210000000,0.40618276314342167,1.4061827631434216,40.61827631434217,高値,中度,203896500.65579614,145000000.0,True,30,要人手査定
32225,13122,東京都葛飾区亀有,中古マンション等,75,38.0,14.0,45000000,0.40616672802866877,1.4061667280286687,40.61667280286688,高値,中度,44997335.2969174,32000000.0,True,30,要人手査定
28023,13119,東京都板橋区板橋,中古マンション等,50,29.0,1.0,62000000,0.4061243319970436,1.4061243319970436,40.61243319970436,高値,中度,59760284.10987435,42500000.0,True,30,要人手査定
13198,13109,東京都品川区荏原,中古マンション等,55,33.0,6.0,80000000,0.4061163535156618,1.4061163535156618,40.61163535156618,高値,中度,84366981.2109397,60000000.0,True,30,要人手査定
5774,13104,東京都新宿区住吉町,中古マンション等,60,42.0,1.0,70000000,0.4061052100269577,1.4061052100269578,40.61052100269577,高値,中度,70305260.50134788,50000000.0,True,30,要人手査定
2696,13103,東京都港区海岸,中古マンション等,40,46.0,14.0,26000000,0.40608955868027297,0.593910441319727,-40.608955868027294,安値,中度,27319880.300707445,46000000.0,True,30,要人手査定
27191,13119,東京都板橋区大山金井町,中古マンション等,65,22.0,4.0,70000000,0.4060725487309907,1.4060725487309906,40.607254873099066,高値,中度,68897554.88781855,49000000.0,True,30,要人手査定
6737,13105,東京都文京区小石川,中古マンション等,110,55.0,3.0,130000000,0.4060585271540442,1.4060585271540442,40.605852715404424,高値,中度,128654355.23459505,91500000.0,True,30,要人手査定
24382,13116,東京都豊島区南池袋,中古マンション等,40,42.0,6.0,45000000,0.4060240224121001,1.4060240224121001,40.602402241210015,高値,中度,48507828.773217455,34500000.0,True,30,要人手査定
6709,13105,東京都文京区目白台,中古マンション等,30,47.0,5.0,14000000,0.4060088489726488,0.5939911510273512,-40.600884897264876,安値,中度,14849778.775683781,25000000.0,True,30,要人手査定
21964,13114,東京都中野区東中野,中古マンション等,25,61.0,3.0,16000000,0.4059835363130644,0.5940164636869356,-40.59835363130644,安値,中度,11286312.810051776,19000000.0,True,30,要人手査定
18714,13112,東京都世田谷区桜新町,中古マンション等,80,21.0,6.0,150000000,0.40587276342193296,1.405872763421933,40.5872763421933,高値,中度,123013866.79941913,87500000.0,True,30,要人手査定
22657,13114,東京都中野区本町,中古マンション等,30,55.0,0.0,20000000,0.40586018561528603,1.405860185615286,40.586018561528604,高値,中度,25305483.34107515,18000000.0,True,30,要人手査定
26108,13117,東京都北区田端新町,中古マンション等,30,2.0,6.0,43000000,0.40585424812337634,1.4058542481233764,40.585424812337635,高値,中度,43581481.69182467,31000000.0,True,30,要人手査定
19117,13112,東京都世田谷区下馬,中古マンション等,80,13.0,10.0,87000000,0.405780024175032,1.405780024175032,40.5780024175032,高値,中度,133549102.29662804,95000000.0,True,30,要人手査定
20440,13112,東京都世田谷区用賀,中古マンション等,70,29.0,3.0,97000000,0.40572281189991233,1.4057228118999123,40.57228118999123,高値,中度,107537795.11034329,76500000.0,True,30,要人手査定
37773,13213,東京都東村山市青葉町,中古マンション等,55,36.0,5.0,11000000,0.4056618840289146,0.5943381159710854,-40.56618840289146,安値,中度,10995255.14546508,18500000.0,True,30,要人手査定
35695,13206,東京都府中市南町,中古マンション等,50,19.0,5.0,23000000,0.40562275555996613,0.5943772444400338,-40.562275555996614,安値,中度,24666655.644261405,41500000.0,True,30,要人手査定
23811,13115,東京都杉並区久我山,中古マンション等,40,52.0,2.0,35000000,0.4056128902801916,1.4056128902801917,40.56128902801916,高値,中度,31626290.03130431,22500000.0,True,30,要人手査定
20424,13112,東京都世田谷区南烏山,中古マンション等,60,55.0,6.0,26000000,0.40561287771832083,0.5943871222816791,-40.561287771832085,安値,中度,27044614.063816402,45500000.0,True,30,要人手査定
26804,13118,東京都荒川区東日暮里,中古マンション等,65,7.0,6.0,100000000,0.40554890567754315,1.4055489056775432,40.55489056775431,高値,中度,98388423.39742802,70000000.0,True,30,要人手査定
384,13101,東京都千代田区岩本町,中古マンション等,30,17.0,4.0,41000000,0.4054599861398551,1.4054599861398551,40.54599861398551,高値,中度,49893829.50796486,35500000.0,True,30,要人手査定
30182,13121,東京都足立区栗原,中古マンション等,75,22.0,16.0,43000000,0.4054419715564963,1.4054419715564963,40.54419715564963,高値,中度,50595910.97603387,36000000.0,True,30,要人手査定
38246,13215,東京都国立市富士見台,中古マンション等,70,11.0,18.0,63000000,0.40537901700891255,1.4053790170089127,40.537901700891254,高値,中度,56215160.6803565,40000000.0,True,30,要人手査定
17758,13111,東京都大田区西蒲田,中古マンション等,55,26.0,8.0,68000000,0.4052946128924091,1.405294612892409,40.529461289240906,高値,中度,66048846.80594323,47000000.0,True,30,要人手査定
31418,13121,東京都足立区東和,中古マンション等,55,32.0,15.0,38000000,0.40527278729038685,1.405272787290387,40.527278729038684,高値,中度,33023910.50132409,23500000.0,True,30,要人手査定
39487,13229,東京都西東京市西原町,中古マンション等,75,46.0,5.0,12000000,0.4052003764664564,0.5947996235335437,-40.52003764664564,安値,中度,16059589.835405678,27000000.0,True,30,要人手査定
39488,13229,東京都西東京市西原町,中古マンション等,75,46.0,5.0,15000000,0.4052003764664564,0.5947996235335437,-40.52003764664564,安値,中度,16059589.835405678,27000000.0,True,30,要人手査定
33538,13201,東京都八王子市暁町,中古マンション等,85,35.0,26.0,23000000,0.4051007002818279,0.5948992997181721,-40.51007002818279,安値,中度,15467381.792672476,26000000.0,True,30,要人手査定
34374,13202,東京都立川市一番町,中古マンション等,60,31.0,14.0,16000000,0.4050464668288219,0.5949535331711782,-40.50464668288219,安値,中度,16361222.162207399,27500000.0,True,30,要人手査定
23124,13115,東京都杉並区松庵,中古マンション等,20,34.0,5.0,9800000,0.4049460016912976,0.5950539983087024,-40.494600169129754,安値,中度,9818390.97209359,16500000.0,True,30,要人手査定
13826,13109,東京都品川区東大井,中古マンション等,50,11.0,3.0,33000000,0.4049428530015798,0.5950571469984202,-40.494285300157976,安値,中度,59208186.12634281,99500000.0,True,30,要人手査定
12256,13108,東京都江東区大島,中古マンション等,60,14.0,5.0,57000000,0.4049082670407413,0.5950917329592587,-40.49082670407413,安値,中度,65460090.625518456,110000000.0,True,30,要人手査定
18446,13112,東京都世田谷区玉川,中古マンション等,75,24.0,7.0,88000000,0.40489955122916577,1.4048995512291658,40.48995512291658,高値,中度,114499313.42517701,81500000.0,True,30,要人手査定
1659,13102,東京都中央区築地,中古マンション等,25,44.0,3.0,27000000,0.40488443806416025,1.4048844380641603,40.48844380641602,高値,中度,25287919.885154884,18000000.0,True,30,要人手査定
18779,13112,東京都世田谷区奥沢,中古マンション等,55,47.0,5.0,63000000,0.4048745703081199,1.40487457030812,40.48745703081199,高値,中度,61112043.80840322,43500000.0,True,30,要人手査定
37919,13213,東京都東村山市萩山町,中古マンション等,20,36.0,3.0,7000000,0.4048398879272487,0.5951601120727513,-40.483988792724865,安値,中度,6546761.232800265,11000000.0,True,30,要人手査定
21982,13114,東京都中野区鷺宮,中古マンション等,50,3.0,8.0,47000000,0.4048263440526705,0.5951736559473295,-40.48263440526705,安値,中度,46423545.1638917,78000000.0,True,30,要人手査定
14291,13109,東京都品川区大井,中古マンション等,60,6.0,5.0,140000000,0.4048105845437592,1.4048105845437593,40.48105845437592,高値,中度,147505111.37709472,105000000.0,True,30,要人手査定
14052,13109,東京都品川区豊町,中古マンション等,15,45.0,2.0,7000000,0.4047167477164308,0.5952832522835692,-40.47167477164308,安値,中度,9226890.410395322,15500000.0,True,30,要人手査定
36471,13208,東京都調布市入間町,中古マンション等,75,38.0,5.0,34000000,0.4046766680642739,0.5953233319357261,-40.46766680642739,安値,中度,31552136.592593484,53000000.0,True,30,要人手査定
25159,13116,東京都豊島区東池袋,中古マンション等,70,4.0,0.0,190000000,0.4046619110148847,1.4046619110148848,40.46619110148847,高値,中度,189629357.98700944,135000000.0,True,30,要人手査定
7240,13105,東京都文京区本郷,中古マンション等,90,8.0,5.0,260000000,0.4046599548798348,1.4046599548798349,40.46599548798348,高値,中度,231768892.55517274,165000000.0,True,30,要人手査定
32991,13123,東京都江戸川区西葛西,中古マンション等,70,40.0,6.0,57000000,0.4045925937589763,1.4045925937589763,40.45925937589763,高値,中度,44946963.00028724,32000000.0,True,30,要人手査定
9590,13107,東京都墨田区両国,中古マンション等,70,43.0,4.0,68000000,0.4045233161588556,1.4045233161588555,40.45233161588556,高値,中度,61096764.25291022,43500000.0,True,30,要人手査定
10899,13108,東京都江東区豊洲,中古マンション等,75,11.0,11.0,140000000,0.40448144471353636,1.4044814447135363,40.448144471353636,高値,中度,134127977.97014272,95500000.0,True,30,要人手査定
15520,13110,東京都目黒区目黒,中古マンション等,240,40.0,17.0,330000000,0.40446458828708426,1.4044645882870843,40.44645882870842,高値,中度,238758980.00880432,170000000.0,True,30,要人手査定
17101,13111,東京都大田区池上,中古マンション等,60,28.0,9.0,54000000,0.4044377392875535,1.4044377392875536,40.44377392875535,高値,中度,66008573.74651501,47000000.0,True,30,要人手査定
25557,13117,東京都北区滝野川,中古マンション等,40,45.0,4.0,16000000,0.40440796407821145,0.5955920359217886,-40.440796407821146,安値,中度,19654537.185419023,33000000.0,True,30,要人手査定
12028,13108,東京都江東区南砂,中古マンション等,35,12.0,10.0,43000000,0.40440581691198,1.40440581691198,40.440581691198005,高値,中度,40727768.69044742,29000000.0,True,30,要人手査定
17165,13111,東京都大田区大森北,中古マンション等,35,14.0,7.0,48000000,0.4042114141458298,1.4042114141458297,40.421141414582976,高値,中度,46338976.66681238,33000000.0,True,30,要人手査定
36032,13207,東京都昭島市郷地町,中古マンション等,60,32.0,16.0,12000000,0.40420571287687485,0.5957942871231251,-40.42057128768749,安値,中度,13107474.316708753,22000000.0,True,30,要人手査定
27383,13119,東京都板橋区高島平,中古マンション等,40,50.0,7.0,11000000,0.40418314071157846,0.5958168592884215,-40.418314071157845,安値,中度,11916337.185768431,20000000.0,True,30,要人手査定
13533,13109,東京都品川区戸越,中古マンション等,35,68.0,7.0,16000000,0.40415482253721247,0.5958451774627875,-40.415482253721244,安値,中度,16087819.791495264,27000000.0,True,30,要人手査定
32312,13122,東京都葛飾区宝町,中古マンション等,40,46.0,1.0,13000000,0.4038344402337002,0.5961655597662998,-40.38344402337002,安値,中度,14307973.434391195,24000000.0,True,30,要人手査定
4946,13104,東京都新宿区市谷本村町,中古マンション等,85,19.0,5.0,220000000,0.40381273491469727,1.4038127349146974,40.38127349146973,高値,中度,196533782.88805762,140000000.0,True,30,要人手査定
20576,13113,東京都渋谷区広尾,中古マンション等,230,22.0,8.0,1000000000,0.4038094251649408,1.4038094251649407,40.38094251649408,高値,中度,835266607.9731398,595000000.0,True,30,要人手査定
24029,13115,東京都杉並区方南,中古マンション等,45,55.0,9.0,47000000,0.4037418625799854,1.4037418625799853,40.37418625799854,高値,中度,40708514.01481958,29000000.0,True,30,要人手査定
11390,13108,東京都江東区越中島,中古マンション等,50,40.0,10.0,48000000,0.40361304488564215,1.403613044885642,40.361304488564215,高値,中度,46319230.48122619,33000000.0,True,30,要人手査定
23594,13115,東京都杉並区高井戸東,中古マンション等,85,16.0,3.0,160000000,0.40354250269534375,1.4035425026953436,40.354250269534376,高値,中度,129125910.24797162,92000000.0,True,30,要人手査定
38182,13215,東京都国立市青柳,中古マンション等,60,30.0,12.0,20000000,0.40351776509688164,0.5964822349031184,-40.351776509688165,安値,中度,20876878.22160914,35000000.0,True,30,要人手査定
37209,13210,東京都小金井市貫井南町,中古マンション等,85,36.0,5.0,34000000,0.4035098234147827,0.5964901765852173,-40.35098234147827,安値,中度,33999940.06535739,57000000.0,True,30,要人手査定
21739,13113,東京都渋谷区代々木,中古マンション等,65,48.0,2.0,87000000,0.4034909236119523,1.4034909236119524,40.34909236119523,高値,中度,87718182.72574702,62500000.0,True,30,要人手査定
28272,13119,東京都板橋区高島平,中古マンション等,75,23.0,7.0,19000000,0.40342268470216275,0.5965773152978373,-40.342268470216275,安値,中度,36391216.23316807,61000000.0,False,30,要人手査定
31325,13121,東京都足立区千住河原町,中古マンション等,55,39.0,3.0,48000000,0.4033835596123276,1.4033835596123276,40.33835596123276,高値,中度,45609965.68740065,32500000.0,True,30,要人手査定
1717,13102,東京都中央区日本橋小網町,中古マンション等,25,48.0,15.0,19000000,0.4033302889121097,0.5966697110878904,-40.33302889121097,安値,中度,16706751.910460928,28000000.0,True,30,要人手査定
217,13101,東京都千代田区内神田,中古マンション等,40,4.0,6.0,110000000,0.40321658660026516,1.403216586600265,40.321658660026515,高値,中度,101031594.23521909,72000000.0,True,30,要人手査定
28295,13119,東京都板橋区高島平,中古マンション等,55,54.0,5.0,6400000,0.40315836518709186,0.5968416348129081,-40.31583651870918,安値,中度,14622620.05291625,24500000.0,True,30,要人手査定
31031,13121,東京都足立区西保木間,中古マンション等,60,31.0,11.0,22000000,0.40312536412105493,0.5968746358789451,-40.312536412105494,安値,中度,19696862.984005187,33000000.0,True,30,要人手査定
16010,13111,東京都大田区池上,中古マンション等,15,41.0,6.0,6100000,0.40310083374341454,0.5968991662565855,-40.31008337434145,安値,中度,7162789.995079026,12000000.0,True,30,要人手査定
28048,13119,東京都板橋区板橋,中古マンション等,50,41.0,1.0,51000000,0.40298865547440155,1.4029886554744015,40.29886554744016,高値,中度,43492648.31970645,31000000.0,True,30,要人手査定
9766,13107,東京都墨田区墨田,中古マンション等,75,19.0,7.0,32000000,0.4029216593045068,0.5970783406954933,-40.29216593045068,安値,中度,45975032.23355298,77000000.0,True,30,要人手査定
16069,13111,東京都大田区石川町,中古マンション等,80,49.0,11.0,66000000,0.4027140684621653,1.4027140684621653,40.27140684621653,高値,中度,59615347.909642026,42500000.0,True,30,要人手査定
35948,13206,東京都府中市若松町,中古マンション等,70,35.0,7.0,46000000,0.4027055996242379,1.402705599624238,40.27055996242379,高値,中度,51900107.1860968,37000000.0,True,30,要人手査定
4144,13103,東京都港区港南,中古マンション等,95,20.0,11.0,220000000,0.4026436863604497,1.4026436863604497,40.26436863604497,高値,中度,189356897.6586607,135000000.0,True,30,要人手査定
12360,13108,東京都江東区亀戸,中古マンション等,15,34.0,11.0,16000000,0.40252286622649913,0.5974771337735009,-40.25228662264991,安値,中度,11352065.541696517,19000000.0,True,30,要人手査定
3551,13103,東京都港区白金台,中古マンション等,70,45.0,3.0,150000000,0.4024936991796853,1.4024936991796852,40.24936991796853,高値,中度,112199495.93437482,80000000.0,True,30,要人手査定
18265,13112,東京都世田谷区深沢,中古マンション等,90,22.0,18.0,180000000,0.4024279564762702,1.4024279564762703,40.24279564762702,高値,中度,109389380.60514908,78000000.0,True,30,要人手査定
24694,13116,東京都豊島区東池袋,中古マンション等,80,23.0,12.0,150000000,0.4023097824017535,1.4023097824017534,40.230978240175354,高値,中度,129012499.98096132,92000000.0,True,30,要人手査定
21310,13113,東京都渋谷区笹塚,中古マンション等,20,43.0,7.0,5500000,0.4022566366713783,0.5977433633286217,-40.22566366713783,安値,中度,11058252.221579501,18500000.0,True,30,要人手査定
22201,13114,東京都中野区本町,中古マンション等,25,42.0,7.0,18000000,0.4022162070398944,1.4022162070398945,40.221620703989444,高値,中度,18228810.691518627,13000000.0,True,30,要人手査定
26386,13118,東京都荒川区東日暮里,中古マンション等,75,6.0,8.0,110000000,0.4021765879542782,1.4021765879542782,40.217658795427816,高値,中度,105163244.09657086,75000000.0,True,30,要人手査定
7262,13105,東京都文京区湯島,中古マンション等,75,2.0,6.0,200000000,0.40215796812952376,1.4021579681295238,40.21579681295238,高値,中度,196302115.53813332,140000000.0,True,30,要人手査定
7958,13106,東京都台東区台東,中古マンション等,60,23.0,10.0,85000000,0.4020041132255315,1.4020041132255314,40.20041132255315,高値,中度,88326259.13320848,63000000.0,True,30,要人手査定
6286,13104,東京都新宿区西新宿,中古マンション等,20,20.0,7.0,40000000,0.40194835341402224,1.4019483534140222,40.194835341402225,高値,中度,39254553.89559262,28000000.0,True,30,要人手査定
6287,13104,東京都新宿区西新宿,中古マンション等,20,20.0,7.0,44000000,0.40194835341402224,1.4019483534140222,40.194835341402225,高値,中度,39254553.89559262,28000000.0,True,30,要人手査定
38583,13221,東京都清瀬市元町,中古マンション等,55,46.0,2.0,14000000,0.40191932447148687,0.5980806755285131,-40.19193244714869,安値,中度,14952016.888212828,25000000.0,True,30,要人手査定
29997,13120,東京都練馬区貫井,中古マンション等,25,1.0,5.0,40000000,0.40180237255227513,1.4018023725522752,40.18023725522751,高値,中度,41353169.99029212,29500000.0,True,30,要人手査定
26113,13117,東京都北区豊島,中古マンション等,35,38.0,20.0,17000000,0.4017631022687601,0.5982368977312399,-40.17631022687601,安値,中度,16451514.687609097,27500000.0,True,30,要人手査定
4443,13103,東京都港区三田,中古マンション等,95,2.0,7.0,390000000,0.40174467192143054,1.4017446719214306,40.174467192143055,高値,中度,623776379.0050366,445000000.0,True,30,要人手査定
14511,13109,東京都品川区西五反田,中古マンション等,80,22.0,7.0,160000000,0.4014920267193683,1.4014920267193682,40.14920267193683,高値,中度,161171583.07272735,115000000.0,True,30,要人手査定
21476,13113,東京都渋谷区渋谷,中古マンション等,50,46.0,5.0,65000000,0.401487826723022,1.401487826723022,40.148782672302204,高値,中度,70775135.24951261,50500000.0,True,30,要人手査定
6367,13104,東京都新宿区西早稲田,中古マンション等,75,45.0,10.0,68000000,0.4014510664461295,1.4014510664461295,40.14510664461295,高値,中度,83386338.4535447,59500000.0,True,30,要人手査定
37203,13210,東京都小金井市中町,中古マンション等,40,28.0,4.0,38000000,0.4014496545315442,0.5985503454684558,-40.14496545315442,安値,中度,29328966.927954335,49000000.0,True,30,要人手査定
38259,13215,東京都国立市中,中古マンション等,90,24.0,19.0,67000000,0.40144619543614,1.40144619543614,40.144619543614,高値,中度,63765801.89234437,45500000.0,True,30,要人手査定
30652,13121,東京都足立区舎人,中古マンション等,60,20.0,6.0,22000000,0.40142764794838837,0.5985723520516116,-40.14276479483884,安値,中度,24541466.434116077,41000000.0,True,30,要人手査定
7021,13105,東京都文京区西片,中古マンション等,20,44.0,5.0,9800000,0.40142341233607326,0.5985765876639267,-40.142341233607326,安値,中度,12270820.047110498,20500000.0,True,30,要人手査定
26028,13117,東京都北区昭和町,中古マンション等,15,39.0,2.0,9100000,0.4013923688765654,0.5986076311234346,-40.13923688765654,安値,中度,9577722.097974954,16000000.0,True,30,要人手査定
39276,13225,東京都稲城市若葉台,中古マンション等,95,25.0,8.0,51000000,0.4013517870544468,1.4013517870544467,40.13517870544468,高値,中度,49747988.44043286,35500000.0,True,30,要人手査定
25444,13117,東京都北区中里,中古マンション等,70,26.0,2.0,83000000,0.40131799688881814,1.401317996888818,40.13179968888181,高値,中度,81276443.81955145,58000000.0,True,30,要人手査定
13035,13109,東京都品川区大井,中古マンション等,75,30.0,9.0,69000000,0.40130845711707597,0.598691542882924,-40.13084571170759,安値,中度,65856069.717121646,110000000.0,True,30,要人手査定
37148,13210,東京都小金井市本町,中古マンション等,40,57.0,5.0,11000000,0.4013083233517387,0.5986916766482613,-40.13083233517387,安値,中度,8980375.14972392,15000000.0,True,30,要人手査定
17166,13111,東京都大田区大森北,中古マンション等,25,47.0,4.0,18000000,0.40116172088941643,1.4011617208894165,40.116172088941646,高値,中度,21718006.673785955,15500000.0,True,30,要人手査定
6901,13105,東京都文京区大塚,中古マンション等,20,42.0,5.0,12000000,0.4011584685983099,0.59884153140169,-40.11584685983099,安値,中度,11976830.628033802,20000000.0,True,30,要人手査定
22091,13114,東京都中野区上高田,中古マンション等,55,55.0,9.0,22000000,0.4011512570121619,0.5988487429878381,-40.11512570121619,安値,中度,21857979.11905609,36500000.0,True,30,要人手査定
8430,13106,東京都台東区柳橋,中古マンション等,65,6.0,2.0,110000000,0.40112919022915183,1.4011291902291518,40.112919022915186,高値,中度,109988641.43298842,78500000.0,True,30,要人手査定
14286,13109,東京都品川区大井,中古マンション等,70,7.0,5.0,180000000,0.4011116392506992,1.4011116392506993,40.11116392506992,高値,中度,168133396.7100839,120000000.0,True,30,要人手査定
38262,13215,東京都国立市中,中古マンション等,55,38.0,9.0,40000000,0.40104277412643063,1.4010427741264306,40.104277412643064,高値,中度,39929719.06260327,28500000.0,True,30,要人手査定
37329,13211,東京都小平市天神町,中古マンション等,60,48.0,19.0,5000000,0.40103630044988947,0.5989636995501105,-40.10363004498895,安値,中度,13177201.390102431,22000000.0,True,30,要人手査定
3055,13103,東京都港区高輪,中古マンション等,85,48.0,11.0,120000000,0.40102389889996737,1.4010238988999673,40.102389889996736,高値,中度,131696246.49659693,94000000.0,True,30,要人手査定
13667,13109,東京都品川区西五反田,中古マンション等,65,3.0,9.0,210000000,0.4009912270342588,1.4009912270342588,40.099122703425884,高値,中度,189133815.64962494,135000000.0,True,30,要人手査定
4861,13104,東京都新宿区西新宿,中古マンション等,95,43.0,2.0,120000000,0.400977279687093,1.400977279687093,40.0977279687093,高値,中度,130290887.01089965,93000000.0,True,30,要人手査定
15686,13110,東京都目黒区下目黒,中古マンション等,35,48.0,3.0,58000000,0.40095449487977414,1.400954494879774,40.09544948797741,高値,中度,49033407.320792094,35000000.0,True,30,要人手査定
2515,13103,東京都港区麻布台,中古マンション等,50,12.0,7.0,150000000,0.40087407884005927,1.4008740788400593,40.08740788400593,高値,中度,168104889.4608071,120000000.0,True,30,要人手査定
10355,13108,東京都江東区平野,中古マンション等,70,33.0,11.0,70000000,0.40085393503918354,1.4008539350391835,40.085393503918354,高値,中度,72844404.62203754,52000000.0,True,30,要人手査定
31967,13122,東京都葛飾区西新小岩,中古マンション等,55,36.0,10.0,38000000,0.4007296062629383,1.4007296062629382,40.07296062629383,高値,中度,37819699.369099334,27000000.0,True,30,要人手査定
25285,13117,東京都北区西ケ原,中古マンション等,50,67.0,9.0,20000000,0.40070438430477945,0.5992956156952206,-40.07043843047794,安値,中度,19477107.51009467,32500000.0,True,30,要人手査定
34854,13203,東京都武蔵野市境南町,中古マンション等,65,36.0,3.0,38000000,0.4007021043942467,0.5992978956057533,-40.07021043942467,安値,中度,38355065.31876821,64000000.0,True,30,要人手査定
11626,13108,東京都江東区白河,中古マンション等,105,42.0,9.0,75000000,0.40068643859570346,1.4006864385957034,40.068643859570344,高値,中度,98048050.70169924,70000000.0,True,30,要人手査定
18655,13112,東京都世田谷区玉川,中古マンション等,70,16.0,8.0,130000000,0.4006469252789086,1.4006469252789087,40.06469252789086,高値,中度,140064692.52789086,100000000.0,True,30,要人手査定
6285,13104,東京都新宿区西新宿,中古マンション等,20,20.0,7.0,43000000,0.40053178997090355,1.4005317899709036,40.053178997090356,高値,中度,39214890.1191853,28000000.0,True,30,要人手査定
13201,13109,東京都品川区大井,中古マンション等,55,7.0,5.0,150000000,0.4004958475061862,1.4004958475061862,40.04958475061862,高値,中度,147052063.98814955,105000000.0,True,30,要人手査定
35298,13205,東京都青梅市大柳町,中古マンション等,50,38.0,14.0,4000000,0.4004914061597805,0.5995085938402195,-40.049140615978054,安値,中度,4736117.891337734,7900000.0,True,30,要人手査定
11006,13108,東京都江東区大島,中古マンション等,35,35.0,2.0,27000000,0.40045209257759606,0.5995479074224039,-40.04520925775961,安値,中度,20684402.806072935,34500000.0,True,30,要人手査定
4486,13103,東京都港区南青山,中古マンション等,70,12.0,6.0,300000000,0.4004196709893334,1.4004196709893333,40.04196709893334,高値,中度,280083934.1978667,200000000.0,True,30,要人手査定
10947,13108,東京都江東区豊洲,中古マンション等,85,5.0,4.0,200000000,0.40040514838922237,1.4004051483892224,40.040514838922235,高値,中度,217062798.00032946,155000000.0,True,30,要人手査定
13827,13109,東京都品川区東大井,中古マンション等,55,11.0,4.0,38000000,0.4002203506967298,0.5997796493032702,-40.02203506967298,安値,中度,65975761.42335972,110000000.0,False,30,要人手査定
29699,13120,東京都練馬区石神井町,中古マンション等,100,24.0,2.0,120000000,0.40019028454444244,1.4001902845444425,40.019028454444246,高値,中度,105714366.4831054,75500000.0,True,30,要人手査定
24263,13116,東京都豊島区南池袋,中古マンション等,65,27.0,2.0,83000000,0.40015587151431564,1.4001558715143156,40.01558715143156,高値,中度,105711768.29933083,75500000.0,True,30,要人手査定
23745,13115,東京都杉並区荻窪,中古マンション等,35,31.0,7.0,39000000,0.400122715820578,1.400122715820578,40.0122715820578,高値,中度,42003681.47461734,30000000.0,True,30,要人手査定
23181,13115,東京都杉並区松庵,中古マンション等,80,4.0,10.0,120000000,0.40000678832016356,1.4000067883201635,40.000678832016355,高値,中度,121800590.58385423,87000000.0,True,30,要人手査定
34944,13203,東京都武蔵野市西久保,中古マンション等,20,36.0,12.0,10000000,0.3998768462206786,0.6001231537793213,-39.98768462206786,安値,中度,11402339.921807107,19000000.0,True,30,要人手査定
22774,13114,東京都中野区弥生町,中古マンション等,30,19.0,8.0,35000000,0.39987462163285353,1.3998746216328535,39.98746216328535,高値,中度,33596990.919188485,24000000.0,True,30,要人手査定
15017,13110,東京都目黒区上目黒,中古マンション等,55,61.0,2.0,70000000,0.3998656588323753,1.3998656588323752,39.98656588323753,高値,中度,59494290.50037595,42500000.0,True,30,要人手査定
9799,13107,東京都墨田区立花,中古マンション等,60,20.0,2.0,34000000,0.39984442556194366,0.6001555744380563,-39.98444255619437,安値,中度,38409956.764035605,64000000.0,True,30,要人手査定
34368,13202,東京都立川市一番町,中古マンション等,80,27.0,12.0,12000000,0.3998345364383594,0.6001654635616406,-39.983453643835944,安値,中度,18004963.906849217,30000000.0,True,30,要人手査定
10358,13108,東京都江東区平野,中古マンション等,40,21.0,7.0,42000000,0.39982239800113506,0.6001776019988649,-39.982239800113504,安値,中度,42012432.13992055,70000000.0,True,30,要人手査定
6120,13104,東京都新宿区新宿,中古マンション等,25,28.0,3.0,36000000,0.39977260687054816,1.3997726068705483,39.977260687054816,高値,中度,33594542.56489316,24000000.0,True,30,要人手査定
28804,13120,東京都練馬区立野町,中古マンション等,75,27.0,18.0,54000000,0.3997510484816613,1.3997510484816613,39.97510484816613,高値,中度,58089668.511988945,41500000.0,True,30,要人手査定
17753,13111,東京都大田区西蒲田,中古マンション等,35,49.0,3.0,36000000,0.3997428449183063,1.3997428449183063,39.97428449183063,高値,中度,28694728.32082528,20500000.0,True,30,要人手査定
14939,13110,東京都目黒区平町,中古マンション等,35,58.0,8.0,15000000,0.39960765860345593,0.6003923413965441,-39.960765860345596,安値,中度,15910397.047008418,26500000.0,True,30,要人手査定
21620,13113,東京都渋谷区初台,中古マンション等,40,9.0,8.0,61000000,0.3994076580481781,0.6005923419518219,-39.940765804817815,安値,中度,49849164.382001214,83000000.0,True,30,要人手査定
21847,13114,東京都中野区中央,中古マンション等,70,12.0,10.0,120000000,0.3992841424974615,1.3992841424974616,39.928414249746154,高値,中度,118939152.11228423,85000000.0,True,30,要人手査定
3651,13103,東京都港区芝浦,中古マンション等,35,46.0,10.0,31000000,0.3991704877050794,0.6008295122949205,-39.91704877050794,安値,中度,26436498.540976506,44000000.0,True,30,要人手査定
11192,13108,東京都江東区扇橋,中古マンション等,70,41.0,9.0,45000000,0.39916573735545857,1.3991657373554587,39.91657373554586,高値,中度,58764960.96892926,42000000.0,True,30,要人手査定
18653,13112,東京都世田谷区玉川,中古マンション等,70,18.0,3.0,100000000,0.3991022144722714,1.3991022144722713,39.91022144722714,高値,中度,135712914.80381033,97000000.0,True,30,要人手査定
27392,13119,東京都板橋区高島平,中古マンション等,55,54.0,5.0,16000000,0.3990032937864004,0.6009967062135996,-39.900329378640045,安値,中度,14724419.30223319,24500000.0,True,30,要人手査定
38272,13215,東京都国立市東,中古マンション等,65,25.0,2.0,67000000,0.39899779768939597,1.398997797689396,39.899779768939595,高値,中度,70649388.7833145,50500000.0,True,30,要人手査定
10461,13108,東京都江東区森下,中古マンション等,75,45.0,6.0,65000000,0.3987693032549466,1.3987693032549466,39.876930325494655,高値,中度,65042772.601355016,46500000.0,True,30,要人手査定
36596,13208,東京都調布市下石原,中古マンション等,70,21.0,13.0,60000000,0.3986844830686785,1.3986844830686784,39.86844830686785,高値,中度,65038828.46269355,46500000.0,True,30,要人手査定
19800,13112,東京都世田谷区弦巻,中古マンション等,85,10.0,10.0,140000000,0.39863225492277987,1.3986322549227799,39.86322549227799,高値,中度,134268696.47258687,96000000.0,True,30,要人手査定
125,13101,東京都千代田区麹町,中古マンション等,125,15.0,3.0,450000000,0.3986252561773597,1.3986252561773598,39.86252561773597,高値,中度,482525713.3811891,345000000.0,True,30,要人手査定
18316,13112,東京都世田谷区千歳台,中古マンション等,50,53.0,9.0,30000000,0.39859806018727856,0.6014019398127215,-39.85980601872786,安値,中度,23454675.652696136,39000000.0,True,30,要人手査定
18946,13112,東京都世田谷区上馬,中古マンション等,60,43.0,8.0,62000000,0.39848921687416294,1.398489216874163,39.84892168741629,高値,中度,62232770.15090025,44500000.0,True,30,要人手査定
32201,13122,東京都葛飾区お花茶屋,中古マンション等,20,38.0,3.0,33000000,0.3984521067702895,1.3984521067702895,39.84521067702895,高値,中度,12096610.723563004,8650000.0,True,30,要人手査定
15493,13110,東京都目黒区八雲,中古マンション等,60,61.0,10.0,19000000,0.39844527401581,0.60155472598419,-39.844527401581,安値,中度,33987842.018106736,56500000.0,True,30,要人手査定
16710,13111,東京都大田区東雪谷,中古マンション等,120,45.0,9.0,70000000,0.3983997559237811,1.398399755923781,39.83997559237811,高値,中度,90196784.25708388,64500000.0,True,30,要人手査定
9776,13107,東京都墨田区墨田,中古マンション等,60,30.0,2.0,34000000,0.398371652773572,0.601628347226428,-39.8371652773572,安値,中度,33992001.61829318,56500000.0,True,30,要人手査定
33189,13123,東京都江戸川区北小岩,中古マンション等,20,38.0,1.0,6500000,0.39820185521047574,0.6017981447895242,-39.82018552104758,安値,中度,9026972.171842864,15000000.0,True,30,要人手査定
12173,13108,東京都江東区枝川,中古マンション等,50,47.0,14.0,42000000,0.39809585216401494,1.398095852164015,39.809585216401494,高値,中度,41942875.56492045,30000000.0,True,30,要人手査定
26366,13118,東京都荒川区荒川,中古マンション等,65,45.0,11.0,24000000,0.3980611016532965,0.6019388983467036,-39.80611016532965,安値,中度,22271739.23882803,37000000.0,True,30,要人手査定
29355,13120,東京都練馬区豊玉北,中古マンション等,70,20.0,5.0,69000000,0.3980141132055716,1.3980141132055717,39.801411320557165,高値,中度,81084818.56592315,58000000.0,True,30,要人手査定
30325,13121,東京都足立区千住河原町,中古マンション等,45,50.0,7.0,25000000,0.39801061734126914,1.3980106173412692,39.80106173412691,高値,中度,24465185.80347221,17500000.0,True,30,要人手査定
20513,13113,東京都渋谷区広尾,中古マンション等,60,41.0,5.0,180000000,0.39794430755818355,1.3979443075581834,39.794430755818354,高値,中度,98555073.68285194,70500000.0,True,30,要人手査定
9794,13107,東京都墨田区立花,中古マンション等,50,52.0,6.0,20000000,0.39774443873713716,0.6022555612628628,-39.774443873713714,安値,中度,20777816.863568768,34500000.0,True,30,要人手査定
37256,13210,東京都小金井市本町,中古マンション等,45,52.0,8.0,24000000,0.3976848282440992,1.3976848282440992,39.768482824409915,高値,中度,25158326.908393785,18000000.0,True,30,要人手査定
32652,13123,東京都江戸川区北小岩,中古マンション等,55,53.0,5.0,24000000,0.39759436208533916,0.6024056379146608,-39.75943620853391,安値,中度,18072169.137439825,30000000.0,True,30,要人手査定
10642,13108,東京都江東区亀戸,中古マンション等,55,6.0,7.0,45000000,0.3975204308570033,0.6024795691429967,-39.75204308570033,安値,中度,60247956.914299674,100000000.0,True,30,要人手査定
13260,13109,東京都品川区北品川,中古マンション等,70,45.0,7.0,82000000,0.39748101122022456,1.3974810112202245,39.748101122022454,高値,中度,82451379.66199325,59000000.0,True,30,要人手査定
5221,13104,東京都新宿区西落合,中古マンション等,20,32.0,1.0,13000000,0.3973818855920469,0.6026181144079531,-39.73818855920469,安値,中度,13860216.631382922,23000000.0,True,30,要人手査定
14133,13109,東京都品川区南大井,中古マンション等,50,20.0,5.0,33000000,0.39736362699837546,0.6026363730016245,-39.73636269983755,安値,中度,49114864.3996324,81500000.0,True,30,要人手査定
27445,13119,東京都板橋区大谷口北町,中古マンション等,80,41.0,15.0,53000000,0.3973600587682921,1.3973600587682922,39.73600587682921,高値,中度,47510241.99812193,34000000.0,True,30,要人手査定
18382,13112,東京都世田谷区給田,中古マンション等,60,53.0,16.0,16000000,0.39735793593044316,0.6026420640695569,-39.73579359304431,安値,中度,21996435.338538826,36500000.0,True,30,要人手査定
39511,13229,東京都西東京市西原町,中古マンション等,75,44.0,5.0,14000000,0.39734826897552206,0.602651731024478,-39.7348268975522,安値,中度,17175574.33419762,28500000.0,True,30,要人手査定
22281,13114,東京都中野区弥生町,中古マンション等,155,38.0,6.0,85000000,0.3973474906764495,1.3973474906764496,39.73474906764495,高値,中度,120171884.19817466,86000000.0,True,30,要人手査定
25215,13116,東京都豊島区南長崎,中古マンション等,70,59.0,5.0,23000000,0.3973352871274066,0.6026647128725934,-39.733528712740664,安値,中度,28023909.148575593,46500000.0,True,30,要人手査定
15656,13110,東京都目黒区上目黒,中古マンション等,50,56.0,9.0,27000000,0.39723978991273373,0.6027602100872663,-39.72397899127337,安値,中度,29535250.294276047,49000000.0,True,30,要人手査定
9953,13107,東京都墨田区本所,中古マンション等,25,2.0,8.0,42000000,0.3971511922966565,1.3971511922966564,39.71511922966565,高値,中度,41215960.17275137,29500000.0,True,30,要人手査定
39337,13227,東京都羽村市緑ヶ丘,中古マンション等,65,30.0,13.0,15000000,0.39704668044293134,1.3970466804429313,39.704668044293136,高値,中度,17463083.505536642,12500000.0,True,30,要人手査定
35371,13205,東京都青梅市住江町,中古マンション等,65,36.0,4.0,12000000,0.3969689882496444,1.3969689882496443,39.696898824964435,高値,中度,13061660.040134175,9350000.0,True,30,要人手査定
23670,13115,東京都杉並区阿佐谷南,中古マンション等,85,23.0,2.0,97000000,0.3967989425664851,1.396798942566485,39.67989425664851,高値,中度,117331111.17558475,84000000.0,True,30,要人手査定
19803,13112,東京都世田谷区弦巻,中古マンション等,75,26.0,15.0,98000000,0.39672146528188046,1.3967214652818805,39.672146528188044,高値,中度,108245913.55934574,77500000.0,True,30,要人手査定
39048,13224,東京都多摩市永山,中古マンション等,70,49.0,6.0,23000000,0.39667113194630266,1.3966711319463028,39.66711319463027,高値,中度,18855060.281275086,13500000.0,True,30,要人手査定
36430,13208,東京都調布市多摩川,中古マンション等,65,30.0,3.0,26000000,0.3966295690812795,0.6033704309187204,-39.66295690812795,安値,中度,34693799.77782643,57500000.0,True,30,要人手査定
27849,13119,東京都板橋区坂下,中古マンション等,35,46.0,6.0,9800000,0.39659712369421696,0.603402876305783,-39.6597123694217,安値,中度,11766356.087962769,19500000.0,True,30,要人手査定
5235,13104,東京都新宿区四谷,中古マンション等,70,2.0,4.0,240000000,0.39657101198263955,1.3965710119826396,39.65710119826396,高値,中度,237417072.03704873,170000000.0,True,30,要人手査定
5238,13104,東京都新宿区四谷,中古マンション等,70,2.0,4.0,220000000,0.39657101198263955,1.3965710119826396,39.65710119826396,高値,中度,237417072.03704873,170000000.0,True,30,要人手査定
26808,13118,東京都荒川区東日暮里,中古マンション等,70,6.0,8.0,110000000,0.3965369926488147,1.3965369926488147,39.65369926488147,高値,中度,105438542.94498551,75500000.0,True,30,要人手査定
8,13101,東京都千代田区平河町,中古マンション等,50,44.0,3.0,60000000,0.3964576159660315,1.3964576159660316,39.64576159660315,高値,中度,60047677.48653936,43000000.0,True,30,要人手査定
10103,13107,東京都墨田区八広,中古マンション等,40,47.0,12.0,15000000,0.3963877098722425,0.6036122901277575,-39.63877098722425,安値,中度,16901144.12357721,28000000.0,True,30,要人手査定
13044,13109,東京都品川区大井,中古マンション等,80,19.0,6.0,110000000,0.39636251213670093,0.6036374878632991,-39.63625121367009,安値,中度,96581998.05812785,160000000.0,True,30,要人手査定
30257,13121,東京都足立区綾瀬,中古マンション等,70,13.0,4.0,67000000,0.3963049902548215,1.3963049902548215,39.63049902548215,高値,中度,67720792.02735884,48500000.0,True,30,要人手査定
20096,13112,東京都世田谷区桜新町,中古マンション等,30,21.0,5.0,45000000,0.3962944357001933,1.3962944357001934,39.629443570019326,高値,中度,38398096.981755316,27500000.0,True,30,要人手査定
16011,13111,東京都大田区池上,中古マンション等,15,43.0,9.0,7500000,0.3962574797656571,0.6037425202343429,-39.62574797656571,安値,中度,7244910.242812115,12000000.0,True,30,要人手査定
358,13101,東京都千代田区飯田橋,中古マンション等,40,41.0,3.0,45000000,0.39621079395103515,1.396210793951035,39.621079395103514,高値,中度,54452220.96409037,39000000.0,True,30,要人手査定
30642,13121,東京都足立区千住龍田町,中古マンション等,75,23.0,13.0,53000000,0.39618374234203524,1.3961837423420351,39.61837423420352,高値,中度,53054982.20899734,38000000.0,True,30,要人手査定
26125,13117,東京都北区豊島,中古マンション等,55,46.0,21.0,20000000,0.39616081367751416,0.6038391863224859,-39.61608136775141,安値,中度,21134371.521287005,35000000.0,True,30,要人手査定
175,13101,東京都千代田区神田神保町,中古マンション等,35,26.0,1.0,30000000,0.39613857254259566,1.3961385725425957,39.613857254259564,高値,中度,48864850.03899085,35000000.0,True,30,要人手査定
37911,13213,東京都東村山市栄町,中古マンション等,25,38.0,3.0,6300000,0.3959137992017834,0.6040862007982166,-39.59137992017834,安値,中度,6644948.208780383,11000000.0,True,30,要人手査定
15380,13110,東京都目黒区中目黒,中古マンション等,60,58.0,7.0,80000000,0.39582666547476636,1.3958266654747664,39.582666547476634,高値,中度,71885073.27195047,51500000.0,True,30,要人手査定
18863,13112,東京都世田谷区太子堂,中古マンション等,55,36.0,9.0,68000000,0.3956787734822557,1.3956787734822558,39.56787734822557,高値,中度,62107705.41996038,44500000.0,True,30,要人手査定
5212,13104,東京都新宿区中落合,中古マンション等,15,38.0,5.0,11000000,0.3956515163297054,0.6043484836702946,-39.56515163297054,安値,中度,10273924.222395008,17000000.0,True,30,要人手査定
20462,13113,東京都渋谷区神宮前,中古マンション等,55,17.0,6.0,71000000,0.39565113578818334,0.6043488642118167,-39.565113578818334,安値,中度,75543608.02647708,125000000.0,True,30,要人手査定
2698,13103,東京都港区海岸,中古マンション等,55,26.0,4.0,80000000,0.39550662889048843,0.6044933711095116,-39.550662889048844,安値,中度,72539204.53314139,120000000.0,True,30,要人手査定
34076,13201,東京都八王子市椚田町,中古マンション等,50,39.0,4.0,9500000,0.39531179057567367,0.6046882094243263,-39.531179057567364,安値,中度,10279699.560213547,17000000.0,True,30,要人手査定
29277,13120,東京都練馬区豊玉北,中古マンション等,85,25.0,4.0,110000000,0.3950991027611655,1.3950991027611654,39.50991027611655,高値,中度,89286342.57671459,64000000.0,True,30,要人手査定
30133,13121,東京都足立区綾瀬,中古マンション等,80,39.0,6.0,38000000,0.3950425089538156,1.3950425089538157,39.50425089538156,高値,中度,39061190.25070684,28000000.0,True,30,要人手査定
11571,13108,東京都江東区塩浜,中古マンション等,80,16.0,7.0,75000000,0.39495518709071115,0.6050448129092889,-39.49551870907111,安値,中度,81681049.742754,135000000.0,True,30,要人手査定
3008,13103,東京都港区六本木,中古マンション等,75,26.0,2.0,280000000,0.39490081755709244,1.3949008175570925,39.49008175570924,高値,中度,237133138.98470572,170000000.0,True,30,要人手査定
38059,13214,東京都国分寺市南町,中古マンション等,20,21.0,4.0,17000000,0.394861816791646,0.605138183208354,-39.4861816791646,安値,中度,16641300.038229736,27500000.0,True,30,要人手査定
33616,13201,東京都八王子市別所,中古マンション等,115,17.0,14.0,52000000,0.3948165863506136,1.3948165863506137,39.481658635061365,高値,中度,53700438.57449862,38500000.0,True,30,要人手査定
38212,13215,東京都国立市富士見台,中古マンション等,60,2.0,5.0,52000000,0.39474211980854945,1.3947421198085495,39.474211980854946,高値,中度,59973911.15176763,43000000.0,True,30,要人手査定
30196,13121,東京都足立区千住元町,中古マンション等,80,12.0,20.0,50000000,0.3944514098296306,1.3944514098296306,39.44514098296306,高値,中度,51594702.163696334,37000000.0,True,30,要人手査定
33268,13123,東京都江戸川区西葛西,中古マンション等,65,43.0,4.0,50000000,0.3943918536955759,1.394391853695576,39.43918536955759,高値,中度,48803714.879345156,35000000.0,True,30,要人手査定
13292,13109,東京都品川区西五反田,中古マンション等,60,2.0,5.0,180000000,0.39437418375317373,1.3943741837531738,39.43741837531737,高値,中度,153381160.2128491,110000000.0,True,30,要人手査定
5314,13104,東京都新宿区矢来町,中古マンション等,40,15.0,3.0,77000000,0.39431890953399024,1.3943189095339903,39.43189095339903,高値,中度,76687540.02436946,55000000.0,True,30,要人手査定
34513,13202,東京都立川市西砂町,中古マンション等,75,29.0,16.0,14000000,0.3943089176810413,0.6056910823189587,-39.43089176810413,安値,中度,16656504.763771364,27500000.0,True,30,要人手査定
34992,13204,東京都三鷹市下連雀,中古マンション等,40,23.0,15.0,30000000,0.3942550679644863,0.6057449320355137,-39.42550679644863,安値,中度,27864266.87363363,46000000.0,True,30,要人手査定
18282,13112,東京都世田谷区南烏山,中古マンション等,45,42.0,6.0,25000000,0.3942149706924729,0.6057850293075271,-39.421497069247295,安値,中度,26048756.260223664,43000000.0,True,30,要人手査定
12647,13108,東京都江東区千石,中古マンション等,80,26.0,14.0,93000000,0.3941853705439351,1.394185370543935,39.41853705439351,高値,中度,89227863.71481185,64000000.0,True,30,要人手査定
38608,13221,東京都清瀬市松山,中古マンション等,85,22.0,3.0,48000000,0.3941671224050484,1.3941671224050485,39.41671224050484,高値,中度,43916264.355759025,31500000.0,True,30,要人手査定
19456,13112,東京都世田谷区上北沢,中古マンション等,50,57.0,3.0,30000000,0.39414730666260506,0.605852693337395,-39.4147306662605,安値,中度,22113623.306814916,36500000.0,True,30,要人手査定
4049,13103,東京都港区赤坂,中古マンション等,35,23.0,2.0,73000000,0.3941393838264099,1.3941393838264098,39.41393838264099,高値,中度,69706969.1913205,50000000.0,True,30,要人手査定
25174,13116,東京都豊島区南池袋,中古マンション等,55,11.0,7.0,140000000,0.3941090911606793,1.3941090911606793,39.410909116067934,高値,中度,131743309.1146842,94500000.0,True,30,要人手査定
7692,13105,東京都文京区湯島,中古マンション等,25,28.0,4.0,40000000,0.3939729301242705,1.3939729301242705,39.39729301242705,高値,中度,32758363.857920356,23500000.0,True,30,要人手査定
39189,13225,東京都稲城市平尾,中古マンション等,55,55.0,5.0,9500000,0.39390078144594814,0.6060992185540518,-39.39007814459482,安値,中度,9091488.278310778,15000000.0,True,30,要人手査定
39188,13225,東京都稲城市平尾,中古マンション等,55,55.0,5.0,9800000,0.39390078144594814,0.6060992185540518,-39.39007814459482,安値,中度,9091488.278310778,15000000.0,True,30,要人手査定
38234,13215,東京都国立市谷保,中古マンション等,55,18.0,8.0,25000000,0.39378542164898084,0.6062145783510191,-39.378542164898086,安値,中度,24248583.134040765,40000000.0,True,30,要人手査定
34849,13203,東京都武蔵野市吉祥寺北町,中古マンション等,20,46.0,13.0,8000000,0.39378060161646883,0.6062193983835312,-39.378060161646886,安値,中度,10608839.471711796,17500000.0,True,30,要人手査定
20005,13112,東京都世田谷区砧,中古マンション等,70,9.0,18.0,92000000,0.39366509410982103,1.393665094109821,39.366509410982104,高値,中度,93375561.30535801,67000000.0,True,30,要人手査定
39124,13224,東京都多摩市落合,中古マンション等,75,13.0,20.0,59000000,0.3936549536414918,1.3936549536414917,39.365495364149176,高値,中度,47384268.42381072,34000000.0,True,30,要人手査定
26314,13118,東京都荒川区西尾久,中古マンション等,45,39.0,2.0,16000000,0.3934456769761545,0.6065543230238455,-39.34456769761545,安値,中度,18196629.690715365,30000000.0,True,30,要人手査定
23415,13115,東京都杉並区下高井戸,中古マンション等,35,52.0,6.0,16000000,0.393438836311936,0.606561163688064,-39.3438836311936,安値,中度,14557467.928513536,24000000.0,True,30,要人手査定
9666,13107,東京都墨田区亀沢,中古マンション等,65,14.0,10.0,100000000,0.3934219947989825,1.3934219947989825,39.34219947989825,高値,中度,78031631.70874302,56000000.0,True,30,要人手査定
13890,13109,東京都品川区二葉,中古マンション等,35,43.0,4.0,12000000,0.3933832722642264,0.6066167277357736,-39.33832722642264,安値,中度,18501810.195941094,30500000.0,True,30,要人手査定
25817,13117,東京都北区田端,中古マンション等,55,17.0,9.0,66000000,0.3933342952403134,1.3933342952403134,39.33342952403134,高値,中度,70363381.90963583,50500000.0,True,30,要人手査定
6897,13105,東京都文京区大塚,中古マンション等,15,41.0,5.0,11000000,0.3932945711702036,0.6067054288297964,-39.32945711702036,安値,中度,10313992.290106539,17000000.0,True,30,要人手査定
23381,13115,東京都杉並区堀ノ内,中古マンション等,35,37.0,7.0,22000000,0.39327952571201363,0.6067204742879864,-39.327952571201365,安値,中度,18201614.22863959,30000000.0,True,30,要人手査定
38803,13224,東京都多摩市馬引沢,中古マンション等,60,30.0,11.0,20000000,0.3931975729864073,0.6068024270135928,-39.31975729864073,安値,中度,18810875.237421375,31000000.0,True,30,要人手査定
15722,13110,東京都目黒区中央町,中古マンション等,25,60.0,10.0,17000000,0.3931913209110297,0.6068086790889703,-39.31913209110297,安値,中度,16383834.335402198,27000000.0,True,30,要人手査定
39314,13225,東京都稲城市平尾,中古マンション等,50,55.0,20.0,9800000,0.3930073376565858,0.6069926623434142,-39.30073376565858,安値,中度,7587408.2792926775,12500000.0,True,30,要人手査定
32054,13122,東京都葛飾区堀切,中古マンション等,65,14.0,12.0,39000000,0.39298796129101665,0.6070120387089833,-39.29879612910167,安値,中度,38848770.47737493,64000000.0,True,30,要人手査定
9439,13107,東京都墨田区八広,中古マンション等,75,26.0,10.0,39000000,0.39297887257008673,0.6070211274299133,-39.297887257008675,安値,中度,41277436.665234104,68000000.0,True,30,要人手査定
28413,13119,東京都板橋区中台,中古マンション等,55,47.0,12.0,34000000,0.3929709793673325,1.3929709793673324,39.29709793673325,高値,中度,34127788.994499646,24500000.0,True,30,要人手査定
26509,13118,東京都荒川区東日暮里,中古マンション等,55,5.0,4.0,95000000,0.39281904947742213,1.3928190494774222,39.28190494774221,高値,中度,89140419.16655502,64000000.0,True,30,要人手査定
6280,13104,東京都新宿区西五軒町,中古マンション等,20,2.0,6.0,47000000,0.39274426529340356,0.6072557347065964,-39.27442652934035,安値,中度,44329668.63358154,73000000.0,True,30,要人手査定
22282,13114,東京都中野区弥生町,中古マンション等,30,54.0,4.0,13000000,0.3927033686445847,0.6072966313554152,-39.27033686445847,安値,中度,13360525.889819136,22000000.0,True,30,要人手査定
13440,13109,東京都品川区西五反田,中古マンション等,70,12.0,8.0,130000000,0.39264956113572497,1.392649561135725,39.264956113572495,高値,中度,130909058.74675815,94000000.0,True,30,要人手査定
34714,13203,東京都武蔵野市境,中古マンション等,50,55.0,5.0,20000000,0.39260674632779613,0.6073932536722039,-39.26067463277961,安値,中度,20043977.37118273,33000000.0,True,30,要人手査定
34892,13203,東京都武蔵野市吉祥寺北町,中古マンション等,20,46.0,13.0,6500000,0.3925996047767449,0.6074003952232552,-39.25996047767449,安値,中度,10629506.916406965,17500000.0,True,30,要人手査定
2847,13103,東京都港区六本木,中古マンション等,65,14.0,3.0,400000000,0.39258948503734314,1.3925894850373433,39.25894850373432,高値,中度,299406739.2830288,215000000.0,True,30,要人手査定
30651,13121,東京都足立区舎人,中古マンション等,45,12.0,1.0,24000000,0.39252015813030594,0.6074798418696941,-39.252015813030596,安値,中度,23995453.753852915,39500000.0,True,30,要人手査定
37749,13213,東京都東村山市廻田町,中古マンション等,25,46.0,13.0,3000000,0.3924933597645248,0.6075066402354752,-39.249335976452485,安値,中度,5072680.445966218,8350000.0,True,30,要人手査定
26109,13117,東京都北区田端新町,中古マンション等,30,2.0,6.0,41000000,0.3924114325344536,1.3924114325344537,39.24114325344536,高値,中度,43164754.40856806,31000000.0,True,30,要人手査定
23926,13115,東京都杉並区高井戸東,中古マンション等,40,52.0,2.0,30000000,0.3923386721734302,1.39233867217343,39.23386721734302,高値,中度,31327620.12390218,22500000.0,True,30,要人手査定
362,13101,東京都千代田区飯田橋,中古マンション等,30,13.0,4.0,77000000,0.39220681373504435,1.3922068137350443,39.22068137350443,高値,中度,75875271.34855992,54500000.0,True,30,要人手査定
4896,13104,東京都新宿区西新宿,中古マンション等,70,47.0,6.0,72000000,0.3921991926284142,1.3921991926284143,39.219919262841415,高値,中度,82835851.96139064,59500000.0,True,30,要人手査定
7912,13106,東京都台東区東上野,中古マンション等,35,8.0,5.0,60000000,0.39219444288869026,1.3921944428886903,39.21944428886903,高値,中度,65433138.81576844,47000000.0,True,30,要人手査定
30294,13121,東京都足立区扇,中古マンション等,75,12.0,2.0,40000000,0.3921797791403544,0.6078202208596456,-39.21797791403544,安値,中度,42547415.460175194,70000000.0,True,30,要人手査定
7489,13105,東京都文京区千石,中古マンション等,30,46.0,11.0,16000000,0.3921306264444506,0.6078693735555494,-39.21306264444506,安値,中度,17932146.519888707,29500000.0,True,30,要人手査定
1319,13102,東京都中央区日本橋横山町,中古マンション等,35,45.0,1.0,27000000,0.39207082753167166,0.6079291724683283,-39.207082753167164,安値,中度,23709237.726264805,39000000.0,True,30,要人手査定
38797,13224,東京都多摩市馬引沢,中古マンション等,65,30.0,12.0,23000000,0.392037994467769,0.607962005532231,-39.2037994467769,安値,中度,20974689.19086197,34500000.0,True,30,要人手査定
15564,13110,東京都目黒区目黒,中古マンション等,55,43.0,5.0,62000000,0.3920330833013215,1.3920330833013215,39.20330833013215,高値,中度,73777753.41497004,53000000.0,True,30,要人手査定
38766,13222,東京都東久留米市ひばりが丘団地,中古マンション等,70,11.0,18.0,46000000,0.39203041727226995,1.39203041727227,39.203041727226996,高値,中度,45937003.76998491,33000000.0,True,30,要人手査定
9384,13107,東京都墨田区両国,中古マンション等,100,36.0,6.0,90000000,0.392013441153064,1.392013441153064,39.201344115306405,高値,中度,89784866.95437263,64500000.0,True,30,要人手査定
2740,13103,東京都港区新橋,中古マンション等,40,15.0,3.0,52000000,0.3920085471708274,0.6079914528291727,-39.20085471708274,安値,中度,60799145.28291726,100000000.0,True,30,要人手査定
13275,13109,東京都品川区中延,中古マンション等,45,17.0,4.0,50000000,0.3920029378103506,0.6079970621896493,-39.200293781035064,安値,中度,50159757.63064607,82500000.0,True,30,要人手査定
1420,13102,東京都中央区銀座,中古マンション等,30,20.0,3.0,91000000,0.3919457381276815,1.3919457381276816,39.194573812768155,高値,中度,50110046.572596535,36000000.0,True,30,要人手査定
19732,13112,東京都世田谷区砧,中古マンション等,45,41.0,6.0,38000000,0.39194290303985446,0.6080570969601455,-39.19429030398545,安値,中度,26146455.16928626,43000000.0,True,30,要人手査定
39501,13229,東京都西東京市西原町,中古マンション等,75,46.0,5.0,14000000,0.39190857011047275,0.6080914298895272,-39.19085701104728,安値,中度,16418468.607017236,27000000.0,True,30,要人手査定
30562,13121,東京都足立区千住東,中古マンション等,70,18.0,10.0,70000000,0.3919048485285968,1.3919048485285967,39.19048485285968,高値,中度,68203337.57790124,49000000.0,True,30,要人手査定
30413,13121,東京都足立区東和,中古マンション等,85,3.0,13.0,79000000,0.3919028554303151,1.391902855430315,39.190285543031514,高値,中度,66811337.060655124,48000000.0,True,30,要人手査定
37870,13213,東京都東村山市萩山町,中古マンション等,60,58.0,13.0,8500000,0.39183065886660917,0.6081693411333908,-39.18306588666092,安値,中度,7602116.764167385,12500000.0,True,30,要人手査定
2556,13103,東京都港区白金,中古マンション等,225,41.0,10.0,430000000,0.39174478543827435,0.6082552145617257,-39.17447854382743,安値,中度,428819926.2660166,705000000.0,True,30,要人手査定
17253,13111,東京都大田区大森西,中古マンション等,35,3.0,5.0,55000000,0.39173922819982165,1.3917392281998215,39.17392281998217,高値,中度,50798481.82929349,36500000.0,True,30,要人手査定
29544,13120,東京都練馬区練馬,中古マンション等,45,7.0,1.0,65000000,0.39170017189120754,1.3917001718912076,39.170017189120756,高値,中度,54972156.7897027,39500000.0,True,30,要人手査定
30709,13121,東京都足立区舎人,中古マンション等,25,12.0,1.0,17000000,0.3916960768746582,0.6083039231253419,-39.16960768746582,安値,中度,15815902.001258887,26000000.0,True,30,要人手査定
3004,13103,東京都港区六本木,中古マンション等,105,15.0,6.0,510000000,0.3916661178641632,1.3916661178641632,39.166611786416325,高値,中度,556666447.1456653,400000000.0,True,30,要人手査定
6086,13104,東京都新宿区新宿,中古マンション等,35,12.0,2.0,81000000,0.39166465733182015,1.39166465733182,39.166465733182015,高値,中度,69583232.866591,50000000.0,True,30,要人手査定
35244,13205,東京都青梅市新町,中古マンション等,65,3.0,5.0,39000000,0.3915541774842996,1.3915541774842997,39.15541774842996,高値,中度,26439529.372201692,19000000.0,True,30,要人手査定
38790,13223,東京都武蔵村山市神明,中古マンション等,60,28.0,20.0,9600000,0.39153909556486877,1.3915390955648688,39.15390955648688,高値,中度,16698469.146778425,12000000.0,True,18,要人手査定
15216,13110,東京都目黒区自由が丘,中古マンション等,95,47.0,2.0,130000000,0.3915256079807638,1.3915256079807639,39.15256079807638,高値,中度,121062727.89432645,87000000.0,True,30,要人手査定
18037,13111,東京都大田区南六郷,中古マンション等,50,48.0,11.0,36000000,0.39132195690873267,1.3913219569087327,39.13219569087327,高値,中度,37565692.83653578,27000000.0,True,30,要人手査定
37142,13210,東京都小金井市貫井南町,中古マンション等,55,33.0,12.0,42000000,0.3913176081660765,0.6086823918339235,-39.13176081660765,安値,中度,24651636.8692739,40500000.0,True,30,要人手査定
12085,13108,東京都江東区福住,中古マンション等,65,25.0,10.0,92000000,0.3913117838806934,1.3913117838806934,39.13117838806934,高値,中度,89043954.16836438,64000000.0,True,30,要人手査定
38273,13215,東京都国立市東,中古マンション等,55,39.0,5.0,43000000,0.39130314466522903,1.391303144665229,39.130314466522904,高値,中度,42434745.912289485,30500000.0,True,30,要人手査定
30764,13121,東京都足立区千住曙町,中古マンション等,60,17.0,5.0,49000000,0.3912500565092102,1.39125005650921,39.12500565092102,高値,中度,48693751.977822356,35000000.0,True,30,要人手査定
13252,13109,東京都品川区北品川,中古マンション等,65,8.0,5.0,130000000,0.39122100505327473,1.3912210050532747,39.122100505327474,高値,中度,153034310.55586022,110000000.0,True,30,要人手査定
2799,13103,東京都港区南青山,中古マンション等,65,14.0,11.0,170000000,0.3911744941229549,1.391174494122955,39.11744941229549,高値,中度,215632046.589058,155000000.0,True,30,要人手査定
34360,13202,東京都立川市一番町,中古マンション等,70,23.0,13.0,14000000,0.3911722154259067,0.6088277845740933,-39.11722154259067,安値,中度,20700144.675519172,34000000.0,True,30,要人手査定
9951,13107,東京都墨田区本所,中古マンション等,25,2.0,8.0,41000000,0.39102378491669487,1.3910237849166949,39.102378491669484,高値,中度,41035201.6550425,29500000.0,True,30,要人手査定
9950,13107,東京都墨田区本所,中古マンション等,25,2.0,8.0,41000000,0.39102378491669487,1.3910237849166949,39.102378491669484,高値,中度,41035201.6550425,29500000.0,True,30,要人手査定
37159,13210,東京都小金井市前原町,中古マンション等,55,32.0,8.0,40000000,0.39095094292562116,0.6090490570743788,-39.095094292562116,安値,中度,30147928.325181752,49500000.0,True,30,要人手査定
29700,13120,東京都練馬区石神井町,中古マンション等,40,15.0,2.0,46000000,0.39087746770506776,1.3908774677050677,39.087746770506776,高値,中度,47985272.63582484,34500000.0,True,30,要人手査定
8405,13106,東京都台東区雷門,中古マンション等,70,24.0,2.0,120000000,0.39085464923128155,1.3908546492312817,39.08546492312816,高値,中度,107095807.99080868,77000000.0,True,30,要人手査定
28140,13119,東京都板橋区上板橋,中古マンション等,55,30.0,7.0,52000000,0.3907921759040167,1.3907921759040167,39.07921759040167,高値,中度,50068518.3325446,36000000.0,True,30,要人手査定
38511,13220,東京都東大和市向原,中古マンション等,50,45.0,11.0,13000000,0.39078478544883083,0.6092152145511692,-39.07847854488308,安値,中度,9747443.432818707,16000000.0,True,30,要人手査定
23581,13115,東京都杉並区下井草,中古マンション等,20,21.0,13.0,13000000,0.39066582595902755,0.6093341740409725,-39.06658259590275,安値,中度,13710018.91592188,22500000.0,True,30,要人手査定
9180,13107,東京都墨田区立花,中古マンション等,65,28.0,6.0,40000000,0.39052764658050854,0.6094723534194915,-39.052764658050855,安値,中度,39310966.7955572,64500000.0,True,30,要人手査定
34081,13201,東京都八王子市椚田町,中古マンション等,60,10.0,3.0,31000000,0.39048819160975917,0.6095118083902409,-39.04881916097592,安値,中度,27732787.281755958,45500000.0,True,30,要人手査定
20104,13112,東京都世田谷区三軒茶屋,中古マンション等,25,23.0,2.0,38000000,0.39043010194918004,1.39043010194918,39.043010194918004,高値,中度,34760752.5487295,25000000.0,True,30,要人手査定
3500,13103,東京都港区港南,中古マンション等,100,21.0,5.0,170000000,0.390401984240485,0.609598015759515,-39.0401984240485,安値,中度,210311315.43703267,345000000.0,True,30,要人手査定
37535,13212,東京都日野市多摩平,中古マンション等,75,11.0,5.0,57000000,0.3903810307564486,1.3903810307564486,39.038103075644855,高値,中度,57700812.77639262,41500000.0,True,30,要人手査定
24568,13116,東京都豊島区目白,中古マンション等,75,5.0,8.0,110000000,0.3903781043016654,1.3903781043016654,39.037810430166545,高値,中度,139037810.43016654,100000000.0,True,30,要人手査定
15612,13110,東京都目黒区大岡山,中古マンション等,45,54.0,5.0,37000000,0.39031882371713195,0.609681176282868,-39.031882371713195,安値,中度,28350174.697153363,46500000.0,True,30,要人手査定
23723,13115,東京都杉並区今川,中古マンション等,15,38.0,16.0,4000000,0.390299478659355,0.609700521340645,-39.0299478659355,安値,中度,7621256.516758063,12500000.0,True,30,要人手査定
21260,13113,東京都渋谷区初台,中古マンション等,45,29.0,8.0,53000000,0.39027767552208753,0.6097223244779124,-39.02776755220875,安値,中度,52740981.06733943,86500000.0,True,30,要人手査定
35958,13207,東京都昭島市緑町,中古マンション等,50,33.0,18.0,11000000,0.3902555384018678,0.6097444615981322,-39.025553840186774,安値,中度,11280272.539565446,18500000.0,True,30,要人手査定
17370,13111,東京都大田区蒲田,中古マンション等,70,27.0,7.0,70000000,0.3902097347792476,1.3902097347792475,39.020973477924755,高値,中度,77156640.28024824,55500000.0,True,30,要人手査定
35657,13206,東京都府中市若松町,中古マンション等,20,42.0,5.0,6000000,0.39016012643445075,0.6098398735655493,-39.01601264344507,安値,中度,6586270.634507932,10800000.0,True,30,要人手査定
21263,13113,東京都渋谷区初台,中古マンション等,20,44.0,4.0,12000000,0.39004461860885914,0.6099553813911408,-39.00446186088591,安値,中度,12809063.009213958,21000000.0,True,30,要人手査定
5234,13104,東京都新宿区横寺町,中古マンション等,95,8.0,3.0,220000000,0.38995433252356876,1.3899543325235688,38.995433252356875,高値,中度,236292236.5290067,170000000.0,True,30,要人手査定
35741,13206,東京都府中市四谷,中古マンション等,75,18.0,5.0,23000000,0.38986708283484867,0.6101329171651513,-38.986708283484866,安値,中度,30811712.316840142,50500000.0,True,30,要人手査定
39371,13227,東京都羽村市栄町,中古マンション等,50,39.0,11.0,6500000,0.38984168934548513,0.6101583106545149,-38.984168934548514,安値,中度,6406662.261872406,10500000.0,True,30,要人手査定
22547,13114,東京都中野区中野,中古マンション等,55,14.0,2.0,110000000,0.38982997708941153,1.3898299770894116,38.982997708941156,高値,中度,125084697.93804704,90000000.0,True,30,要人手査定
22545,13114,東京都中野区中野,中古マンション等,55,14.0,2.0,150000000,0.38982997708941153,1.3898299770894116,38.982997708941156,高値,中度,125084697.93804704,90000000.0,True,30,要人手査定
11273,13108,東京都江東区亀戸,中古マンション等,20,37.0,12.0,9300000,0.3898003030546314,0.6101996969453686,-38.980030305463146,安値,中度,10373394.848071266,17000000.0,True,30,要人手査定
620,13102,東京都中央区晴海,中古マンション等,105,3.0,18.0,220000000,0.3897350090763825,1.3897350090763825,38.97350090763825,高値,中度,236254951.54298502,170000000.0,True,30,要人手査定
10443,13108,東京都江東区新大橋,中古マンション等,45,58.0,5.0,13000000,0.38970538254081416,0.6102946174591859,-38.97053825408142,安値,中度,21665458.919801097,35500000.0,True,30,要人手査定
25672,13117,東京都北区赤羽西,中古マンション等,45,39.0,11.0,21000000,0.3896673271226399,0.61033267287736,-38.96673271226399,安値,中度,18004813.849882122,29500000.0,True,30,要人手査定
37730,13213,東京都東村山市恩多町,中古マンション等,70,38.0,5.0,14000000,0.3895643390278179,0.6104356609721822,-38.95643390278179,安値,中度,14040020.202360189,23000000.0,True,30,要人手査定
26893,13118,東京都荒川区南千住,中古マンション等,60,48.0,5.0,45000000,0.389559537512181,1.389559537512181,38.9559537512181,高値,中度,47245024.275414154,34000000.0,True,30,要人手査定
993,13102,東京都中央区晴海,中古マンション等,85,1.0,15.0,240000000,0.3895249345384821,1.3895249345384821,38.952493453848206,高値,中度,215376364.85346472,155000000.0,True,30,要人手査定
34828,13203,東京都武蔵野市中町,中古マンション等,55,60.0,13.0,16000000,0.3894933609212751,0.6105066390787249,-38.94933609212751,安値,中度,20146719.08959792,33000000.0,True,30,要人手査定
29270,13120,東京都練馬区田柄,中古マンション等,40,6.0,9.0,40000000,0.38948857349863397,1.389488573498634,38.948857349863395,高値,中度,40989912.9182097,29500000.0,True,30,要人手査定
24046,13115,東京都杉並区堀ノ内,中古マンション等,40,54.0,9.0,36000000,0.38943685158730873,1.3894368515873088,38.94368515873087,高値,中度,27788737.031746175,20000000.0,True,30,要人手査定
10847,13108,東京都江東区亀戸,中古マンション等,65,17.0,12.0,42000000,0.3893631841370301,0.6106368158629699,-38.936318413703006,安値,中度,43355213.926270865,71000000.0,True,30,要人手査定
10801,13108,東京都江東区大島,中古マンション等,65,36.0,6.0,43000000,0.38930278323291057,0.6106972167670894,-38.930278323291056,安値,中度,36336484.39764182,59500000.0,True,30,要人手査定
38386,13219,東京都狛江市岩戸北,中古マンション等,60,23.0,4.0,13000000,0.3892749560786136,0.6107250439213864,-38.92749560786136,安値,中度,39697127.854890116,65000000.0,True,30,要人手査定
20671,13113,東京都渋谷区代官山町,中古マンション等,20,41.0,4.0,23000000,0.38922636682248296,1.389226366822483,38.922636682248296,高値,中度,22922235.05257097,16500000.0,True,30,要人手査定
10631,13108,東京都江東区亀戸,中古マンション等,40,17.0,4.0,48000000,0.3891829413357601,0.6108170586642399,-38.91829413357601,安値,中度,39397700.28384347,64500000.0,True,30,要人手査定
13957,13109,東京都品川区東品川,中古マンション等,75,21.0,5.0,100000000,0.3891721894382182,0.6108278105617818,-38.917218943821815,安値,中度,85515893.47864945,140000000.0,True,30,要人手査定
19082,13112,東京都世田谷区上馬,中古マンション等,70,14.0,9.0,150000000,0.38911054947435386,1.3891105494743539,38.91105494743539,高値,中度,127103615.27690338,91500000.0,True,30,要人手査定
11466,13108,東京都江東区東陽,中古マンション等,35,3.0,9.0,47000000,0.38886841386423,1.38886841386423,38.886841386423,高値,中度,47221526.07138382,34000000.0,True,30,要人手査定
17825,13111,東京都大田区西嶺町,中古マンション等,60,27.0,7.0,40000000,0.38874733353448715,1.388747333534487,38.87473335344872,高値,中度,74992356.0108623,54000000.0,True,30,要人手査定
21425,13113,東京都渋谷区神山町,中古マンション等,20,41.0,7.0,28000000,0.3886988630551208,1.388698863055121,38.86988630551208,高値,中度,22913531.240409493,16500000.0,True,30,要人手査定
22557,13114,東京都中野区中野,中古マンション等,55,16.0,7.0,53000000,0.388695980536809,1.388695980536809,38.869598053680896,高値,中度,97903066.62784503,70500000.0,True,30,要人手査定
31534,13121,東京都足立区東綾瀬,中古マンション等,70,4.0,9.0,72000000,0.38866845196473276,1.3886684519647328,38.86684519647328,高値,中度,70127756.824219,50500000.0,True,30,要人手査定
36868,13209,東京都町田市玉川学園,中古マンション等,75,27.0,7.0,37000000,0.3886371699958749,0.6113628300041252,-38.86371699958749,安値,中度,25982920.275175318,42500000.0,True,30,要人手査定
8765,13106,東京都台東区東上野,中古マンション等,30,21.0,6.0,30000000,0.3886271032134649,1.388627103213465,38.86271032134649,高値,中度,36798618.23515682,26500000.0,True,30,要人手査定
26325,13118,東京都荒川区東日暮里,中古マンション等,55,46.0,2.0,30000000,0.3885406951225102,1.38854069512251,38.85406951225102,高値,中度,39573409.81099154,28500000.0,True,30,要人手査定
4224,13103,東京都港区芝浦,中古マンション等,65,23.0,10.0,140000000,0.3885392929510511,1.3885392929510512,38.85392929510511,高値,中度,145796625.75986037,105000000.0,True,30,要人手査定
20041,13112,東京都世田谷区駒沢,中古マンション等,80,17.0,3.0,130000000,0.3885339064748814,1.3885339064748814,38.85339064748814,高値,中度,131910721.11511374,95000000.0,True,30,要人手査定
22590,13114,東京都中野区野方,中古マンション等,35,6.0,10.0,50000000,0.3884947853968167,1.3884947853968166,38.84947853968167,高値,中度,48597317.488888584,35000000.0,True,30,要人手査定
16804,13111,東京都大田区北千束,中古マンション等,70,24.0,3.0,85000000,0.38839568044934025,1.3883956804493403,38.839568044934026,高値,中度,89551521.38898245,64500000.0,True,30,要人手査定
39500,13229,東京都西東京市西原町,中古マンション等,70,30.0,6.0,39000000,0.3883897380454245,0.6116102619545755,-38.83897380454245,安値,中度,25076020.740137596,41000000.0,True,30,要人手査定
20373,13112,東京都世田谷区松原,中古マンション等,40,57.0,6.0,36000000,0.38833190378445326,1.3883319037844533,38.83319037844532,高値,中度,33319965.690826878,24000000.0,True,30,要人手査定
29697,13120,東京都練馬区石神井町,中古マンション等,70,25.0,14.0,62000000,0.38829272495591544,1.3882927249559154,38.829272495591546,高値,中度,64555611.71045007,46500000.0,True,30,要人手査定
39312,13225,東京都稲城市平尾,中古マンション等,50,55.0,20.0,5100000,0.38826480985567297,0.6117351901443271,-38.826480985567294,安値,中度,7646689.876804088,12500000.0,True,30,要人手査定
22952,13115,東京都杉並区成田東,中古マンション等,45,20.0,6.0,58000000,0.3882118766721485,1.3882118766721485,38.82118766721485,高値,中度,56916686.94355809,41000000.0,True,30,要人手査定
12645,13108,東京都江東区千石,中古マンション等,20,19.0,12.0,24000000,0.3881762668285731,1.388176266828573,38.81762668285731,高値,中度,31928054.13705718,23000000.0,True,30,要人手査定
4409,13103,東京都港区西麻布,中古マンション等,30,22.0,4.0,47000000,0.38816536002837315,1.3881653600283732,38.81653600283732,高値,中度,48585787.60099306,35000000.0,True,30,要人手査定
13086,13109,東京都品川区大井,中古マンション等,40,44.0,7.0,24000000,0.38815043372996244,1.3881504337299624,38.81504337299624,高値,中度,43726738.66249382,31500000.0,True,30,要人手査定
33358,13123,東京都江戸川区平井,中古マンション等,65,26.0,1.0,140000000,0.38807610998050823,1.3880761099805083,38.807610998050826,高値,中度,68709767.44403516,49500000.0,True,30,要人手査定
27439,13119,東京都板橋区赤塚,中古マンション等,40,34.0,6.0,23000000,0.3878108725777717,0.6121891274222283,-38.781087257777166,安値,中度,18671768.386377964,30500000.0,True,30,要人手査定
25880,13117,東京都北区赤羽南,中古マンション等,30,18.0,3.0,25000000,0.3877661789050628,1.3877661789050628,38.77661789050628,高値,中度,34000271.38317404,24500000.0,True,30,要人手査定
31498,13121,東京都足立区西新井本町,中古マンション等,55,44.0,10.0,16000000,0.3876746093134572,0.6123253906865428,-38.767460931345724,安値,中度,15920460.157850113,26000000.0,True,30,要人手査定
33543,13201,東京都八王子市追分町,中古マンション等,25,37.0,9.0,4300000,0.387568487780671,1.3875684877806709,38.7568487780671,高値,中度,6452193.46818012,4650000.0,True,30,要人手査定
26173,13117,東京都北区東十条,中古マンション等,55,56.0,4.0,39000000,0.38756367397160446,1.3875636739716044,38.756367397160446,高値,中度,43014473.89311974,31000000.0,True,30,要人手査定
30304,13121,東京都足立区小台,中古マンション等,75,22.0,3.0,55000000,0.3875561618766719,0.612443838123328,-38.755616187667194,安値,中度,39808849.478016324,65000000.0,True,30,要人手査定
13223,13109,東京都品川区上大崎,中古マンション等,45,56.0,7.0,50000000,0.38752581147762044,1.3875258114776203,38.752581147762044,高値,中度,38850722.72137337,28000000.0,True,30,要人手査定
27365,13119,東京都板橋区若木,中古マンション等,50,51.0,7.0,14000000,0.3874605704218089,0.6125394295781911,-38.746057042180894,安値,中度,14088406.880298395,23000000.0,True,30,要人手査定
20677,13113,東京都渋谷区幡ケ谷,中古マンション等,30,49.0,5.0,18000000,0.38739864938972807,0.612601350610272,-38.73986493897281,安値,中度,18684341.193613295,30500000.0,True,30,要人手査定
6903,13105,東京都文京区大塚,中古マンション等,15,42.0,7.0,11000000,0.3872905117338093,0.6127094882661908,-38.72905117338093,安値,中度,11028770.788791433,18000000.0,True,30,要人手査定
24128,13116,東京都豊島区上池袋,中古マンション等,60,35.0,8.0,45000000,0.3870477707238537,0.6129522292761463,-38.70477707238537,安値,中度,36164181.52729263,59000000.0,True,30,要人手査定
12354,13108,東京都江東区亀戸,中古マンション等,25,52.0,16.0,5500000,0.387014996376543,0.612985003623457,-38.7014996376543,安値,中度,11033730.065222226,18000000.0,True,30,要人手査定
1072,13102,東京都中央区勝どき,中古マンション等,50,3.0,1.0,120000000,0.3870117364382104,1.3870117364382104,38.70117364382104,高値,中度,132459620.8298491,95500000.0,True,30,要人手査定
1051,13102,東京都中央区勝どき,中古マンション等,50,3.0,1.0,120000000,0.3870117364382104,1.3870117364382104,38.70117364382104,高値,中度,132459620.8298491,95500000.0,True,30,要人手査定
11836,13108,東京都江東区東砂,中古マンション等,45,45.0,10.0,27000000,0.387010331513356,0.612989668486644,-38.7010331513356,安値,中度,21454638.39703254,35000000.0,True,30,要人手査定
35700,13206,東京都府中市是政,中古マンション等,70,26.0,2.0,26000000,0.3869751953210379,0.613024804678962,-38.69751953210379,安値,中度,32183802.24564551,52500000.0,True,30,要人手査定
23577,13115,東京都杉並区高円寺南,中古マンション等,80,11.0,9.0,150000000,0.3869685011557448,1.3869685011557449,38.696850115574485,高値,中度,138003365.8649966,99500000.0,True,30,要人手査定
34329,13202,東京都立川市栄町,中古マンション等,110,35.0,22.0,42000000,0.3869570435369372,1.3869570435369372,38.69570435369372,高値,中度,41608711.30610812,30000000.0,True,30,要人手査定
38742,13222,東京都東久留米市柳窪,中古マンション等,65,30.0,19.0,12000000,0.38695009145746945,0.6130499085425306,-38.695009145746944,安値,中度,20230646.98190351,33000000.0,True,30,要人手査定
5255,13104,東京都新宿区赤城下町,中古マンション等,80,5.0,2.0,200000000,0.38690296224660464,1.3869029622466047,38.690296224660464,高値,中度,201100929.52575767,145000000.0,True,30,要人手査定
19736,13112,東京都世田谷区桜丘,中古マンション等,50,35.0,10.0,35000000,0.3868185856520273,0.6131814143479727,-38.68185856520273,安値,中度,31578842.838920593,51500000.0,True,30,要人手査定
13569,13109,東京都品川区西五反田,中古マンション等,45,3.0,8.0,110000000,0.38680284067387316,1.386802840673873,38.68028406738732,高値,中度,113717832.9352576,82000000.0,True,30,要人手査定
32380,13122,東京都葛飾区東新小岩,中古マンション等,65,27.0,3.0,61000000,0.3867208445384469,1.386720844538447,38.67208445384469,高値,中度,62402438.00423011,45000000.0,True,30,要人手査定
36838,13209,東京都町田市三輪緑山,中古マンション等,130,37.0,5.0,21000000,0.386602650518286,1.386602650518286,38.6602650518286,高値,中度,26345450.359847434,19000000.0,True,30,要人手査定
34585,13202,東京都立川市栄町,中古マンション等,105,35.0,23.0,42000000,0.3865774898163036,1.3865774898163035,38.657748981630355,高値,中度,41597324.69448911,30000000.0,True,30,要人手査定
38001,13214,東京都国分寺市東戸倉,中古マンション等,75,5.0,6.0,47000000,0.3865393934550054,0.6134606065449946,-38.65393934550054,安値,中度,52144151.55632454,85000000.0,True,30,要人手査定
7930,13106,東京都台東区上野,中古マンション等,50,43.0,5.0,58000000,0.3863959302712083,1.3863959302712083,38.639593027120824,高値,中度,45057867.73381427,32500000.0,True,30,要人手査定
38857,13224,東京都多摩市愛宕,中古マンション等,55,54.0,15.0,5700000,0.3863229699593437,0.6136770300406563,-38.63229699593437,安値,中度,7670962.875508204,12500000.0,True,30,要人手査定
5698,13104,東京都新宿区上落合,中古マンション等,15,47.0,5.0,8200000,0.3862635275804592,0.6137364724195408,-38.62635275804592,安値,中度,8899178.850083342,14500000.0,True,30,要人手査定
5165,13104,東京都新宿区西落合,中古マンション等,60,59.0,10.0,23000000,0.3862201053623973,0.6137798946376027,-38.622010536239735,安値,中度,30075214.837242533,49000000.0,True,30,要人手査定
15730,13110,東京都目黒区中央町,中古マンション等,65,21.0,9.0,160000000,0.3861074705456024,1.3861074705456025,38.61074705456024,高値,中度,152471821.76001626,110000000.0,True,30,要人手査定
20877,13113,東京都渋谷区代々木,中古マンション等,20,41.0,11.0,13000000,0.38609934680664104,0.613900653193359,-38.609934680664104,安値,中度,14119715.023447257,23000000.0,True,30,要人手査定
10621,13108,東京都江東区亀戸,中古マンション等,75,21.0,9.0,54000000,0.38608198681726863,0.6139180131827313,-38.60819868172686,安値,中度,51569113.10734943,84000000.0,True,30,要人手査定
23028,13115,東京都杉並区成田東,中古マンション等,25,43.0,4.0,12000000,0.38603869363111365,1.3860386936311138,38.603869363111365,高値,中度,16632464.323573364,12000000.0,True,30,要人手査定
3016,13103,東京都港区六本木,中古マンション等,25,21.0,3.0,50000000,0.3859945964984132,1.3859945964984133,38.59945964984132,高値,中度,44351827.087949224,32000000.0,True,30,要人手査定
18942,13112,東京都世田谷区上馬,中古マンション等,35,5.0,11.0,50000000,0.3859420148798988,1.3859420148798989,38.594201487989885,高値,中度,58209564.62495575,42000000.0,True,30,要人手査定
37845,13213,東京都東村山市萩山町,中古マンション等,60,58.0,13.0,6200000,0.38581683416689894,0.6141831658331011,-38.58168341668989,安値,中度,7677289.572913763,12500000.0,True,30,要人手査定
12123,13108,東京都江東区有明,中古マンション等,70,16.0,8.0,120000000,0.3857495612830611,1.385749561283061,38.57495612830611,高値,中度,121945961.39290938,88000000.0,True,30,要人手査定
18532,13112,東京都世田谷区成城,中古マンション等,145,12.0,10.0,110000000,0.3857070603149478,1.3857070603149477,38.57070603149478,高値,中度,207856059.04724216,150000000.0,True,30,要人手査定
4594,13104,東京都新宿区北新宿,中古マンション等,35,23.0,5.0,12000000,0.38568200017016124,0.6143179998298388,-38.568200017016125,安値,中度,32866012.990896374,53500000.0,True,30,要人手査定
30524,13121,東京都足立区谷中,中古マンション等,25,37.0,6.0,7300000,0.38558561645813505,1.385585616458135,38.558561645813505,高値,中度,9421982.191915318,6800000.0,True,30,要人手査定
26148,13117,東京都北区西ケ原,中古マンション等,35,10.0,6.0,41000000,0.3855130526728249,1.3855130526728248,38.55130526728249,高値,中度,45721930.73820322,33000000.0,True,30,要人手査定
36274,13208,東京都調布市調布ケ丘,中古マンション等,75,14.0,10.0,75000000,0.3853986670621609,1.385398667062161,38.53986670621609,高値,中度,76196926.68841885,55000000.0,True,30,要人手査定
21225,13113,東京都渋谷区笹塚,中古マンション等,20,30.0,5.0,20000000,0.3853077558187901,0.6146922441812098,-38.53077558187901,安値,中度,17826075.081255086,29000000.0,True,30,要人手査定
38672,13222,東京都東久留米市野火止,中古マンション等,65,32.0,17.0,18000000,0.3852118792213109,0.6147881207786892,-38.52118792213109,安値,中度,18751037.68375002,30500000.0,True,30,要人手査定
22528,13114,東京都中野区中央,中古マンション等,35,56.0,10.0,30000000,0.38512844057121853,1.3851284405712185,38.51284405712185,高値,中度,29087697.25199559,21000000.0,True,30,要人手査定
15743,13110,東京都目黒区中根,中古マンション等,35,49.0,4.0,24000000,0.385119093616667,0.6148809063833329,-38.5119093616667,安値,中度,23672914.89575832,38500000.0,True,30,要人手査定
427,13101,東京都千代田区神田神保町,中古マンション等,30,23.0,2.0,36000000,0.38510691420700743,1.3851069142070074,38.510691420700745,高値,中度,43630867.797520734,31500000.0,True,30,要人手査定
119,13101,東京都千代田区神田多町,中古マンション等,50,2.0,4.0,95000000,0.38495109756692514,1.384951097566925,38.495109756692514,高値,中度,112873514.4517044,81500000.0,True,30,要人手査定
21359,13113,東京都渋谷区初台,中古マンション等,35,42.0,9.0,35000000,0.38483786226000405,0.615162137739996,-38.483786226000404,安値,中度,24606485.50959984,40000000.0,True,30,要人手査定
2810,13103,東京都港区南青山,中古マンション等,75,29.0,11.0,130000000,0.38481585847335764,1.3848158584733576,38.481585847335765,高値,中度,186950140.8939033,135000000.0,True,30,要人手査定
3163,13103,東京都港区六本木,中古マンション等,40,23.0,5.0,140000000,0.38476733572028643,1.3847673357202865,38.47673357202864,高値,中度,92779411.49325919,67000000.0,True,30,要人手査定
35730,13206,東京都府中市南町,中古マンション等,50,19.0,5.0,23000000,0.38471192005370575,0.6152880799462942,-38.471192005370575,安値,中度,25534455.31777121,41500000.0,True,30,要人手査定
28585,13119,東京都板橋区南町,中古マンション等,20,7.0,6.0,37000000,0.38470092559594005,1.38470092559594,38.47009255959401,高値,中度,36002224.06549444,26000000.0,True,30,要人手査定
35938,13206,東京都府中市四谷,中古マンション等,60,21.0,23.0,20000000,0.38469951268794317,0.6153004873120568,-38.46995126879432,安値,中度,19997265.837641846,32500000.0,True,30,要人手査定
1802,13102,東京都中央区月島,中古マンション等,75,42.0,3.0,130000000,0.3846917421675681,1.384691742167568,38.469174216756805,高値,中度,88620271.49872436,64000000.0,True,30,要人手査定
11012,13108,東京都江東区大島,中古マンション等,75,22.0,5.0,60000000,0.3846840208259674,0.6153159791740326,-38.46840208259674,安値,中度,59993307.96946818,97500000.0,True,30,要人手査定
39277,13225,東京都稲城市東長沼,中古マンション等,80,28.0,3.0,27000000,0.38466330856771436,1.3846633085677142,38.466330856771435,高値,中度,40155235.948463716,29000000.0,True,30,要人手査定
29474,13120,東京都練馬区高松,中古マンション等,60,44.0,20.0,25000000,0.38466123901726357,0.6153387609827364,-38.466123901726355,安値,中度,21844526.014887143,35500000.0,True,30,要人手査定
21586,13113,東京都渋谷区西原,中古マンション等,30,27.0,7.0,34000000,0.38464632424668865,1.3846463242466887,38.464632424668864,高値,中度,49154944.51075745,35500000.0,True,30,要人手査定
32298,13122,東京都葛飾区新小岩,中古マンション等,20,23.0,4.0,27000000,0.38460545804528495,1.384605458045285,38.46054580452849,高値,中度,22153687.32872456,16000000.0,True,30,要人手査定
29181,13120,東京都練馬区桜台,中古マンション等,35,6.0,4.0,38000000,0.3845959087173877,1.3845959087173878,38.45959087173877,高値,中度,40153281.35280424,29000000.0,True,30,要人手査定
29354,13120,東京都練馬区豊玉北,中古マンション等,65,40.0,4.0,47000000,0.3845718241124475,1.3845718241124474,38.45718241124475,高値,中度,65074875.73328503,47000000.0,True,30,要人手査定
21407,13113,東京都渋谷区恵比寿南,中古マンション等,75,10.0,4.0,250000000,0.3845363718991005,1.3845363718991004,38.45363718991005,高値,中度,193835092.06587407,140000000.0,True,30,要人手査定
29080,13120,東京都練馬区大泉町,中古マンション等,60,43.0,18.0,16000000,0.38449916900684394,0.6155008309931561,-38.44991690068439,安値,中度,18157274.514298104,29500000.0,True,30,要人手査定
919,13102,東京都中央区晴海,中古マンション等,105,7.0,12.0,280000000,0.38447609421389245,1.3844760942138925,38.447609421389245,高値,中度,263050457.90063956,190000000.0,True,30,要人手査定
37552,13212,東京都日野市多摩平,中古マンション等,80,22.0,4.0,54000000,0.3843608341261807,1.3843608341261806,38.436083412618075,高値,中度,51221350.862668686,37000000.0,True,30,要人手査定
28134,13119,東京都板橋区加賀,中古マンション等,90,23.0,12.0,89000000,0.3842815079346924,1.3842815079346924,38.42815079346924,高値,中度,85825453.49195093,62000000.0,True,30,要人手査定
2856,13103,東京都港区海岸,中古マンション等,30,19.0,12.0,17000000,0.38423228211009824,0.6157677178899018,-38.42322821100982,安値,中度,27093779.587155677,44000000.0,True,30,要人手査定
28388,13119,東京都板橋区仲宿,中古マンション等,65,26.0,6.0,74000000,0.38422572736736454,1.3842257273673646,38.422572736736456,高値,中度,63674383.45889877,46000000.0,True,30,要人手査定
33633,13201,東京都八王子市新町,中古マンション等,20,23.0,5.0,14000000,0.3842024330619667,1.3842024330619667,38.420243306196674,高値,中度,18686732.84633655,13500000.0,True,30,要人手査定
34695,13203,東京都武蔵野市吉祥寺本町,中古マンション等,15,47.0,4.0,13000000,0.38414283054650583,0.6158571694534941,-38.41428305465058,安値,中度,11393357.634889642,18500000.0,True,30,要人手査定
29987,13120,東京都練馬区西大泉,中古マンション等,50,36.0,21.0,19000000,0.3841311930821461,0.6158688069178538,-38.41311930821461,安値,中度,20323670.628289178,33000000.0,True,30,要人手査定
21217,13113,東京都渋谷区桜丘町,中古マンション等,35,4.0,5.0,89000000,0.38406943748405503,1.384069437484055,38.4069437484055,高値,中度,82352131.53030127,59500000.0,True,30,要人手査定
10625,13108,東京都江東区亀戸,中古マンション等,35,35.0,12.0,21000000,0.3839903238119209,0.6160096761880791,-38.399032381192086,安値,中度,18172285.447548334,29500000.0,True,30,要人手査定
29811,13120,東京都練馬区田柄,中古マンション等,35,19.0,1.0,32000000,0.38396750141691216,1.3839675014169122,38.396750141691214,高値,中度,33215220.03400589,24000000.0,True,30,要人手査定
14589,13109,東京都品川区東五反田,中古マンション等,20,14.0,6.0,30000000,0.38390176691912636,1.3839017669191265,38.390176691912636,高値,中度,37365347.70681641,27000000.0,True,30,要人手査定
34555,13202,東京都立川市曙町,中古マンション等,70,10.0,2.0,120000000,0.38390153925969744,1.3839015392596974,38.39015392596974,高値,中度,72654830.81113411,52500000.0,True,30,要人手査定
38776,13223,東京都武蔵村山市大南,中古マンション等,40,45.0,14.0,6300000,0.38383897572581577,0.6161610242741842,-38.383897572581574,安値,中度,7393932.291290211,12000000.0,True,18,要人手査定
20390,13112,東京都世田谷区三宿,中古マンション等,40,28.0,9.0,74000000,0.38377301267969716,1.3837730126796972,38.37730126796971,高値,中度,66421104.608625464,48000000.0,True,30,要人手査定
31499,13121,東京都足立区西新井本町,中古マンション等,65,44.0,10.0,11000000,0.3836977306093345,0.6163022693906656,-38.36977306093345,安値,中度,17256463.542938635,28000000.0,True,30,要人手査定
2483,13103,東京都港区元麻布,中古マンション等,60,48.0,10.0,120000000,0.38364466793943036,1.3836446679394303,38.36446679394304,高値,中度,95471482.0878207,69000000.0,True,30,要人手査定
5690,13104,東京都新宿区上落合,中古マンション等,30,57.0,2.0,11000000,0.3835963695463945,0.6164036304536055,-38.35963695463945,安値,中度,14793687.130886532,24000000.0,True,30,要人手査定
14860,13109,東京都品川区南大井,中古マンション等,20,4.0,1.0,24000000,0.3835863956282799,0.6164136043717201,-38.35863956282799,安値,中度,31128887.020771865,50500000.0,True,30,要人手査定
34375,13202,東京都立川市一番町,中古マンション等,70,31.0,15.0,21000000,0.38353705717093306,0.616462942829067,-38.353705717093305,安値,中度,17877425.34204294,29000000.0,True,30,要人手査定
348,13101,東京都千代田区一番町,中古マンション等,60,42.0,1.0,100000000,0.38351021364378746,1.3835102136437873,38.351021364378745,高値,中度,99612735.3823527,72000000.0,True,30,要人手査定
35369,13205,東京都青梅市末広町,中古マンション等,70,10.0,11.0,19000000,0.38328220808464225,1.3832822080846423,38.32822080846422,高値,中度,24899079.74552356,18000000.0,True,30,要人手査定
15369,13110,東京都目黒区中目黒,中古マンション等,80,48.0,8.0,80000000,0.38322422162044345,1.3832242216204433,38.32242216204435,高値,中度,112041161.95125592,81000000.0,True,30,要人手査定
36101,13207,東京都昭島市松原町,中古マンション等,65,20.0,10.0,24000000,0.3832211319397833,0.6167788680602166,-38.32211319397833,安値,中度,24671154.722408667,40000000.0,True,30,要人手査定
3568,13103,東京都港区三田,中古マンション等,105,17.0,5.0,460000000,0.38315334427694664,1.3831533442769466,38.315334427694665,高値,中度,622419004.924626,450000000.0,True,30,要人手査定
19636,13112,東京都世田谷区世田谷,中古マンション等,45,24.0,3.0,40000000,0.38310541140007237,0.6168945885999276,-38.31054114000724,安値,中度,40098148.258995295,65000000.0,True,30,要人手査定
29580,13120,東京都練馬区大泉町,中古マンション等,60,27.0,26.0,26000000,0.38298998231193326,0.6170100176880667,-38.29899823119332,安値,中度,25605915.73405477,41500000.0,True,30,要人手査定
32377,13122,東京都葛飾区東新小岩,中古マンション等,65,26.0,18.0,47000000,0.3829061707068036,1.3829061707068036,38.29061707068036,高値,中度,49784622.14544493,36000000.0,True,30,要人手査定
12253,13108,東京都江東区大島,中古マンション等,15,34.0,1.0,12000000,0.3829058231348616,0.6170941768651383,-38.29058231348616,安値,中度,13267524.802600475,21500000.0,True,30,要人手査定
28271,13119,東京都板橋区大門,中古マンション等,55,27.0,15.0,20000000,0.38289622561760267,0.6171037743823974,-38.28962256176027,安値,中度,23141391.5393399,37500000.0,True,30,要人手査定
19485,13112,東京都世田谷区三軒茶屋,中古マンション等,80,46.0,3.0,90000000,0.38289434792406146,1.3828943479240614,38.28943479240615,高値,中度,89888132.615064,65000000.0,True,30,要人手査定
28132,13119,東京都板橋区加賀,中古マンション等,65,13.0,9.0,90000000,0.3828932363648272,1.3828932363648272,38.28932363648272,高値,中度,82282147.56370722,59500000.0,True,30,要人手査定
38107,13214,東京都国分寺市西町,中古マンション等,45,7.0,21.0,31000000,0.38284767766255234,0.6171523223374477,-38.284767766255236,安値,中度,31166192.278041106,50500000.0,True,30,要人手査定
38106,13214,東京都国分寺市西町,中古マンション等,45,7.0,21.0,30000000,0.38284767766255234,0.6171523223374477,-38.284767766255236,安値,中度,31166192.278041106,50500000.0,True,30,要人手査定
3024,13103,東京都港区海岸,中古マンション等,70,28.0,4.0,82000000,0.3827830728583279,0.6172169271416721,-38.27830728583279,安値,中度,101840792.9783759,165000000.0,False,30,要人手査定
28581,13119,東京都板橋区三園,中古マンション等,55,28.0,7.0,31000000,0.3827393947349744,0.6172606052650256,-38.27393947349744,安値,中度,27468096.93429364,44500000.0,True,30,要人手査定
37483,13211,東京都小平市上水本町,中古マンション等,45,42.0,9.0,23000000,0.382721111960629,1.382721111960629,38.2721111960629,高値,中度,22123537.791370064,16000000.0,True,30,要人手査定
36428,13208,東京都調布市多摩川,中古マンション等,50,21.0,3.0,32000000,0.38272054092428637,0.6172794590757137,-38.27205409242864,安値,中度,32715811.331012823,53000000.0,True,30,要人手査定
26093,13117,東京都北区田端,中古マンション等,55,30.0,8.0,80000000,0.3826619320361892,1.3826619320361893,38.26619320361892,高値,中度,65676441.77171899,47500000.0,True,30,要人手査定
18583,13112,東京都世田谷区船橋,中古マンション等,40,48.0,19.0,14000000,0.3825680198360201,0.6174319801639798,-38.25680198360201,安値,中度,16361947.474345466,26500000.0,True,30,要人手査定
21554,13113,東京都渋谷区代官山町,中古マンション等,45,26.0,1.0,150000000,0.38256118919819115,1.382561189198191,38.256118919819116,高値,中度,111987456.32505348,81000000.0,True,30,要人手査定
26014,13117,東京都北区十条仲原,中古マンション等,30,5.0,6.0,42000000,0.38242140669471403,1.382421406694714,38.242140669471404,高値,中度,40781431.497494064,29500000.0,True,30,要人手査定
22289,13114,東京都中野区白鷺,中古マンション等,60,30.0,9.0,43000000,0.3824029463329348,0.6175970536670652,-38.24029463329348,安値,中度,39217412.90785864,63500000.0,True,30,要人手査定
19862,13112,東京都世田谷区岡本,中古マンション等,75,10.0,23.0,74000000,0.38237266956701377,1.3823726695670138,38.237266956701376,高値,中度,86398291.84793836,62500000.0,True,30,要人手査定
11629,13108,東京都江東区白河,中古マンション等,80,41.0,7.0,67000000,0.38235980739528047,1.3823598073952805,38.235980739528046,高値,中度,76029789.40674043,55000000.0,True,30,要人手査定
12371,13108,東京都江東区亀戸,中古マンション等,105,25.0,3.0,36000000,0.38234287506857995,0.6176571249314201,-38.234287506857996,安値,中度,86471997.49039881,140000000.0,True,30,要人手査定
34364,13202,東京都立川市一番町,中古マンション等,80,43.0,17.0,9800000,0.38231778188305937,0.6176822181169406,-38.23177818830594,安値,中度,13280167.689514223,21500000.0,True,30,要人手査定
3096,13103,東京都港区浜松町,中古マンション等,80,2.0,2.0,400000000,0.38226322536527646,1.3822632253652765,38.22632253652765,高値,中度,442324232.11688846,320000000.0,True,30,要人手査定
14841,13109,東京都品川区南大井,中古マンション等,50,32.0,5.0,47000000,0.38221508138569643,0.6177849186143036,-38.22150813856965,安値,中度,44480514.14022986,72000000.0,True,30,要人手査定
25644,13117,東京都北区滝野川,中古マンション等,85,28.0,3.0,88000000,0.38218204952108836,1.3821820495210884,38.218204952108835,高値,中度,90532924.24363129,65500000.0,True,30,要人手査定
25130,13116,東京都豊島区東池袋,中古マンション等,35,53.0,8.0,25000000,0.3821675586564615,1.3821675586564615,38.21675586564615,高値,中度,27643351.17312923,20000000.0,True,30,要人手査定
10115,13107,東京都墨田区横川,中古マンション等,40,9.0,13.0,50000000,0.3820962263972788,1.3820962263972787,38.20962263972788,高値,中度,50446512.263500676,36500000.0,True,30,要人手査定
1123,13102,東京都中央区勝どき,中古マンション等,35,55.0,2.0,26000000,0.38208020646358093,1.3820802064635809,38.208020646358094,高値,中度,26950564.026039828,19500000.0,True,30,要人手査定
18733,13112,東京都世田谷区成城,中古マンション等,80,11.0,9.0,130000000,0.3820661134034108,1.382066113403411,38.20661134034108,高値,中度,131296280.77332403,95000000.0,True,30,要人手査定
37513,13212,東京都日野市多摩平,中古マンション等,75,11.0,5.0,54000000,0.38204332054484086,1.3820433205448408,38.204332054484084,高値,中度,57354797.8026109,41500000.0,True,30,要人手査定
19833,13112,東京都世田谷区池尻,中古マンション等,55,30.0,6.0,90000000,0.38197529974659783,1.381975299746598,38.19752997465978,高値,中度,91901357.43314876,66500000.0,True,30,要人手査定
11070,13108,東京都江東区亀戸,中古マンション等,70,17.0,7.0,61000000,0.38195611763727666,0.6180438823627233,-38.19561176372767,安値,中度,77255485.29534042,125000000.0,True,30,要人手査定
26686,13118,東京都荒川区南千住,中古マンション等,80,17.0,15.0,68000000,0.3819534196076469,1.3819534196076468,38.19534196076469,高値,中度,70479624.39998999,51000000.0,True,30,要人手査定
15351,13110,東京都目黒区南,中古マンション等,20,34.0,12.0,15000000,0.3818895133064759,0.6181104866935241,-38.18895133064759,安値,中度,14216541.193951054,23000000.0,True,30,要人手査定
4782,13104,東京都新宿区西早稲田,中古マンション等,60,16.0,10.0,67000000,0.38187682864986916,0.6181231713501308,-38.18768286498692,安値,中度,71084164.70526505,115000000.0,True,30,要人手査定
20242,13112,東京都世田谷区弦巻,中古マンション等,75,26.0,11.0,130000000,0.38186750059890184,1.3818675005989018,38.18675005989019,高値,中度,120222472.55210446,87000000.0,True,30,要人手査定
38326,13218,東京都福生市大字福生,中古マンション等,55,3.0,2.0,37000000,0.3818305105550921,1.381830510555092,38.18305105550921,高値,中度,30400271.232212026,22000000.0,True,30,要人手査定
7450,13105,東京都文京区水道,中古マンション等,60,21.0,10.0,90000000,0.38177903108651573,1.3817790310865157,38.17790310865157,高値,中度,109851432.971378,79500000.0,True,30,要人手査定
16769,13111,東京都大田区羽田,中古マンション等,30,53.0,3.0,16000000,0.38173512986520836,0.6182648701347916,-38.173512986520834,安値,中度,12365297.402695833,20000000.0,True,30,要人手査定
39486,13229,東京都西東京市西原町,中古マンション等,60,24.0,5.0,30000000,0.3817035894621914,0.6182964105378086,-38.17035894621914,安値,中度,26277597.447856866,42500000.0,True,30,要人手査定
29154,13120,東京都練馬区上石神井,中古マンション等,25,38.0,8.0,13000000,0.3816911467508487,1.3816911467508486,38.16911467508487,高値,中度,12366135.763420096,8950000.0,True,30,要人手査定
8669,13106,東京都台東区台東,中古マンション等,60,25.0,2.0,110000000,0.38163448414818674,1.3816344841481867,38.163448414818674,高値,中度,87733789.74340986,63500000.0,True,30,要人手査定
5209,13104,東京都新宿区中落合,中古マンション等,70,29.0,8.0,58000000,0.38163257278828133,0.6183674272117187,-38.163257278828134,安値,中度,64928579.85723046,105000000.0,True,30,要人手査定
8343,13106,東京都台東区谷中,中古マンション等,65,43.0,4.0,65000000,0.3816226825201061,1.3816226825201061,38.16226825201061,高値,中度,64936266.07844499,47000000.0,True,30,要人手査定
7384,13105,東京都文京区春日,中古マンション等,30,26.0,11.0,31000000,0.3815027716591418,1.381502771659142,38.15027716591418,高値,中度,32465315.133989833,23500000.0,True,30,要人手査定
21380,13113,東京都渋谷区恵比寿,中古マンション等,90,23.0,6.0,290000000,0.38145788148898985,1.38145788148899,38.14578814889899,高値,中度,221033261.03823838,160000000.0,True,30,要人手査定
6271,13104,東京都新宿区西落合,中古マンション等,15,37.0,10.0,9700000,0.3814211885887311,0.6185788114112689,-38.14211885887311,安値,中度,10515839.793991571,17000000.0,True,30,要人手査定
28750,13120,東京都練馬区中村北,中古マンション等,35,2.0,2.0,39000000,0.3813699628553413,1.3813699628553413,38.13699628553413,高値,中度,41441098.88566024,30000000.0,True,30,要人手査定
37114,13210,東京都小金井市貫井北町,中古マンション等,65,43.0,10.0,16000000,0.3813333945751849,0.6186666054248151,-38.13333945751849,安値,中度,23199997.703430567,37500000.0,True,30,要人手査定
35854,13206,東京都府中市府中町,中古マンション等,70,28.0,6.0,63000000,0.3813031498755899,1.3813031498755899,38.13031498755899,高値,中度,62158641.744401544,45000000.0,True,30,要人手査定
28270,13119,東京都板橋区大門,中古マンション等,75,28.0,11.0,29000000,0.381256747291431,0.618743252708569,-38.1256747291431,安値,中度,29390304.503657028,47500000.0,True,30,要人手査定
27231,13119,東京都板橋区南町,中古マンション等,55,32.0,7.0,60000000,0.38123636031568603,1.381236360315686,38.1236360315686,高値,中度,48343272.61104901,35000000.0,True,30,要人手査定
5288,13104,東京都新宿区中落合,中古マンション等,75,9.0,6.0,120000000,0.3811825986499678,0.6188174013500322,-38.11825986499678,安値,中度,111387132.2430058,180000000.0,True,30,要人手査定
34755,13203,東京都武蔵野市関前,中古マンション等,25,18.0,5.0,12000000,0.3811297975794178,0.6188702024205822,-38.11297975794178,安値,中度,20113281.578668922,32500000.0,True,30,要人手査定
35663,13206,東京都府中市浅間町,中古マンション等,65,19.0,5.0,23000000,0.38110823400753074,0.6188917659924693,-38.11082340075308,安値,中度,31254034.1826197,50500000.0,True,30,要人手査定
15769,13110,東京都目黒区原町,中古マンション等,20,12.0,3.0,35000000,0.38109128203708276,0.6189087179629172,-38.10912820370827,安値,中度,30945435.898145862,50000000.0,True,30,要人手査定
1761,13102,東京都中央区新川,中古マンション等,20,52.0,9.0,19000000,0.3810601956773984,0.6189398043226016,-38.10601956773984,安値,中度,12997735.890774634,21000000.0,True,30,要人手査定
517,13101,東京都千代田区東神田,中古マンション等,30,20.0,6.0,52000000,0.38104562715004625,1.3810456271500462,38.104562715004626,高値,中度,46955551.32310157,34000000.0,True,30,要人手査定
3422,13103,東京都港区芝,中古マンション等,20,46.0,2.0,14000000,0.3810044256450555,0.6189955743549446,-38.10044256450555,安値,中度,15474889.358873613,25000000.0,True,30,要人手査定
29193,13120,東京都練馬区豊玉北,中古マンション等,75,25.0,3.0,87000000,0.38098714152210783,1.3809871415221078,38.09871415221078,高値,中度,87002189.9158928,63000000.0,True,30,要人手査定
34015,13201,東京都八王子市旭町,中古マンション等,40,7.0,3.0,35000000,0.3808950334814559,1.380895033481456,38.08950334814559,高値,中度,37974613.42074004,27500000.0,True,30,要人手査定
20569,13113,東京都渋谷区広尾,中古マンション等,90,44.0,11.0,120000000,0.3808488922008444,1.3808488922008444,38.08488922008444,高値,中度,151893378.14209288,110000000.0,True,30,要人手査定
16810,13111,東京都大田区山王,中古マンション等,60,41.0,13.0,57000000,0.3807244666882736,1.3807244666882736,38.07244666882736,高値,中度,52467529.734154396,38000000.0,True,30,要人手査定
3594,13103,東京都港区赤坂,中古マンション等,70,8.0,8.0,210000000,0.3806852535756064,1.3806852535756065,38.06852535756064,高値,中度,234716493.10785308,170000000.0,True,30,要人手査定
18500,13112,東京都世田谷区北沢,中古マンション等,100,43.0,6.0,120000000,0.38065087990886765,1.3806508799088677,38.06508799088677,高値,中度,111832721.27261828,81000000.0,True,30,要人手査定
34533,13202,東京都立川市高松町,中古マンション等,60,27.0,8.0,57000000,0.38063545485924904,1.380635454859249,38.063545485924905,高値,中度,42799699.10063672,31000000.0,True,30,要人手査定
22003,13114,東京都中野区中央,中古マンション等,60,26.0,6.0,84000000,0.38058242950619464,1.3805824295061946,38.058242950619466,高値,中度,94569896.42117433,68500000.0,True,30,要人手査定
22257,13114,東京都中野区白鷺,中古マンション等,60,14.0,8.0,48000000,0.3805438847204104,0.6194561152795895,-38.05438847204104,安値,中度,49556489.22236717,80000000.0,True,30,要人手査定
4329,13103,東京都港区台場,中古マンション等,55,20.0,4.0,110000000,0.3805122052667403,0.6194877947332597,-38.05122052667403,安値,中度,89825730.23632266,145000000.0,True,30,要人手査定
26650,13118,東京都荒川区南千住,中古マンション等,95,19.0,19.0,73000000,0.38045537751756686,1.380455377517567,38.04553775175668,高値,中度,78685956.51850131,57000000.0,True,30,要人手査定
26651,13118,東京都荒川区南千住,中古マンション等,95,19.0,19.0,75000000,0.38045537751756686,1.380455377517567,38.04553775175668,高値,中度,78685956.51850131,57000000.0,True,30,要人手査定
35748,13206,東京都府中市四谷,中古マンション等,75,18.0,5.0,27000000,0.38039224060042337,0.6196077593995767,-38.039224060042336,安値,中度,31290191.84967862,50500000.0,True,30,要人手査定
22608,13114,東京都中野区東中野,中古マンション等,75,15.0,9.0,130000000,0.3803613697880399,1.38036136978804,38.036136978803995,高値,中度,122852161.91113555,89000000.0,True,30,要人手査定
34372,13202,東京都立川市一番町,中古マンション等,70,31.0,15.0,19000000,0.3803612387100782,0.6196387612899218,-38.036123871007824,安値,中度,17969524.077407733,29000000.0,True,30,要人手査定
1539,13102,東京都中央区新川,中古マンション等,15,52.0,6.0,11000000,0.3803056965695788,0.6196943034304212,-38.03056965695788,安値,中度,11464344.613462793,18500000.0,True,30,要人手査定
12760,13108,東京都江東区豊洲,中古マンション等,85,18.0,7.0,190000000,0.3803054907733283,1.3803054907733283,38.03054907733283,高値,中度,172538186.34666604,125000000.0,True,30,要人手査定
18508,13112,東京都世田谷区給田,中古マンション等,65,55.0,12.0,36000000,0.3802698180261457,0.6197301819738543,-38.02698180261457,安値,中度,28197723.279810373,45500000.0,True,30,要人手査定
36028,13207,東京都昭島市中神町,中古マンション等,95,7.0,9.0,57000000,0.3802633472638045,1.3802633472638044,38.02633472638045,高値,中度,57971060.58507979,42000000.0,True,30,要人手査定
320,13101,東京都千代田区一番町,中古マンション等,140,10.0,3.0,680000000,0.3801003506545942,1.3801003506545941,38.01003506545942,高値,中度,565841143.7683836,410000000.0,True,30,要人手査定
27285,13119,東京都板橋区中丸町,中古マンション等,55,39.0,13.0,40000000,0.3800969820670288,1.3800969820670288,38.00969820670288,高値,中度,35882521.53374275,26000000.0,True,30,要人手査定
38232,13215,東京都国立市富士見台,中古マンション等,70,11.0,18.0,57000000,0.38008374920645693,1.3800837492064568,38.00837492064569,高値,中度,55203349.96825828,40000000.0,True,30,要人手査定
24251,13116,東京都豊島区西巣鴨,中古マンション等,60,21.0,1.0,59000000,0.3800803575284354,0.6199196424715646,-38.00803575284354,安値,中度,61682004.42592068,99500000.0,True,30,要人手査定
2133,13102,東京都中央区築地,中古マンション等,35,27.0,7.0,40000000,0.38006088837862356,1.3800608883786236,38.00608883786236,高値,中度,60032648.644470125,43500000.0,True,30,要人手査定
4113,13103,東京都港区海岸,中古マンション等,50,26.0,2.0,65000000,0.37995382717750287,0.6200461728224972,-37.99538271775029,安値,中度,65104848.1463622,105000000.0,True,30,要人手査定
37112,13210,東京都小金井市梶野町,中古マンション等,60,27.0,11.0,27000000,0.3798788102756775,0.6201211897243225,-37.98788102756775,安値,中度,32556362.460526932,52500000.0,True,30,要人手査定
38625,13221,東京都清瀬市松山,中古マンション等,80,22.0,3.0,48000000,0.3798397307054677,1.3798397307054677,37.983973070546774,高値,中度,43464951.51722223,31500000.0,True,30,要人手査定
22077,13114,東京都中野区新井,中古マンション等,65,17.0,9.0,95000000,0.3798298877820724,1.3798298877820725,37.982988778207236,高値,中度,100037666.86420025,72500000.0,True,30,要人手査定
19959,13112,東京都世田谷区上用賀,中古マンション等,65,54.0,16.0,53000000,0.3797975931891443,1.3797975931891442,37.97975931891443,高値,中度,49672713.354809195,36000000.0,True,30,要人手査定
35969,13207,東京都昭島市昭和町,中古マンション等,70,31.0,6.0,26000000,0.3796731832730087,0.6203268167269913,-37.96731832730087,安値,中度,20470784.951990712,33000000.0,True,30,要人手査定
7964,13106,東京都台東区台東,中古マンション等,45,3.0,10.0,79000000,0.3796728103351205,1.3796728103351206,37.96728103351205,高値,中度,71053149.7322587,51500000.0,True,30,要人手査定
38389,13219,東京都狛江市岩戸北,中古マンション等,40,52.0,6.0,14000000,0.3796482413352294,0.6203517586647705,-37.96482413352294,安値,中度,13957914.569957338,22500000.0,True,30,要人手査定
20688,13113,東京都渋谷区広尾,中古マンション等,115,18.0,11.0,350000000,0.3796189854902709,1.379618985490271,37.96189854902709,高値,中度,351802841.3000191,255000000.0,True,30,要人手査定
37949,13214,東京都国分寺市東恋ケ窪,中古マンション等,50,42.0,9.0,27000000,0.3795952519877987,0.6204047480122012,-37.95952519877987,安値,中度,17991737.692353837,29000000.0,True,30,要人手査定
32237,13122,東京都葛飾区亀有,中古マンション等,50,25.0,9.0,34000000,0.379594455170279,1.379594455170279,37.9594455170279,高値,中度,41387833.65510837,30000000.0,True,30,要人手査定
20461,13113,東京都渋谷区神宮前,中古マンション等,60,17.0,6.0,76000000,0.3795472457436606,0.6204527542563394,-37.95472457436606,安値,中度,86863385.59588751,140000000.0,True,30,要人手査定
36361,13208,東京都調布市国領町,中古マンション等,40,55.0,6.0,11000000,0.3793677828391474,0.6206322171608526,-37.93677828391474,安値,中度,10861063.80031492,17500000.0,True,30,要人手査定
2935,13103,東京都港区浜松町,中古マンション等,70,7.0,5.0,380000000,0.37933643138473006,1.37933643138473,37.933643138473,高値,中度,296557332.74771696,215000000.0,True,30,要人手査定
37125,13210,東京都小金井市本町,中古マンション等,50,57.0,5.0,9800000,0.37931351644240013,0.6206864835575998,-37.93135164424001,安値,中度,11793043.187594397,19000000.0,True,30,要人手査定
36565,13208,東京都調布市国領町,中古マンション等,45,55.0,7.0,23000000,0.3793112737103677,1.3793112737103677,37.93112737103677,高値,中度,22068980.379365884,16000000.0,True,30,要人手査定
36564,13208,東京都調布市国領町,中古マンション等,45,55.0,7.0,22000000,0.3793112737103677,1.3793112737103677,37.93112737103677,高値,中度,22068980.379365884,16000000.0,True,30,要人手査定
15220,13110,東京都目黒区洗足,中古マンション等,90,38.0,3.0,86000000,0.3792864296568904,0.6207135703431096,-37.92864296568904,安値,中度,74485628.44117315,120000000.0,True,30,要人手査定
26082,13117,東京都北区滝野川,中古マンション等,30,22.0,7.0,25000000,0.37927150273698723,1.3792715027369873,37.92715027369872,高値,中度,33792151.81705619,24500000.0,True,30,要人手査定
10096,13107,東京都墨田区八広,中古マンション等,60,29.0,14.0,33000000,0.37921680670081226,0.6207831932991877,-37.92168067008122,安値,中度,34453467.22810492,55500000.0,True,30,要人手査定
30639,13121,東京都足立区千住,中古マンション等,70,10.0,11.0,66000000,0.3791621114342288,1.3791621114342287,37.91621114342288,高値,中度,68268524.51599433,49500000.0,True,30,要人手査定
39221,13225,東京都稲城市大丸,中古マンション等,60,30.0,8.0,14000000,0.379105344023587,0.620894655976413,-37.9105344023587,安値,中度,19868628.991245218,32000000.0,True,30,要人手査定
32521,13123,東京都江戸川区東小岩,中古マンション等,60,45.0,10.0,24000000,0.379068325243724,0.620931674756276,-37.906832524372405,安値,中度,20801211.104335245,33500000.0,True,30,要人手査定
21981,13114,東京都中野区鷺宮,中古マンション等,30,12.0,6.0,20000000,0.3790573323934324,0.6209426676065676,-37.90573323934324,安値,中度,22353936.03383643,36000000.0,True,30,要人手査定
10742,13108,東京都江東区豊洲,中古マンション等,115,17.0,6.0,230000000,0.3790275605490634,1.3790275605490634,37.90275605490634,高値,中度,227539547.49059546,165000000.0,True,30,要人手査定
19150,13112,東京都世田谷区等々力,中古マンション等,35,38.0,9.0,15000000,0.3790032309805745,0.6209967690194255,-37.90032309805745,安値,中度,19250899.83960219,31000000.0,True,30,要人手査定
29968,13120,東京都練馬区中村北,中古マンション等,60,41.0,7.0,55000000,0.3789639317083595,1.3789639317083595,37.89639317083595,高値,中度,55158557.26833438,40000000.0,True,30,要人手査定
18380,13112,東京都世田谷区喜多見,中古マンション等,45,45.0,15.0,16000000,0.378943105499801,0.6210568945001991,-37.8943105499801,安値,中度,18942235.28225607,30500000.0,True,30,要人手査定
32009,13122,東京都葛飾区堀切,中古マンション等,60,11.0,3.0,42000000,0.37881841464017474,0.6211815853598253,-37.88184146401748,安値,中度,41619166.21910829,67000000.0,True,30,要人手査定
34373,13202,東京都立川市一番町,中古マンション等,80,27.0,12.0,18000000,0.37881668029930354,0.6211833197006964,-37.88166802993035,安値,中度,18635499.591020893,30000000.0,True,30,要人手査定
35999,13207,東京都昭島市拝島町,中古マンション等,65,36.0,5.0,14000000,0.3787842950846277,0.6212157049153724,-37.878429508462766,安値,中度,13666745.508138191,22000000.0,True,30,要人手査定
35379,13205,東京都青梅市長淵,中古マンション等,50,36.0,28.0,3800000,0.378712109158156,0.621287890841844,-37.8712109158156,安値,中度,4597530.3922296455,7400000.0,True,30,要人手査定
26305,13118,東京都荒川区西尾久,中古マンション等,50,36.0,4.0,19000000,0.37865217222757264,0.6213478277724274,-37.865217222757266,安値,中度,21125826.14426253,34000000.0,True,30,要人手査定
19747,13112,東京都世田谷区三軒茶屋,中古マンション等,70,22.0,4.0,120000000,0.378648286774627,1.378648286774627,37.8648286774627,高値,中度,117874428.5192306,85500000.0,True,30,要人手査定
30617,13121,東京都足立区梅田,中古マンション等,35,44.0,9.0,9000000,0.3786294327546031,1.3786294327546031,37.86294327546031,高値,中度,13096979.61116873,9500000.0,True,30,要人手査定
34820,13203,東京都武蔵野市中町,中古マンション等,50,58.0,12.0,26000000,0.37859639472901463,0.6214036052709854,-37.85963947290146,安値,中度,18642108.15812956,30000000.0,True,30,要人手査定
26071,13117,東京都北区滝野川,中古マンション等,50,51.0,10.0,40000000,0.3785775323055227,1.3785775323055227,37.85775323055227,高値,中度,39978748.43686016,29000000.0,True,30,要人手査定
16515,13111,東京都大田区大森南,中古マンション等,20,20.0,13.0,13000000,0.37854395948811675,0.6214560405118832,-37.85439594881168,安値,中度,14293488.931773314,23000000.0,True,30,要人手査定
7464,13105,東京都文京区水道,中古マンション等,30,17.0,8.0,36000000,0.3784970881437904,1.3784970881437904,37.84970881437904,高値,中度,36530172.835810445,26500000.0,True,30,要人手査定
25489,13117,東京都北区滝野川,中古マンション等,35,14.0,4.0,40000000,0.3784792216111053,1.3784792216111053,37.84792216111053,高値,中度,36529699.37269429,26500000.0,True,30,要人手査定
21788,13114,東京都中野区中野,中古マンション等,55,60.0,4.0,53000000,0.37843657011340387,1.3784365701134038,37.84365701134039,高値,中度,53069807.94936605,38500000.0,True,30,要人手査定
30770,13121,東京都足立区千住橋戸町,中古マンション等,65,45.0,5.0,30000000,0.37839919248631076,1.3783991924863108,37.83991924863108,高値,中度,29635582.63845568,21500000.0,True,30,要人手査定
22844,13115,東京都杉並区永福,中古マンション等,20,35.0,5.0,10000000,0.3783916980763996,0.6216083019236004,-37.83916980763996,安値,中度,9945732.830777606,16000000.0,True,30,要人手査定
26896,13118,東京都荒川区南千住,中古マンション等,110,34.0,16.0,74000000,0.37838357759624774,1.3783835775962479,37.83835775962478,高値,中度,73743521.40139925,53500000.0,True,30,要人手査定
34378,13202,東京都立川市曙町,中古マンション等,75,10.0,2.0,120000000,0.3782131914863436,1.3782131914863436,37.82131914863436,高値,中度,72356192.55303304,52500000.0,True,30,要人手査定
34383,13202,東京都立川市曙町,中古マンション等,75,10.0,2.0,110000000,0.3782131914863436,1.3782131914863436,37.82131914863436,高値,中度,72356192.55303304,52500000.0,True,30,要人手査定
22286,13114,東京都中野区白鷺,中古マンション等,50,52.0,5.0,21000000,0.37821153405915436,0.6217884659408456,-37.82115340591544,安値,中度,20519019.376047906,33000000.0,True,30,要人手査定
37546,13212,東京都日野市百草,中古マンション等,50,56.0,5.0,7900000,0.37814381304476447,0.6218561869552356,-37.81438130447645,安値,中度,6840418.056507591,11000000.0,True,30,要人手査定
13964,13109,東京都品川区東品川,中古マンション等,75,13.0,6.0,110000000,0.37813261827393885,0.6218673817260612,-37.81326182739389,安値,中度,105717454.8934304,170000000.0,True,30,要人手査定
37581,13212,東京都日野市三沢,中古マンション等,50,56.0,14.0,2000000,0.3781223522287498,0.6218776477712502,-37.81223522287498,安値,中度,6374245.889655314,10250000.0,True,30,要人手査定
18105,13112,東京都世田谷区千歳台,中古マンション等,95,24.0,10.0,73000000,0.3780972602475941,0.6219027397524058,-37.809726024759414,安値,中度,74628328.7702887,120000000.0,True,30,要人手査定
10616,13108,東京都江東区亀戸,中古マンション等,85,21.0,10.0,54000000,0.3780574521327777,0.6219425478672223,-37.80574521327777,安値,中度,56285800.58198362,90500000.0,True,30,要人手査定
24546,13116,東京都豊島区池袋本町,中古マンション等,45,36.0,9.0,31000000,0.37804890522094087,0.6219510947790591,-37.804890522094084,安値,中度,27054872.62288907,43500000.0,True,30,要人手査定
25641,13117,東京都北区上中里,中古マンション等,20,35.0,3.0,5700000,0.3780143343095167,0.6219856656904833,-37.80143343095167,安値,中度,10573756.316738216,17000000.0,True,30,要人手査定
19235,13112,東京都世田谷区下馬,中古マンション等,40,59.0,13.0,26000000,0.37797820301302204,0.6220217969869779,-37.7978203013022,安値,中度,20526719.300570272,33000000.0,True,30,要人手査定
14153,13109,東京都品川区大崎,中古マンション等,75,12.0,5.0,160000000,0.37791725203116194,1.377917252031162,37.791725203116194,高値,中度,179129242.76405105,130000000.0,True,30,要人手査定
17813,13111,東京都大田区西糀谷,中古マンション等,35,9.0,11.0,44000000,0.377899745731353,1.3778997457313529,37.7899745731353,高値,中度,39270142.75334356,28500000.0,True,30,要人手査定
6137,13104,東京都新宿区新宿,中古マンション等,35,14.0,3.0,54000000,0.3778500806315857,1.3778500806315856,37.78500806315857,高値,中度,57869703.3865266,42000000.0,True,30,要人手査定
39395,13229,東京都西東京市田無町,中古マンション等,45,45.0,13.0,12000000,0.37783941500057194,0.6221605849994281,-37.783941500057196,安値,中度,12443211.69998856,20000000.0,True,30,要人手査定
11474,13108,東京都江東区東陽,中古マンション等,105,47.0,6.0,76000000,0.377815519095039,1.377815519095039,37.781551909503904,高値,中度,80602207.86705978,58500000.0,True,30,要人手査定
27406,13119,東京都板橋区徳丸,中古マンション等,65,53.0,6.0,32000000,0.3778065619751188,1.3778065619751187,37.78065619751188,高値,中度,34445164.04937797,25000000.0,True,30,要人手査定
3173,13103,東京都港区六本木,中古マンション等,60,22.0,1.0,240000000,0.37777587084410746,1.3777758708441075,37.77758708441075,高値,中度,206666380.62661612,150000000.0,True,30,要人手査定
22180,13114,東京都中野区本町,中古マンション等,35,53.0,3.0,25000000,0.3777706640417165,1.3777706640417164,37.77706640417165,高値,中度,29622069.276896905,21500000.0,True,30,要人手査定
22651,13114,東京都中野区本町,中古マンション等,50,20.0,3.0,75000000,0.3776700227650828,1.3776700227650829,37.76700227650828,高値,中度,81282531.34313989,59000000.0,True,30,要人手査定
30280,13121,東京都足立区保木間,中古マンション等,80,18.0,5.0,28000000,0.3775684287966893,0.6224315712033107,-37.75684287966893,安値,中度,42325346.84182513,68000000.0,True,30,要人手査定
21571,13113,東京都渋谷区富ケ谷,中古マンション等,20,23.0,12.0,22000000,0.3775625000308801,0.6224374999691199,-37.75625000308801,安値,中度,25519937.498733915,41000000.0,True,30,要人手査定
35635,13206,東京都府中市栄町,中古マンション等,60,42.0,19.0,16000000,0.3775224206683933,0.6224775793316067,-37.75224206683933,安値,中度,15250700.693624364,24500000.0,True,30,要人手査定
1379,13102,東京都中央区日本橋横山町,中古マンション等,35,45.0,1.0,27000000,0.37747279251993476,0.6225272074800653,-37.747279251993476,安値,中度,24278561.091722544,39000000.0,True,30,要人手査定
24542,13116,東京都豊島区池袋本町,中古マンション等,25,57.0,12.0,6800000,0.3774549449195699,0.6225450550804301,-37.74549449195699,安値,中度,12450901.101608602,20000000.0,True,30,要人手査定
11326,13108,東京都江東区豊洲,中古マンション等,75,24.0,3.0,140000000,0.3774545419972074,1.3774545419972075,37.74545419972074,高値,中度,109507636.08877799,79500000.0,True,30,要人手査定
37343,13211,東京都小平市天神町,中古マンション等,60,48.0,19.0,6000000,0.37742071989412684,0.6225792801058732,-37.742071989412686,安値,中度,13696744.16232921,22000000.0,True,30,要人手査定
28587,13119,東京都板橋区南町,中古マンション等,20,7.0,6.0,41000000,0.37734180264827205,1.377341802648272,37.7341802648272,高値,中度,35810886.868855074,26000000.0,True,30,要人手査定
21605,13113,東京都渋谷区幡ケ谷,中古マンション等,65,13.0,11.0,79000000,0.3773399648099207,0.6226600351900793,-37.73399648099207,安値,中度,99625605.63041268,160000000.0,True,30,要人手査定
34834,13203,東京都武蔵野市吉祥寺北町,中古マンション等,80,48.0,21.0,41000000,0.37728282683567405,0.622717173164326,-37.72828268356741,安値,中度,38919823.32277037,62500000.0,True,30,要人手査定
36448,13208,東京都調布市下石原,中古マンション等,100,24.0,11.0,70000000,0.37726817693353804,1.377268176933538,37.7268176933538,高値,中度,68863408.8466769,50000000.0,True,30,要人手査定
20739,13113,東京都渋谷区円山町,中古マンション等,30,22.0,3.0,42000000,0.3772174256139256,1.3772174256139256,37.72174256139256,高値,中度,41316522.76841777,30000000.0,True,30,要人手査定
402,13101,東京都千代田区神田淡路町,中古マンション等,75,13.0,2.0,300000000,0.37712445251698523,1.3771244525169852,37.712445251698526,高値,中度,296081757.2911518,215000000.0,True,30,要人手査定
37080,13209,東京都町田市藤の台,中古マンション等,45,23.0,5.0,6500000,0.37702278432311653,0.6229772156768835,-37.70227843231165,安値,中度,22427179.764367804,36000000.0,True,30,要人手査定
15248,13110,東京都目黒区下目黒,中古マンション等,65,45.0,4.0,71000000,0.3769854355521412,1.3769854355521411,37.69854355521412,高値,中度,86061589.72200882,62500000.0,True,30,要人手査定
30860,13121,東京都足立区千住関屋町,中古マンション等,75,17.0,12.0,63000000,0.37691007779367036,1.3769100777936705,37.691007779367034,高値,中度,61960953.50071517,45000000.0,True,30,要人手査定
5844,13104,東京都新宿区下落合,中古マンション等,35,16.0,12.0,43000000,0.37686134658900144,1.3768613465890014,37.686134658900144,高値,中度,46813285.78402605,34000000.0,True,30,要人手査定
5847,13104,東京都新宿区下落合,中古マンション等,35,16.0,12.0,58000000,0.37686134658900144,1.3768613465890014,37.686134658900144,高値,中度,46813285.78402605,34000000.0,True,30,要人手査定
21628,13113,東京都渋谷区東,中古マンション等,40,26.0,5.0,72000000,0.37685411720572926,1.3768541172057294,37.68541172057292,高値,中度,71596414.09469792,52000000.0,True,30,要人手査定
11017,13108,東京都江東区大島,中古マンション等,90,25.0,6.0,78000000,0.3768295332479809,0.6231704667520191,-37.68295332479809,安値,中度,68548751.3427221,110000000.0,True,30,要人手査定
14270,13109,東京都品川区荏原,中古マンション等,65,27.0,8.0,120000000,0.3767851255043745,1.3767851255043746,37.678512550437446,高値,中度,114961557.97961527,83500000.0,True,30,要人手査定
12688,13108,東京都江東区東陽,中古マンション等,85,24.0,2.0,130000000,0.37669479409958406,1.376694794099584,37.669479409958406,高値,中度,126655921.05716173,92000000.0,True,30,要人手査定
18781,13112,東京都世田谷区奥沢,中古マンション等,30,56.0,10.0,15000000,0.3766750130020249,0.6233249869979751,-37.66750130020249,安値,中度,14959799.687951403,24000000.0,True,30,要人手査定
2803,13103,東京都港区南青山,中古マンション等,25,48.0,1.0,34000000,0.3766638546192935,1.3766638546192935,37.66638546192935,高値,中度,35104928.292791985,25500000.0,True,30,要人手査定
10630,13108,東京都江東区亀戸,中古マンション等,85,21.0,10.0,50000000,0.3765614543679904,0.6234385456320096,-37.65614543679904,安値,中度,56421188.37969687,90500000.0,True,30,要人手査定
10638,13108,東京都江東区亀戸,中古マンション等,85,21.0,10.0,50000000,0.3765614543679904,0.6234385456320096,-37.65614543679904,安値,中度,56421188.37969687,90500000.0,True,30,要人手査定
23116,13115,東京都杉並区上井草,中古マンション等,75,19.0,6.0,48000000,0.37651051876994057,0.6234894812300594,-37.65105187699406,安値,中度,58296266.495010555,93500000.0,True,30,要人手査定
36617,13208,東京都調布市染地,中古マンション等,40,23.0,15.0,9600000,0.3765066170270516,0.6234933829729483,-37.650661702705165,安値,中度,19328294.8721614,31000000.0,True,30,要人手査定
1943,13102,東京都中央区日本橋浜町,中古マンション等,95,21.0,5.0,250000000,0.3764891487491119,1.376489148749112,37.648914874911185,高値,中度,206473372.31236678,150000000.0,True,30,要人手査定
2620,13103,東京都港区浜松町,中古マンション等,70,7.0,5.0,350000000,0.3764389873094065,1.3764389873094065,37.64389873094065,高値,中度,295934382.2715224,215000000.0,True,30,要人手査定
27743,13119,東京都板橋区小茂根,中古マンション等,130,26.0,12.0,77000000,0.37641361915172467,1.3764136191517247,37.64136191517247,高値,中度,96348953.34062073,70000000.0,True,30,要人手査定
39657,13303,東京都西多摩郡瑞穂町むさし野,中古マンション等,45,37.0,19.0,4400000,0.37635954704394897,1.376359547043949,37.6359547043949,高値,中度,5780710.097584586,4200000.0,True,3,要人手査定
19101,13112,東京都世田谷区北烏山,中古マンション等,45,43.0,8.0,25000000,0.37634918161022607,0.6236508183897739,-37.634918161022604,安値,中度,25569683.55398073,41000000.0,True,30,要人手査定
4449,13103,東京都港区三田,中古マンション等,85,16.0,3.0,400000000,0.37626083497163876,1.3762608349716388,37.626083497163876,高値,中度,419759554.6663498,305000000.0,True,30,要人手査定
20864,13113,東京都渋谷区本町,中古マンション等,55,41.0,8.0,35000000,0.37624378440013817,0.6237562155998618,-37.624378440013814,安値,中度,36801616.72039185,59000000.0,True,30,要人手査定
13073,13109,東京都品川区西大井,中古マンション等,50,32.0,5.0,55000000,0.37622625985855424,0.6237737401414458,-37.62262598585542,安値,中度,44911709.290184096,72000000.0,True,30,要人手査定
15585,13110,東京都目黒区目黒,中古マンション等,80,27.0,11.0,140000000,0.3762014558054859,1.3762014558054858,37.620145580548595,高値,中度,151382160.13860345,110000000.0,True,30,要人手査定
6430,13104,東京都新宿区百人町,中古マンション等,30,18.0,3.0,42000000,0.37618409205473896,1.376184092054739,37.618409205473895,高値,中度,46790259.129861124,34000000.0,True,30,要人手査定
38334,13218,東京都福生市武蔵野台,中古マンション等,20,38.0,10.0,3000000,0.37614271075186506,0.623857289248135,-37.61427107518651,安値,中度,4585351.075973792,7350000.0,True,30,要人手査定
16668,13111,東京都大田区山王,中古マンション等,75,48.0,2.0,62000000,0.3761223112740217,1.3761223112740217,37.61223112740217,高値,中度,61925504.00733098,45000000.0,True,30,要人手査定
13200,13109,東京都品川区大井,中古マンション等,70,14.0,5.0,170000000,0.37609824727569463,1.3760982472756946,37.60982472756946,高値,中度,172012280.90946183,125000000.0,True,30,要人手査定
13207,13109,東京都品川区大井,中古マンション等,70,14.0,5.0,170000000,0.37609824727569463,1.3760982472756946,37.60982472756946,高値,中度,172012280.90946183,125000000.0,True,30,要人手査定
23854,13115,東京都杉並区高円寺南,中古マンション等,80,53.0,2.0,33000000,0.3760772624069461,1.3760772624069462,37.60772624069461,高値,中度,59859360.914702155,43500000.0,True,30,要人手査定
36317,13208,東京都調布市調布ケ丘,中古マンション等,80,14.0,11.0,75000000,0.3760492365023792,1.376049236502379,37.60492365023792,高値,中度,74306658.77112848,54000000.0,True,30,要人手査定
23002,13115,東京都杉並区荻窪,中古マンション等,15,42.0,13.0,7000000,0.37602842325301833,0.6239715767469817,-37.602842325301836,安値,中度,6863687.344216798,11000000.0,True,30,要人手査定
21444,13113,東京都渋谷区笹塚,中古マンション等,15,32.0,10.0,11000000,0.37599944359100723,0.6240005564089928,-37.599944359100725,安値,中度,15600013.91022482,25000000.0,True,30,要人手査定
15548,13110,東京都目黒区大橋,中古マンション等,25,9.0,2.0,55000000,0.37597832353191757,0.6240216764680824,-37.597832353191755,安値,中度,39625376.45572323,63500000.0,True,30,要人手査定
31862,13122,東京都葛飾区金町,中古マンション等,65,17.0,2.0,69000000,0.3759712938400457,1.3759712938400457,37.59712938400457,高値,中度,73614464.22044244,53500000.0,True,30,要人手査定
32341,13122,東京都葛飾区新宿,中古マンション等,65,10.0,16.0,65000000,0.3759638039887796,1.3759638039887796,37.59638039887796,高値,中度,66046262.59146142,48000000.0,True,30,要人手査定
23580,13115,東京都杉並区下井草,中古マンション等,45,53.0,11.0,13000000,0.37593740073263504,0.624062599267365,-37.593740073263504,安値,中度,16537658.880585171,26500000.0,True,30,要人手査定
3664,13103,東京都港区芝浦,中古マンション等,20,50.0,4.0,14000000,0.3758992627335975,0.6241007372664025,-37.589926273359744,安値,中度,13418165.851227654,21500000.0,True,30,要人手査定
21133,13113,東京都渋谷区渋谷,中古マンション等,100,23.0,8.0,330000000,0.3758980634882512,1.3758980634882512,37.58980634882512,高値,中度,343974515.8720628,250000000.0,True,30,要人手査定
8294,13106,東京都台東区池之端,中古マンション等,60,16.0,6.0,130000000,0.3757567474501259,1.3757567474501258,37.57567474501259,高値,中度,114187810.03836045,83000000.0,True,30,要人手査定
21000,13113,東京都渋谷区本町,中古マンション等,20,31.0,11.0,11000000,0.3757500892664231,0.6242499107335768,-37.57500892664231,安値,中度,14357747.946872268,23000000.0,True,30,要人手査定
37566,13212,東京都日野市百草,中古マンション等,90,35.0,13.0,30000000,0.3757131182145622,0.6242868817854378,-37.57131182145622,安値,中度,20601467.098919448,33000000.0,True,30,要人手査定
9273,13107,東京都墨田区石原,中古マンション等,20,35.0,15.0,10000000,0.37564778347073613,0.6243522165292639,-37.56477834707361,安値,中度,13111396.547114542,21000000.0,True,30,要人手査定
27135,13119,東京都板橋区仲宿,中古マンション等,40,4.0,4.0,49000000,0.3756354963108156,1.3756354963108157,37.563549631081564,高値,中度,48835060.119033955,35500000.0,True,30,要人手査定
13903,13109,東京都品川区小山,中古マンション等,80,7.0,1.0,230000000,0.37562863200915564,1.3756286320091557,37.562863200915565,高値,中度,185709865.321236,135000000.0,True,30,要人手査定
35577,13206,東京都府中市宮町,中古マンション等,80,22.0,3.0,58000000,0.37558242930178015,1.3755824293017802,37.55824293017802,高値,中度,65340165.39183456,47500000.0,True,30,要人手査定
52,13101,東京都千代田区富士見,中古マンション等,80,17.0,1.0,270000000,0.3755575902763018,1.3755575902763018,37.55575902763018,高値,中度,275111518.05526036,200000000.0,True,30,要人手査定
21947,13114,東京都中野区中野,中古マンション等,55,14.0,3.0,110000000,0.3755555375122645,1.3755555375122646,37.55555375122645,高値,中度,123799998.3761038,90000000.0,True,30,要人手査定
21758,13114,東京都中野区鷺宮,中古マンション等,55,26.0,10.0,37000000,0.37554741565478733,0.6244525843452127,-37.554741565478736,安値,中度,36842702.47636755,59000000.0,True,30,要人手査定
13684,13109,東京都品川区西五反田,中古マンション等,70,2.0,4.0,180000000,0.3755473990262284,1.3755473990262284,37.55473990262284,高値,中度,199454372.85880312,145000000.0,True,30,要人手査定
26756,13118,東京都荒川区西尾久,中古マンション等,45,44.0,4.0,17000000,0.37554074678925775,0.6244592532107422,-37.55407467892577,安値,中度,17797088.716506153,28500000.0,True,30,要人手査定
31267,13121,東京都足立区新田,中古マンション等,60,40.0,15.0,25000000,0.37552757531240893,1.375527575312409,37.55275753124089,高値,中度,29573842.869216792,21500000.0,True,30,要人手査定
36642,13208,東京都調布市多摩川,中古マンション等,45,54.0,4.0,13000000,0.37548172959839604,0.6245182704016039,-37.548172959839604,安値,中度,11241328.867228871,18000000.0,True,30,要人手査定
16962,13111,東京都大田区南久が原,中古マンション等,35,39.0,4.0,14000000,0.37546932646878656,0.6245306735312135,-37.54693264687866,安値,中度,14988736.164749123,24000000.0,True,30,要人手査定
20975,13113,東京都渋谷区恵比寿西,中古マンション等,55,27.0,5.0,140000000,0.375453293154886,1.375453293154886,37.5453293154886,高値,中度,136857602.66891116,99500000.0,True,30,要人手査定
11044,13108,東京都江東区亀戸,中古マンション等,35,6.0,5.0,55000000,0.3754335039141625,1.3754335039141625,37.543350391416254,高値,中度,48140172.63699569,35000000.0,True,30,要人手査定
4990,13104,東京都新宿区西新宿,中古マンション等,85,2.0,6.0,260000000,0.3753931640478878,1.3753931640478878,37.53931640478878,高値,中度,288832564.45005643,210000000.0,True,30,要人手査定
19232,13112,東京都世田谷区下馬,中古マンション等,55,54.0,7.0,60000000,0.37537428624015484,1.3753742862401548,37.53742862401548,高値,中度,58453407.16520658,42500000.0,True,30,要人手査定
21130,13113,東京都渋谷区渋谷,中古マンション等,35,45.0,4.0,35000000,0.37537145715080444,1.3753714571508044,37.53714571508044,高値,中度,41948829.443099536,30500000.0,True,30,要人手査定
21129,13113,東京都渋谷区渋谷,中古マンション等,35,45.0,4.0,36000000,0.37537145715080444,1.3753714571508044,37.53714571508044,高値,中度,41948829.443099536,30500000.0,True,30,要人手査定
23976,13115,東京都杉並区西荻北,中古マンション等,40,53.0,7.0,38000000,0.3753702363694822,1.3753702363694822,37.53702363694822,高値,中度,36447311.26379128,26500000.0,True,30,要人手査定
5719,13104,東京都新宿区白銀町,中古マンション等,75,22.0,4.0,160000000,0.37536589570597984,1.3753658957059798,37.53658957059798,高値,中度,165043907.48471758,120000000.0,True,30,要人手査定
15119,13110,東京都目黒区原町,中古マンション等,60,21.0,10.0,75000000,0.3753282115870217,0.6246717884129783,-37.53282115870217,安値,中度,61217835.26447187,98000000.0,True,30,要人手査定
6517,13105,東京都文京区小石川,中古マンション等,80,46.0,8.0,100000000,0.3752521938690766,1.3752521938690767,37.52521938690766,高値,中度,92829523.08616267,67500000.0,True,30,要人手査定
36131,13208,東京都調布市緑ケ丘,中古マンション等,85,8.0,11.0,85000000,0.3752441361756048,1.375244136175605,37.524413617560484,高値,中度,75638427.48965827,55000000.0,True,30,要人手査定
6615,13105,東京都文京区目白台,中古マンション等,35,47.0,6.0,13000000,0.375169564704366,0.624830435295634,-37.516956470436604,安値,中度,18432497.841221202,29500000.0,True,30,要人手査定
30401,13121,東京都足立区千住中居町,中古マンション等,60,36.0,11.0,38000000,0.37514838406301715,1.3751483840630172,37.51483840630171,高値,中度,35066283.79360694,25500000.0,True,30,要人手査定
38465,13219,東京都狛江市猪方,中古マンション等,65,24.0,4.0,40000000,0.37513654343902203,0.624863456560978,-37.5136543439022,安値,中度,40616124.67646357,65000000.0,True,30,要人手査定
28712,13120,東京都練馬区中村北,中古マンション等,55,23.0,6.0,62000000,0.3750681964993843,1.3750681964993843,37.50681964993843,高値,中度,61878068.84247229,45000000.0,True,30,要人手査定
21553,13113,東京都渋谷区代官山町,中古マンション等,15,41.0,4.0,22000000,0.37503635116750306,1.375036351167503,37.5036351167503,高値,中度,22000581.61868005,16000000.0,True,30,要人手査定
9121,13107,東京都墨田区墨田,中古マンション等,65,38.0,7.0,30000000,0.37501104530897905,0.6249889546910209,-37.501104530897905,安値,中度,29999469.825169004,48000000.0,True,30,要人手査定
8614,13106,東京都台東区下谷,中古マンション等,15,56.0,4.0,9000000,0.37494856901165174,0.6250514309883483,-37.49485690116517,安値,中度,10625874.32680192,17000000.0,True,30,要人手査定
38358,13218,東京都福生市武蔵野台,中古マンション等,15,38.0,11.0,5800000,0.3749281718699387,0.6250718281300613,-37.49281718699387,安値,中度,4594277.936755951,7350000.0,True,30,要人手査定
38359,13218,東京都福生市武蔵野台,中古マンション等,15,38.0,11.0,5800000,0.3749281718699387,0.6250718281300613,-37.49281718699387,安値,中度,4594277.936755951,7350000.0,True,30,要人手査定
24610,13116,東京都豊島区東池袋,中古マンション等,70,45.0,8.0,65000000,0.3749097029617096,1.3749097029617097,37.490970296170964,高値,中度,71495304.5540089,52000000.0,True,30,要人手査定
33969,13201,東京都八王子市千人町,中古マンション等,65,14.0,1.0,32000000,0.37487526754349415,0.6251247324565058,-37.48752675434942,安値,中度,35319547.38379258,56500000.0,True,30,要人手査定
27519,13119,東京都板橋区三園,中古マンション等,75,37.0,10.0,29000000,0.3747895725130675,0.6252104274869325,-37.47895725130675,安値,中度,27509258.80942503,44000000.0,True,30,要人手査定
15320,13110,東京都目黒区中目黒,中古マンション等,60,47.0,9.0,64000000,0.37476028610756895,1.374760286107569,37.4760286107569,高値,中度,83172997.30950792,60500000.0,True,30,要人手査定
5110,13104,東京都新宿区南元町,中古マンション等,85,10.0,10.0,200000000,0.3747063063299227,1.3747063063299227,37.47063063299227,高値,中度,206205945.9494884,150000000.0,True,30,要人手査定
36398,13208,東京都調布市多摩川,中古マンション等,25,17.0,5.0,12000000,0.37463425281497953,0.6253657471850205,-37.463425281497955,安値,中度,16572192.300403042,26500000.0,True,30,要人手査定
18132,13112,東京都世田谷区深沢,中古マンション等,70,31.0,18.0,86000000,0.3746146194430546,1.3746146194430546,37.461461944305455,高値,中度,79040340.61797564,57500000.0,True,30,要人手査定
21213,13113,東京都渋谷区神山町,中古マンション等,80,47.0,13.0,110000000,0.3746082942787285,1.3746082942787285,37.46082942787285,高値,中度,135398916.98645476,98500000.0,True,30,要人手査定
21152,13113,東京都渋谷区千駄ケ谷,中古マンション等,85,3.0,1.0,330000000,0.3745333706737186,1.3745333706737186,37.45333706737186,高値,中度,384869343.7886412,280000000.0,True,30,要人手査定
19445,13112,東京都世田谷区鎌田,中古マンション等,80,19.0,5.0,51000000,0.37450894538601087,0.6254910546139891,-37.45089453860109,安値,中度,59421650.18832897,95000000.0,True,30,要人手査定
26568,13118,東京都荒川区西日暮里,中古マンション等,60,9.0,3.0,85000000,0.3745000232518211,1.374500023251821,37.450002325182105,高値,中度,87968001.48811655,64000000.0,True,30,要人手査定
37569,13212,東京都日野市百草,中古マンション等,50,56.0,5.0,6200000,0.3744812345352717,0.6255187654647283,-37.448123453527174,安値,中度,6880706.420112011,11000000.0,True,30,要人手査定
22785,13115,東京都杉並区井草,中古マンション等,75,20.0,5.0,57000000,0.3744235563156751,0.625576443684325,-37.44235563156751,安値,中度,61619279.702906005,98500000.0,True,30,要人手査定
11454,13108,東京都江東区白河,中古マンション等,80,42.0,8.0,70000000,0.37441298593568395,1.374412985935684,37.4412985935684,高値,中度,70782268.77568772,51500000.0,True,30,要人手査定
30484,13121,東京都足立区千住東,中古マンション等,55,41.0,9.0,31000000,0.3743757546315884,1.3743757546315885,37.437575463158836,高値,中度,35733769.6204213,26000000.0,True,30,要人手査定
35192,13204,東京都三鷹市下連雀,中古マンション等,70,30.0,4.0,84000000,0.3743409755872277,1.3743409755872276,37.43409755872277,高値,中度,75588753.65729752,55000000.0,True,30,要人手査定
27322,13119,東京都板橋区高島平,中古マンション等,55,54.0,10.0,12000000,0.3743317931635099,0.6256682068364902,-37.43317931635099,安値,中度,15016036.964075763,24000000.0,True,30,要人手査定
19121,13112,東京都世田谷区下馬,中古マンション等,50,55.0,15.0,45000000,0.37433176197396606,1.3743317619739661,37.433176197396605,高値,中度,44665782.2641539,32500000.0,True,30,要人手査定
1264,13102,東京都中央区勝どき,中古マンション等,45,3.0,1.0,150000000,0.37426903482847496,1.374269034828475,37.42690348284749,高値,中度,125745616.68680546,91500000.0,True,30,要人手査定
20662,13113,東京都渋谷区神宮前,中古マンション等,115,2.0,3.0,650000000,0.37424871379665625,1.3742487137966564,37.424871379665625,高値,中度,467244562.69086313,340000000.0,True,30,要人手査定
34744,13203,東京都武蔵野市緑町,中古マンション等,65,25.0,19.0,48000000,0.37422323655882084,0.6257767634411792,-37.42232365588208,安値,中度,42865708.29572077,68500000.0,True,30,要人手査定
3501,13103,東京都港区港南,中古マンション等,85,21.0,5.0,180000000,0.3741972001602865,0.6258027998397134,-37.41972001602865,安値,中度,162708727.9583255,260000000.0,True,30,要人手査定
28875,13120,東京都練馬区高野台,中古マンション等,110,20.0,5.0,78000000,0.37410312315080296,1.374103123150803,37.4103123150803,高値,中度,96187218.6205562,70000000.0,True,30,要人手査定
12504,13108,東京都江東区塩浜,中古マンション等,70,43.0,12.0,57000000,0.37391740009337093,1.373917400093371,37.39174000933709,高値,中度,57704530.80392158,42000000.0,True,30,要人手査定
1313,13102,東京都中央区豊海町,中古マンション等,95,0.0,10.0,300000000,0.37383992783731285,1.3738399278373128,37.38399278373129,高値,中度,261029586.28908944,190000000.0,True,30,要人手査定
4445,13103,東京都港区三田,中古マンション等,85,35.0,4.0,240000000,0.37377022604040505,1.373770226040405,37.377022604040505,高値,中度,247278640.6872729,180000000.0,True,30,要人手査定
296,13101,東京都千代田区一番町,中古マンション等,50,47.0,1.0,60000000,0.3736186641114493,1.3736186641114492,37.36186641114493,高値,中度,69367742.53762819,50500000.0,True,30,要人手査定
17306,13111,東京都大田区大森本町,中古マンション等,65,42.0,7.0,57000000,0.37359578583555697,1.373595785835557,37.359578583555695,高値,中度,55630629.32634006,40500000.0,True,30,要人手査定
30589,13121,東京都足立区西新井本町,中古マンション等,50,55.0,2.0,8000000,0.37358956630233764,0.6264104336976624,-37.35895663023376,安値,中度,11901798.240255585,19000000.0,True,30,要人手査定
36910,13209,東京都町田市玉川学園,中古マンション等,75,31.0,9.0,22000000,0.3735709017979233,0.6264290982020767,-37.35709017979233,安値,中度,25683593.026285145,41000000.0,True,30,要人手査定
36453,13208,東京都調布市深大寺東町,中古マンション等,75,35.0,5.0,30000000,0.37356835367189967,0.6264316463281003,-37.356835367189966,安値,中度,33827308.90171742,54000000.0,True,30,要人手査定
29073,13120,東京都練馬区氷川台,中古マンション等,95,18.0,5.0,100000000,0.3735629259239128,1.3735629259239128,37.356292592391284,高値,中度,90655153.11097825,66000000.0,True,30,要人手査定
20702,13113,東京都渋谷区広尾,中古マンション等,110,13.0,11.0,290000000,0.3734993463968017,1.3734993463968017,37.34993463968017,高値,中度,343374836.5992004,250000000.0,True,30,要人手査定
21559,13113,東京都渋谷区富ケ谷,中古マンション等,15,43.0,13.0,14000000,0.3734625628077987,0.6265374371922012,-37.34625628077987,安値,中度,13783823.618228428,22000000.0,True,30,要人手査定
14346,13109,東京都品川区北品川,中古マンション等,50,29.0,10.0,88000000,0.3734530183726805,1.3734530183726805,37.34530183726805,高値,中度,87900993.17585155,64000000.0,True,30,要人手査定
19992,13112,東京都世田谷区喜多見,中古マンション等,20,40.0,5.0,21000000,0.37344977141557445,1.3734497714155744,37.34497714155744,高値,中度,15107947.48557132,11000000.0,True,30,要人手査定
10005,13107,東京都墨田区緑,中古マンション等,30,3.0,3.0,48000000,0.37343716333194144,1.3734371633319413,37.343716333194145,高値,中度,46696863.55328601,34000000.0,True,30,要人手査定
38132,13214,東京都国分寺市本多,中古マンション等,20,18.0,13.0,19000000,0.3734247984825748,0.6265752015174252,-37.34247984825748,安値,中度,17544105.642487906,28000000.0,True,30,要人手査定
15258,13110,東京都目黒区下目黒,中古マンション等,40,48.0,3.0,58000000,0.3733970206764321,1.373397020676432,37.33970206764321,高値,中度,52189086.78570442,38000000.0,True,30,要人手査定
1663,13102,東京都中央区築地,中古マンション等,35,55.0,2.0,27000000,0.37333489693179,1.37333489693179,37.333489693179004,高値,中度,26780030.490169905,19500000.0,True,30,要人手査定
16492,13111,東京都大田区大森西,中古マンション等,75,16.0,15.0,77000000,0.3733339774118657,1.3733339774118658,37.333397741186566,高値,中度,83086705.63341787,60500000.0,True,30,要人手査定
33553,13201,東京都八王子市寺町,中古マンション等,25,45.0,9.0,5300000,0.3732937391101725,1.3732937391101725,37.32937391101725,高値,中度,5081186.834707638,3700000.0,True,30,要人手査定
15350,13110,東京都目黒区南,中古マンション等,30,9.0,10.0,33000000,0.37321945643729837,0.6267805435627016,-37.32194564372983,安値,中度,32905978.537041835,52500000.0,True,30,要人手査定
7851,13106,東京都台東区三ノ輪,中古マンション等,65,30.0,3.0,48000000,0.3731776356483423,0.6268223643516577,-37.31776356483423,安値,中度,48578733.23725347,77500000.0,True,30,要人手査定
15014,13110,東京都目黒区上目黒,中古マンション等,105,48.0,3.0,150000000,0.3731465782017217,1.3731465782017216,37.31465782017217,高値,中度,140060950.9765756,102000000.0,True,30,要人手査定
18311,13112,東京都世田谷区千歳台,中古マンション等,50,44.0,17.0,22000000,0.3730500843974031,0.6269499156025969,-37.30500843974031,安値,中度,22570196.961693488,36000000.0,True,30,要人手査定
37056,13209,東京都町田市原町田,中古マンション等,55,1.0,9.0,66000000,0.37302689742264167,1.3730268974226416,37.302689742264164,高値,中度,61099696.935307555,44500000.0,True,30,要人手査定
39335,13225,東京都稲城市若葉台,中古マンション等,95,26.0,7.0,57000000,0.37301433425591574,1.3730143342559158,37.301433425591576,高値,中度,48742008.86608501,35500000.0,True,30,要人手査定
13367,13109,東京都品川区勝島,中古マンション等,65,9.0,11.0,69000000,0.372986642084158,0.627013357915842,-37.2986642084158,安値,中度,68971469.37074262,110000000.0,True,30,要人手査定
36787,13209,東京都町田市鶴間,中古マンション等,75,12.0,4.0,57000000,0.3729105690658441,1.372910569065844,37.29105690658441,高値,中度,56975788.61623253,41500000.0,True,30,要人手査定
3389,13103,東京都港区港南,中古マンション等,80,21.0,5.0,160000000,0.37286470947958394,0.627135290520416,-37.28647094795839,安値,中度,150512469.72489986,240000000.0,True,30,要人手査定
4655,13104,東京都新宿区西早稲田,中古マンション等,35,34.0,10.0,32000000,0.3728066280036853,1.3728066280036852,37.28066280036853,高値,中度,30201745.816081077,22000000.0,True,30,要人手査定
25448,13117,東京都北区赤羽台,中古マンション等,50,55.0,6.0,18000000,0.37273628127103703,0.6272637187289629,-37.273628127103706,安値,中度,17877015.983775444,28500000.0,True,30,要人手査定
25449,13117,東京都北区赤羽台,中古マンション等,50,55.0,6.0,19000000,0.37273628127103703,0.6272637187289629,-37.273628127103706,安値,中度,17877015.983775444,28500000.0,True,30,要人手査定
17575,13111,東京都大田区新蒲田,中古マンション等,35,15.0,10.0,39000000,0.3727061081917068,1.3727061081917067,37.27061081917068,高値,中度,38435771.02936779,28000000.0,True,30,要人手査定
15086,13110,東京都目黒区下目黒,中古マンション等,20,20.0,13.0,20000000,0.37270058382693233,0.6272994161730677,-37.270058382693236,安値,中度,21955479.56605737,35000000.0,True,30,要人手査定
31647,13122,東京都葛飾区宝町,中古マンション等,65,14.0,12.0,40000000,0.3726756328904567,0.6273243671095433,-37.26756328904567,安値,中度,40148759.49501077,64000000.0,True,30,要人手査定
6702,13105,東京都文京区本駒込,中古マンション等,30,8.0,3.0,38000000,0.3726516912981754,0.6273483087018246,-37.26516912981754,安値,中度,35758853.596004,57000000.0,True,30,要人手査定
13536,13109,東京都品川区中延,中古マンション等,75,18.0,6.0,96000000,0.3726336943202038,0.6273663056797961,-37.26336943202038,安値,中度,100378608.90876739,160000000.0,True,30,要人手査定
14761,13109,東京都品川区南大井,中古マンション等,70,14.0,4.0,92000000,0.3725970126674624,0.6274029873325375,-37.25970126674624,安値,中度,94110448.09988064,150000000.0,True,30,要人手査定
36614,13208,東京都調布市染地,中古マンション等,40,23.0,25.0,14000000,0.37256443059723926,0.6274355694027608,-37.25644305972393,安値,中度,18823067.082082823,30000000.0,True,30,要人手査定
16041,13111,東京都大田区田園調布本町,中古マンション等,55,55.0,10.0,44000000,0.37254590830792805,1.372545908307928,37.25459083079281,高値,中度,44607742.02000766,32500000.0,True,30,要人手査定
20466,13113,東京都渋谷区神宮前,中古マンション等,30,61.0,2.0,100000000,0.3725049697784705,0.6274950302215295,-37.25049697784705,安値,中度,21962326.057753533,35000000.0,True,30,要人手査定
34539,13202,東京都立川市曙町,中古マンション等,30,1.0,8.0,36000000,0.3724813354591479,1.3724813354591479,37.24813354591479,高値,中度,37056996.05739699,27000000.0,True,30,要人手査定
34542,13202,東京都立川市曙町,中古マンション等,30,1.0,8.0,37000000,0.3724813354591479,1.3724813354591479,37.24813354591479,高値,中度,37056996.05739699,27000000.0,True,30,要人手査定
26494,13118,東京都荒川区東日暮里,中古マンション等,60,41.0,14.0,47000000,0.3724531907201125,1.3724531907201125,37.24531907201125,高値,中度,43918502.1030436,32000000.0,True,30,要人手査定
11407,13108,東京都江東区塩浜,中古マンション等,75,16.0,7.0,75000000,0.3724500983544832,0.6275499016455168,-37.245009835448315,安値,中度,75305988.19746202,120000000.0,True,30,要人手査定
11399,13108,東京都江東区塩浜,中古マンション等,75,16.0,7.0,72000000,0.3724500983544832,0.6275499016455168,-37.245009835448315,安値,中度,75305988.19746202,120000000.0,True,30,要人手査定
31870,13122,東京都葛飾区金町,中古マンション等,85,17.0,3.0,90000000,0.3724104662349878,1.3724104662349879,37.24104662349878,高値,中度,88520475.07215671,64500000.0,True,30,要人手査定
36670,13208,東京都調布市西つつじケ丘,中古マンション等,30,2.0,8.0,31000000,0.3723416278279993,1.3723416278279994,37.23416278279993,高値,中度,41856419.64875398,30500000.0,True,30,要人手査定
19336,13112,東京都世田谷区桜丘,中古マンション等,45,47.0,3.0,23000000,0.372327751226841,0.6276722487731591,-37.232775122684096,安値,中度,25734562.19969952,41000000.0,True,30,要人手査定
20036,13112,東京都世田谷区豪徳寺,中古マンション等,15,39.0,4.0,14000000,0.3723237740047323,1.3723237740047323,37.23237740047323,高値,中度,15095561.514052056,11000000.0,True,30,要人手査定
13801,13109,東京都品川区二葉,中古マンション等,20,29.0,2.0,13000000,0.37230087946634566,0.6276991205336543,-37.23008794663457,安値,中度,15692478.013341358,25000000.0,True,30,要人手査定
35834,13206,東京都府中市日鋼町,中古マンション等,70,60.0,12.0,23000000,0.37230047292847446,0.6276995270715255,-37.230047292847445,安値,中度,13181690.068502037,21000000.0,True,30,要人手査定
2793,13103,東京都港区南青山,中古マンション等,35,48.0,1.0,50000000,0.3722035530128658,1.3722035530128658,37.22035530128658,高値,中度,48027124.3554503,35000000.0,True,30,要人手査定
36474,13208,東京都調布市上石原,中古マンション等,60,42.0,16.0,18000000,0.3721310686759372,0.6278689313240629,-37.21310686759372,安値,中度,19463936.871045947,31000000.0,True,30,要人手査定
39426,13229,東京都西東京市柳沢,中古マンション等,45,44.0,2.0,19000000,0.3721128580507526,0.6278871419492473,-37.21128580507526,安値,中度,12557742.838984948,20000000.0,True,30,要人手査定
20554,13113,東京都渋谷区幡ケ谷,中古マンション等,35,52.0,4.0,32000000,0.37206116867508643,0.6279388313249136,-37.20611686750864,安値,中度,22291828.51203443,35500000.0,True,30,要人手査定
33229,13123,東京都江戸川区中葛西,中古マンション等,75,34.0,17.0,58000000,0.3720359513071209,1.372035951307121,37.20359513071209,高値,中度,54881438.05228484,40000000.0,True,30,要人手査定
18813,13112,東京都世田谷区上野毛,中古マンション等,50,35.0,6.0,23000000,0.37195482406511854,0.6280451759348815,-37.19548240651186,安値,中度,31716281.384711515,50500000.0,True,30,要人手査定
11316,13108,東京都江東区豊洲,中古マンション等,85,5.0,5.0,230000000,0.37194380034479824,1.3719438003447983,37.19438003447982,高値,中度,226370727.0568917,165000000.0,True,30,要人手査定
10147,13107,東京都墨田区両国,中古マンション等,35,38.0,6.0,39000000,0.3718748863430286,1.3718748863430286,37.18748863430286,高値,中度,34982809.60174723,25500000.0,True,30,要人手査定
33635,13201,東京都八王子市台町,中古マンション等,45,30.0,3.0,9800000,0.3718665024374031,0.6281334975625968,-37.18665024374031,安値,中度,13504870.197595833,21500000.0,True,30,要人手査定
30917,13121,東京都足立区西保木間,中古マンション等,55,31.0,11.0,19000000,0.37183050034458054,0.6281694996554195,-37.183050034458056,安値,中度,19159169.739490293,30500000.0,True,30,要人手査定
20376,13112,東京都世田谷区松原,中古マンション等,30,7.0,5.0,45000000,0.3717678240680494,1.3717678240680495,37.17678240680494,高値,中度,48011873.84238173,35000000.0,True,30,要人手査定
25775,13117,東京都北区田端,中古マンション等,75,23.0,5.0,85000000,0.3716940013076913,1.3716940013076913,37.169400130769134,高値,中度,85045028.08107686,62000000.0,True,30,要人手査定
31312,13121,東京都足立区千住大川町,中古マンション等,60,39.0,12.0,25000000,0.37155076181776947,1.3715507618177694,37.15507618177695,高値,中度,32917218.283626467,24000000.0,True,30,要人手査定
20042,13112,東京都世田谷区駒沢,中古マンション等,15,37.0,8.0,21000000,0.37153989290925404,1.3715398929092542,37.1539892909254,高値,中度,15772708.768456422,11500000.0,True,30,要人手査定
20236,13112,東京都世田谷区弦巻,中古マンション等,55,49.0,13.0,60000000,0.3715372741450135,1.3715372741450134,37.15372741450135,高値,中度,54861490.96580054,40000000.0,True,30,要人手査定
24803,13116,東京都豊島区南長崎,中古マンション等,80,26.0,2.0,63000000,0.37149445792743574,0.6285055420725643,-37.14944579274358,安値,中度,78563192.75907053,125000000.0,True,30,要人手査定
9574,13107,東京都墨田区八広,中古マンション等,50,46.0,8.0,23000000,0.37148379585002833,0.6285162041499717,-37.148379585002836,安値,中度,24826390.06392388,39500000.0,True,30,要人手査定
19220,13112,東京都世田谷区駒沢,中古マンション等,75,13.0,17.0,79000000,0.3714820369114955,1.3714820369114955,37.14820369114955,高値,中度,102861152.76836216,75000000.0,True,30,要人手査定
19709,13112,東京都世田谷区池尻,中古マンション等,70,22.0,10.0,130000000,0.37142719899363313,1.371427198993633,37.142719899363314,高値,中度,122057020.71043335,89000000.0,True,30,要人手査定
36875,13209,東京都町田市原町田,中古マンション等,85,27.0,3.0,59000000,0.3714113060804274,1.3714113060804274,37.14113060804274,高値,中度,57599274.85537795,42000000.0,True,30,要人手査定
3678,13103,東京都港区芝浦,中古マンション等,105,20.0,13.0,320000000,0.37134145003486935,1.3713414500348693,37.134145003486935,高値,中度,253698168.25645083,185000000.0,True,30,要人手査定
19127,13112,東京都世田谷区下馬,中古マンション等,60,41.0,10.0,67000000,0.3712954331647591,1.371295433164759,37.12954331647591,高値,中度,60336999.0592494,44000000.0,True,30,要人手査定
33492,13201,東京都八王子市暁町,中古マンション等,70,28.0,5.0,12000000,0.37129397144756415,0.6287060285524358,-37.12939714475642,安値,中度,17918121.813744422,28500000.0,True,30,要人手査定
19111,13112,東京都世田谷区駒沢,中古マンション等,70,47.0,11.0,75000000,0.37126679497780224,1.3712667949778021,37.12667949778022,高値,中度,67877706.35140121,49500000.0,True,30,要人手査定
11560,13108,東京都江東区越中島,中古マンション等,85,40.0,4.0,85000000,0.3711526106605071,1.371152610660507,37.11526106605071,高値,中度,85011461.86095144,62000000.0,True,30,要人手査定
343,13101,東京都千代田区飯田橋,中古マンション等,35,28.0,3.0,58000000,0.37111875330204575,1.3711187533020457,37.111875330204576,高値,中度,63757022.02854513,46500000.0,True,30,要人手査定
5301,13104,東京都新宿区西落合,中古マンション等,90,25.0,5.0,70000000,0.3710878163565711,0.6289121836434288,-37.10878163565711,安値,中度,88047705.71008004,140000000.0,True,30,要人手査定
27887,13119,東京都板橋区前野町,中古マンション等,60,57.0,12.0,16000000,0.37105365086064374,0.6289463491393563,-37.105365086064374,安値,中度,16038131.903053585,25500000.0,True,30,要人手査定
25082,13116,東京都豊島区西池袋,中古マンション等,70,21.0,10.0,110000000,0.37095699195653253,1.3709569919565325,37.09569919565325,高値,中度,118587779.80424006,86500000.0,True,30,要人手査定
31097,13121,東京都足立区伊興,中古マンション等,65,26.0,13.0,39000000,0.3709149205330728,1.3709149205330728,37.09149205330728,高値,中度,39071075.235192575,28500000.0,True,30,要人手査定
11728,13108,東京都江東区越中島,中古マンション等,85,40.0,4.0,85000000,0.37086772558550996,1.37086772558551,37.086772558551,高値,中度,84993798.98630162,62000000.0,True,30,要人手査定
31177,13121,東京都足立区大谷田,中古マンション等,60,23.0,14.0,30000000,0.3707475883280012,1.3707475883280011,37.07475883280012,高値,中度,37695558.67902003,27500000.0,True,30,要人手査定
38691,13222,東京都東久留米市南沢,中古マンション等,80,25.0,5.0,38000000,0.3707293998709874,1.3707293998709873,37.07293998709874,高値,中度,42492611.39600061,31000000.0,True,30,要人手査定
14231,13109,東京都品川区南大井,中古マンション等,35,49.0,4.0,25000000,0.3707043417467005,0.6292956582532995,-37.070434174670055,安値,中度,20766756.722358882,33000000.0,True,30,要人手査定
395,13101,東京都千代田区内神田,中古マンション等,35,4.0,4.0,110000000,0.37069734212360195,1.370697342123602,37.069734212360196,高値,中度,100060905.97502294,73000000.0,True,30,要人手査定
37213,13210,東京都小金井市本町,中古マンション等,45,57.0,6.0,8500000,0.37066598817721186,0.6293340118227881,-37.066598817721186,安値,中度,11328012.212810187,18000000.0,True,30,要人手査定
14268,13109,東京都品川区荏原,中古マンション等,85,25.0,9.0,150000000,0.3705209685505482,1.3705209685505482,37.05209685505482,高値,中度,150757306.5405603,110000000.0,True,30,要人手査定
21567,13113,東京都渋谷区富ケ谷,中古マンション等,20,21.0,12.0,24000000,0.37051660154372534,0.6294833984562747,-37.051660154372534,安値,中度,25808819.33670726,41000000.0,True,30,要人手査定
31448,13121,東京都足立区中川,中古マンション等,65,9.0,5.0,70000000,0.3704884431023338,1.3704884431023339,37.04884431023338,高値,中度,66468689.49046319,48500000.0,True,30,要人手査定
22344,13114,東京都中野区松が丘,中古マンション等,20,41.0,3.0,9000000,0.3704844311202586,0.6295155688797414,-37.04844311202586,安値,中度,9127975.74875625,14500000.0,True,30,要人手査定
9514,13107,東京都墨田区八広,中古マンション等,65,26.0,6.0,41000000,0.37048274038987905,0.629517259610121,-37.048274038987905,安値,中度,40918621.87465786,65000000.0,True,30,要人手査定
19839,13112,東京都世田谷区池尻,中古マンション等,70,22.0,11.0,130000000,0.37047556994181224,1.3704755699418123,37.04755699418122,高値,中度,116490423.44505404,85000000.0,True,30,要人手査定
29827,13120,東京都練馬区豊玉上,中古マンション等,50,42.0,5.0,39000000,0.3704538705309935,1.3704538705309934,37.04538705309935,高値,中度,41798843.0511953,30500000.0,True,30,要人手査定
33856,13201,東京都八王子市西片倉,中古マンション等,25,19.0,9.0,13000000,0.37042768736105597,0.629572312638944,-37.0427687361056,安値,中度,11332301.627500992,18000000.0,True,30,要人手査定
25097,13116,東京都豊島区西巣鴨,中古マンション等,60,48.0,11.0,60000000,0.37039665944264555,1.3703966594426455,37.039665944264556,高値,中度,56186263.03714847,41000000.0,True,30,要人手査定
9800,13107,東京都墨田区立花,中古マンション等,60,27.0,4.0,40000000,0.3703318295960614,0.6296681704039386,-37.033182959606144,安値,中度,38724592.47984222,61500000.0,True,30,要人手査定
3119,13103,東京都港区南青山,中古マンション等,35,48.0,1.0,40000000,0.37023299434605345,1.3702329943460534,37.02329943460534,高値,中度,47958154.80211187,35000000.0,True,30,要人手査定
6102,13104,東京都新宿区新宿,中古マンション等,45,41.0,2.0,70000000,0.3702238458182694,1.3702238458182694,37.02238458182694,高値,中度,65085632.6763678,47500000.0,True,30,要人手査定
5635,13104,東京都新宿区上落合,中古マンション等,35,54.0,4.0,14000000,0.37017151261566844,0.6298284873843316,-37.017151261566845,安値,中度,16060626.428300455,25500000.0,True,30,要人手査定
5753,13104,東京都新宿区上落合,中古マンション等,35,53.0,4.0,17000000,0.37009534184467946,0.6299046581553206,-37.009534184467945,安値,中度,17007425.770193655,27000000.0,True,30,要人手査定
347,13101,東京都千代田区一番町,中古マンション等,60,49.0,2.0,90000000,0.3700941463214843,1.3700941463214844,37.00941463214843,高値,中度,90426213.65721796,66000000.0,True,30,要人手査定
3795,13103,東京都港区芝浦,中古マンション等,20,46.0,6.0,13000000,0.36996420409600594,0.6300357959039941,-36.996420409600596,安値,中度,13230751.713983875,21000000.0,True,30,要人手査定
383,13101,東京都千代田区岩本町,中古マンション等,95,11.0,3.0,110000000,0.3699234987848281,0.6300765012151719,-36.99234987848281,安値,中度,189022950.36455157,300000000.0,True,30,要人手査定
12845,13108,東京都江東区東砂,中古マンション等,40,47.0,20.0,7000000,0.36991448194226006,0.6300855180577399,-36.99144819422601,安値,中度,14807009.674356889,23500000.0,True,30,要人手査定
21137,13113,東京都渋谷区渋谷,中古マンション等,85,61.0,6.0,160000000,0.3698962717547412,1.3698962717547412,36.98962717547412,高値,中度,126715405.13731356,92500000.0,True,30,要人手査定
31052,13121,東京都足立区青井,中古マンション等,55,52.0,7.0,26000000,0.36987457115210787,1.3698745711521079,36.98745711521079,高値,中度,26027616.85189005,19000000.0,True,30,要人手査定
380,13101,東京都千代田区岩本町,中古マンション等,20,10.0,4.0,35000000,0.3698563685754589,0.6301436314245411,-36.98563685754589,安値,中度,32767468.834076136,52000000.0,True,30,要人手査定
34520,13202,東京都立川市砂川町,中古マンション等,75,28.0,9.0,28000000,0.3698355209310608,0.6301644790689392,-36.983552093106084,安値,中度,18589852.132533707,29500000.0,True,30,要人手査定
28187,13119,東京都板橋区小茂根,中古マンション等,75,24.0,7.0,83000000,0.36982402667000047,1.3698240266700006,36.982402667000045,高値,中度,80134705.56019503,58500000.0,True,30,要人手査定
38149,13215,東京都国立市東,中古マンション等,80,14.0,14.0,64000000,0.36980777097885137,1.3698077709788514,36.98077709788514,高値,中度,58901734.15209061,43000000.0,True,30,要人手査定
23236,13115,東京都杉並区松庵,中古マンション等,20,34.0,6.0,13000000,0.3698047549882829,0.6301952450117171,-36.98047549882829,安値,中度,9452928.675175756,15000000.0,True,30,要人手査定
37957,13214,東京都国分寺市東恋ケ窪,中古マンション等,50,41.0,12.0,22000000,0.3697098918790344,0.6302901081209655,-36.97098918790344,安値,中度,18908703.243628968,30000000.0,True,30,要人手査定
15056,13110,東京都目黒区上目黒,中古マンション等,20,36.0,11.0,11000000,0.3695654727952034,0.6304345272047965,-36.95654727952034,安値,中度,11978256.016891135,19000000.0,True,30,要人手査定
26455,13118,東京都荒川区東日暮里,中古マンション等,70,26.0,10.0,66000000,0.36954812186137975,1.3695481218613799,36.95481218613798,高値,中度,71901276.39772244,52500000.0,True,30,要人手査定
39132,13224,東京都多摩市貝取,中古マンション等,50,50.0,5.0,9800000,0.3695335343890435,0.6304664656109564,-36.95335343890435,安値,中度,9772230.216969825,15500000.0,True,30,要人手査定
21006,13113,東京都渋谷区本町,中古マンション等,50,22.0,5.0,58000000,0.36952912152289785,0.6304708784771021,-36.952912152289784,安値,中度,58003320.8198934,92000000.0,True,30,要人手査定
19878,13112,東京都世田谷区奥沢,中古マンション等,80,2.0,3.0,220000000,0.36946115523259576,1.3694611552325957,36.94611552325958,高値,中度,191724561.7325634,140000000.0,True,30,要人手査定
13916,13109,東京都品川区東大井,中古マンション等,50,11.0,3.0,30000000,0.36942101417432255,0.6305789858256775,-36.942101417432255,安値,中度,62742609.08965491,99500000.0,True,30,要人手査定
3236,13103,東京都港区白金台,中古マンション等,70,45.0,3.0,97000000,0.369413052744345,1.369413052744345,36.9413052744345,高値,中度,109553044.2195476,80000000.0,True,30,要人手査定
7957,13106,東京都台東区台東,中古マンション等,45,14.0,8.0,64000000,0.36938921083127146,1.3693892108312715,36.93892108312715,高値,中度,65730682.11990103,48000000.0,True,30,要人手査定
7754,13106,東京都台東区東浅草,中古マンション等,45,41.0,15.0,26000000,0.3693891909847071,0.6306108090152929,-36.93891909847071,安値,中度,25855043.169627007,41000000.0,True,30,要人手査定
16675,13111,東京都大田区中央,中古マンション等,75,26.0,20.0,44000000,0.36929607242401397,1.369296072424014,36.929607242401396,高値,中度,65041563.440140665,47500000.0,True,30,要人手査定
7852,13106,東京都台東区三ノ輪,中古マンション等,55,7.0,4.0,67000000,0.36920081188722836,0.6307991881127717,-36.92008118872284,安値,中度,56141127.74203668,89000000.0,True,30,要人手査定
22059,13114,東京都中野区丸山,中古マンション等,15,39.0,9.0,9400000,0.3691425112245967,0.6308574887754033,-36.91425112245967,安値,中度,7570289.86530484,12000000.0,True,30,要人手査定
39099,13224,東京都多摩市鶴牧,中古マンション等,80,44.0,14.0,25000000,0.36900945321694106,1.369009453216941,36.90094532169411,高値,中度,23273160.704687998,17000000.0,True,30,要人手査定
38753,13222,東京都東久留米市滝山,中古マンション等,45,57.0,5.0,13000000,0.369005430217717,1.369005430217717,36.900543021771696,高値,中度,10609792.084187306,7750000.0,True,30,要人手査定
16715,13111,東京都大田区南千束,中古マンション等,105,26.0,5.0,77000000,0.368990081584753,1.368990081584753,36.8990081584753,高値,中度,101305266.03727172,74000000.0,True,30,要人手査定
32445,13122,東京都葛飾区堀切,中古マンション等,45,36.0,6.0,29000000,0.3689098974167658,1.3689098974167657,36.89098974167658,高値,中度,29431562.794460464,21500000.0,True,30,要人手査定
1572,13102,東京都中央区月島,中古マンション等,75,42.0,3.0,95000000,0.3688936748561079,1.368893674856108,36.88936748561079,高値,中度,87609195.1907909,64000000.0,True,30,要人手査定
20205,13112,東京都世田谷区玉川,中古マンション等,60,7.0,6.0,120000000,0.36887567345725486,1.368875673457255,36.887567345725486,高値,中度,130043188.97843921,95000000.0,True,30,要人手査定
22857,13115,東京都杉並区荻窪,中古マンション等,80,50.0,2.0,52000000,0.36880622809265123,1.3688062280926512,36.88062280926513,高値,中度,64333892.72035461,47000000.0,True,30,要人手査定
25173,13116,東京都豊島区南池袋,中古マンション等,60,11.0,7.0,170000000,0.3688055187408947,1.3688055187408947,36.88055187408947,高値,中度,143724579.46779394,105000000.0,True,30,要人手査定
4299,13103,東京都港区白金台,中古マンション等,35,49.0,3.0,52000000,0.36877704157015573,1.3687770415701557,36.87770415701557,高値,中度,46538419.413385294,34000000.0,True,30,要人手査定
23195,13115,東京都杉並区和田,中古マンション等,30,48.0,6.0,13000000,0.3687558409620488,0.6312441590379512,-36.875584096204875,安値,中度,12940505.260278,20500000.0,True,30,要人手査定
18815,13112,東京都世田谷区上野毛,中古マンション等,50,3.0,3.0,53000000,0.3687063070358603,0.6312936929641396,-36.87063070358603,安値,中度,56816432.36677257,90000000.0,True,30,要人手査定
18817,13112,東京都世田谷区上野毛,中古マンション等,50,3.0,3.0,54000000,0.3687063070358603,0.6312936929641396,-36.87063070358603,安値,中度,56816432.36677257,90000000.0,True,30,要人手査定
24670,13116,東京都豊島区西池袋,中古マンション等,15,43.0,4.0,10000000,0.3686847675369545,0.6313152324630456,-36.868476753695454,安値,中度,9154070.87071416,14500000.0,True,30,要人手査定
22422,13114,東京都中野区上鷺宮,中古マンション等,60,15.0,12.0,53000000,0.36866240584500487,0.6313375941549951,-36.86624058450049,安値,中度,48297325.95285713,76500000.0,True,30,要人手査定
32737,13123,東京都江戸川区東小松川,中古マンション等,40,45.0,24.0,16000000,0.3686559651348575,0.6313440348651426,-36.86559651348575,安値,中度,13889568.767033136,22000000.0,True,30,要人手査定
10129,13107,東京都墨田区両国,中古マンション等,45,16.0,3.0,75000000,0.3686512697824852,1.3686512697824853,36.86512697824852,高値,中度,62957958.40999432,46000000.0,True,30,要人手査定
1368,13102,東京都中央区銀座,中古マンション等,40,19.0,2.0,90000000,0.36860134582916,1.36860134582916,36.860134582916,高値,中度,83484682.09557876,61000000.0,True,30,要人手査定
33588,13201,東京都八王子市旭町,中古マンション等,70,7.0,3.0,64000000,0.36840065549714246,1.3684006554971424,36.84006554971425,高値,中度,64314830.808365695,47000000.0,True,30,要人手査定
20991,13113,東京都渋谷区富ケ谷,中古マンション等,25,23.0,10.0,25000000,0.36839861313799244,0.6316013868620075,-36.83986131379925,安値,中度,27474660.328497328,43500000.0,True,30,要人手査定
17483,13111,東京都大田区山王,中古マンション等,50,5.0,9.0,80000000,0.3683893836895042,1.3683893836895042,36.838938368950416,高値,中度,77998194.87030174,57000000.0,True,30,要人手査定
15451,13110,東京都目黒区八雲,中古マンション等,20,43.0,7.0,9000000,0.3683852760788323,0.6316147239211677,-36.83852760788323,安値,中度,12000679.754502187,19000000.0,True,30,要人手査定
31017,13121,東京都足立区中央本町,中古マンション等,50,45.0,3.0,12000000,0.3683731018100767,0.6316268981899233,-36.83731018100767,安値,中度,15790672.454748083,25000000.0,True,30,要人手査定
22258,13114,東京都中野区白鷺,中古マンション等,75,10.0,7.0,73000000,0.36835117300037973,0.6316488269996202,-36.83511730003797,安値,中度,72639615.10495633,115000000.0,True,30,要人手査定
14023,13109,東京都品川区東品川,中古マンション等,80,34.0,1.0,100000000,0.3683241283310477,1.3683241283310477,36.83241283310477,高値,中度,102624309.62482858,75000000.0,True,30,要人手査定
2077,13102,東京都中央区銀座,中古マンション等,25,23.0,3.0,38000000,0.3683116616397338,1.3683116616397337,36.83116616397338,高値,中度,38996882.35673241,28500000.0,True,30,要人手査定
10930,13108,東京都江東区豊洲,中古マンション等,60,12.0,12.0,98000000,0.3682888417482078,1.3682888417482078,36.82888417482078,高値,中度,99200941.02674507,72500000.0,True,30,要人手査定
38175,13215,東京都国立市中,中古マンション等,100,25.0,16.0,62000000,0.3682668581344765,1.3682668581344766,36.826685813447654,高値,中度,67729209.47765659,49500000.0,True,30,要人手査定
38253,13215,東京都国立市青柳,中古マンション等,55,30.0,13.0,20000000,0.36825581305962446,0.6317441869403756,-36.825581305962444,安値,中度,20531686.075562205,32500000.0,True,30,要人手査定
400,13101,東京都千代田区鍛冶町,中古マンション等,50,6.0,2.0,130000000,0.36825083029265204,1.3682508302926522,36.8250830292652,高値,中度,106723564.76282686,78000000.0,True,30,要人手査定
27740,13119,東京都板橋区小茂根,中古マンション等,85,41.0,13.0,46000000,0.36825063737693925,1.3682506373769392,36.825063737693924,高値,中度,45152271.033438995,33000000.0,True,30,要人手査定
28806,13120,東京都練馬区立野町,中古マンション等,75,31.0,17.0,64000000,0.3682452826300434,1.3682452826300433,36.82452826300434,高値,中度,56782179.2291468,41500000.0,True,30,要人手査定
22285,13114,東京都中野区若宮,中古マンション等,60,36.0,8.0,37000000,0.36821645257070146,0.6317835474292985,-36.821645257070145,安値,中度,40118255.26176046,63500000.0,True,30,要人手査定
18990,13112,東京都世田谷区代沢,中古マンション等,35,4.0,12.0,55000000,0.3681725426819167,1.3681725426819167,36.81725426819167,高値,中度,57463246.7926405,42000000.0,True,30,要人手査定
22097,13114,東京都中野区野方,中古マンション等,60,57.0,5.0,22000000,0.3681103381376746,0.6318896618623254,-36.81103381376746,安値,中度,24643696.81263069,39000000.0,True,30,要人手査定
36311,13208,東京都調布市染地,中古マンション等,45,60.0,19.0,7500000,0.3680916812753433,0.6319083187246567,-36.80916812753433,安値,中度,7898853.984058209,12500000.0,True,30,要人手査定
22562,13114,東京都中野区中野,中古マンション等,50,26.0,7.0,74000000,0.3680033965358788,1.3680033965358789,36.80033965358788,高値,中度,79344196.99908097,58000000.0,True,30,要人手査定
22513,13114,東京都中野区中央,中古マンション等,30,32.0,11.0,37000000,0.3679487973209437,1.3679487973209437,36.79487973209437,高値,中度,32146796.737042177,23500000.0,True,30,要人手査定
25128,13116,東京都豊島区東池袋,中古マンション等,30,20.0,2.0,37000000,0.367901818875719,1.367901818875719,36.7901818875719,高値,中度,36933349.10964441,27000000.0,True,30,要人手査定
32893,13123,東京都江戸川区清新町,中古マンション等,105,24.0,16.0,73000000,0.36782288326542567,1.3678228832654256,36.78228832654257,高値,中度,71126789.92980213,52000000.0,True,30,要人手査定
38613,13221,東京都清瀬市竹丘,中古マンション等,65,42.0,15.0,16000000,0.3678089635395907,0.6321910364604093,-36.78089635395907,安値,中度,15804775.911510233,25000000.0,True,30,要人手査定
29673,13120,東京都練馬区桜台,中古マンション等,35,28.0,7.0,21000000,0.3677839842233685,1.3677839842233686,36.77839842233685,高値,中度,32142923.62924916,23500000.0,True,30,要人手査定
26346,13118,東京都荒川区東日暮里,中古マンション等,80,21.0,5.0,86000000,0.3677565227553513,1.3677565227553514,36.77565227553513,高値,中度,86168660.93358713,63000000.0,True,30,要人手査定
22219,13114,東京都中野区上高田,中古マンション等,55,55.0,9.0,23000000,0.3677483018925755,0.6322516981074244,-36.77483018925755,安値,中度,23077186.980920993,36500000.0,True,30,要人手査定
8279,13106,東京都台東区下谷,中古マンション等,65,14.0,4.0,69000000,0.3677430186714807,0.6322569813285194,-36.77430186714807,安値,中度,66386983.03949453,105000000.0,True,30,要人手査定
13968,13109,東京都品川区東品川,中古マンション等,95,19.0,6.0,150000000,0.3677194746993999,0.6322805253006001,-36.77194746993999,安値,中度,126456105.06012002,200000000.0,True,30,要人手査定
25784,13117,東京都北区赤羽西,中古マンション等,75,27.0,4.0,75000000,0.3676810510414381,1.3676810510414381,36.768105104143814,高値,中度,77957819.90936197,57000000.0,True,30,要人手査定
6707,13105,東京都文京区本駒込,中古マンション等,20,36.0,10.0,11000000,0.3676343421371689,0.632365657862831,-36.76343421371689,安値,中度,13279678.815119453,21000000.0,True,30,要人手査定
37070,13209,東京都町田市原町田,中古マンション等,60,27.0,3.0,59000000,0.36763308095207936,1.3676330809520794,36.76330809520793,高値,中度,49234790.91427486,36000000.0,True,30,要人手査定
5873,13104,東京都新宿区市谷甲良町,中古マンション等,55,40.0,2.0,63000000,0.3674627460215794,1.3674627460215794,36.74627460215794,高値,中度,69056868.67408976,50500000.0,True,30,要人手査定
11274,13108,東京都江東区木場,中古マンション等,80,42.0,10.0,70000000,0.36741523452993785,1.367415234529938,36.74152345299378,高値,中度,67003346.491966955,49000000.0,True,30,要人手査定
10557,13108,東京都江東区枝川,中古マンション等,75,13.0,11.0,65000000,0.3673834631939561,0.6326165368060439,-36.73834631939561,安値,中度,58517029.65455906,92500000.0,True,30,要人手査定
18676,13112,東京都世田谷区宮坂,中古マンション等,145,39.0,5.0,130000000,0.3673397550929775,1.3673397550929776,36.73397550929775,高値,中度,164080770.6111573,120000000.0,True,30,要人手査定
22146,13114,東京都中野区野方,中古マンション等,70,13.0,7.0,62000000,0.3672832543643633,0.6327167456356367,-36.72832543643633,安値,中度,69598842.01992004,110000000.0,True,30,要人手査定
2520,13103,東京都港区麻布台,中古マンション等,45,12.0,7.0,160000000,0.3672691553222575,1.3672691553222576,36.72691553222575,高値,中度,150399607.08544832,110000000.0,True,30,要人手査定
32412,13122,東京都葛飾区東水元,中古マンション等,65,42.0,25.0,5000000,0.3672615052436383,0.6327384947563617,-36.72615052436383,安値,中度,17400308.605799947,27500000.0,True,30,要人手査定
538,13101,東京都千代田区四番町,中古マンション等,60,12.0,5.0,220000000,0.36725635837443427,1.3672563583744344,36.72563583744343,高値,中度,184579608.38054863,135000000.0,True,30,要人手査定
14187,13109,東京都品川区南大井,中古マンション等,25,34.0,7.0,15000000,0.36725007980983254,0.6327499201901674,-36.72500798098326,安値,中度,15502373.044659102,24500000.0,True,30,要人手査定
27591,13119,東京都板橋区三園,中古マンション等,65,28.0,7.0,29000000,0.3671852936130343,0.6328147063869657,-36.71852936130343,安値,中度,30058698.55338087,47500000.0,True,30,要人手査定
14322,13109,東京都品川区大崎,中古マンション等,105,17.0,5.0,320000000,0.36707103332237034,1.3670710333223703,36.70710333223703,高値,中度,300755627.3309215,220000000.0,True,30,要人手査定
31147,13121,東京都足立区梅田,中古マンション等,55,47.0,9.0,25000000,0.3669876120915714,0.6330123879084286,-36.69876120915714,安値,中度,18040853.055390216,28500000.0,True,30,要人手査定
13189,13109,東京都品川区荏原,中古マンション等,90,25.0,9.0,150000000,0.3669379337012676,1.3669379337012675,36.69379337012676,高値,中度,150363172.70713943,110000000.0,True,30,要人手査定
27240,13119,東京都板橋区相生町,中古マンション等,20,39.0,5.0,7600000,0.36681214338791085,0.6331878566120892,-36.68121433879109,安値,中度,7598254.27934507,12000000.0,True,30,要人手査定
20998,13113,東京都渋谷区富ケ谷,中古マンション等,35,46.0,4.0,43000000,0.36679066496404883,1.3667906649640489,36.679066496404886,高値,中度,41003719.948921464,30000000.0,True,30,要人手査定
23336,13115,東京都杉並区下井草,中古マンション等,35,52.0,2.0,18000000,0.3667185458390536,0.6332814541609464,-36.67185458390536,安値,中度,13298910.537379874,21000000.0,True,30,要人手査定
20307,13112,東京都世田谷区野沢,中古マンション等,75,18.0,14.0,110000000,0.366716456921524,1.366716456921524,36.671645692152396,高値,中度,109337316.55372192,80000000.0,True,30,要人手査定
22738,13114,東京都中野区大和町,中古マンション等,35,10.0,10.0,48000000,0.36670178756562166,1.3667017875656216,36.670178756562166,高値,中度,49201264.35236238,36000000.0,True,30,要人手査定
2072,13102,東京都中央区銀座,中古マンション等,25,22.0,2.0,53000000,0.36667166941574825,1.3666716694157484,36.66716694157483,高値,中度,41683485.91718032,30500000.0,True,30,要人手査定
34419,13202,東京都立川市錦町,中古マンション等,55,52.0,17.0,19000000,0.3666684356100436,1.3666684356100436,36.666843561004356,高値,中度,15033352.79171048,11000000.0,True,30,要人手査定
9608,13107,東京都墨田区石原,中古マンション等,40,8.0,12.0,44000000,0.366647981997745,1.366647981997745,36.6647981997745,高値,中度,45782707.39692446,33500000.0,True,30,要人手査定
29084,13120,東京都練馬区上石神井,中古マンション等,95,3.0,12.0,100000000,0.366551148441109,1.366551148441109,36.6551148441109,高値,中度,98391682.68775985,72000000.0,True,30,要人手査定
21919,13114,東京都中野区中央,中古マンション等,60,12.0,9.0,100000000,0.3665510271971091,1.366551027197109,36.65510271971091,高値,中度,99758224.98538896,73000000.0,True,30,要人手査定
4916,13104,東京都新宿区西早稲田,中古マンション等,65,16.0,10.0,85000000,0.3665375825464338,0.6334624174535662,-36.65375825464338,安値,中度,82350114.2689636,130000000.0,True,30,要人手査定
12141,13108,東京都江東区有明,中古マンション等,75,20.0,10.0,140000000,0.3665202274463969,1.366520227446397,36.65202274463969,高値,中度,116154219.33294374,85000000.0,True,30,要人手査定
11937,13108,東京都江東区白河,中古マンション等,75,25.0,5.0,110000000,0.36649727747092764,1.3664972774709276,36.64972774709276,高値,中度,115469019.94629338,84500000.0,True,30,要人手査定
18553,13112,東京都世田谷区玉川,中古マンション等,95,23.0,16.0,170000000,0.3664641105681199,1.36646411056812,36.64641105681199,高値,中度,136646411.056812,100000000.0,True,30,要人手査定
7356,13105,東京都文京区音羽,中古マンション等,30,43.0,4.0,36000000,0.36644729602562026,1.3664472960256202,36.64472960256202,高値,中度,30745064.160576455,22500000.0,True,30,要人手査定
32698,13123,東京都江戸川区新堀,中古マンション等,60,20.0,21.0,21000000,0.366341310996483,0.633658689003517,-36.6341310996483,安値,中度,24395859.526635405,38500000.0,True,30,要人手査定
1814,13102,東京都中央区佃,中古マンション等,45,35.0,7.0,51000000,0.36633575831150667,0.6336642416884933,-36.633575831150665,安値,中度,42455504.193129055,67000000.0,True,30,要人手査定
2944,13103,東京都港区浜松町,中古マンション等,65,2.0,2.0,310000000,0.36628741889802713,1.3662874188980272,36.62874188980271,高値,中度,327908980.5355265,240000000.0,True,30,要人手査定
25870,13117,東京都北区赤羽西,中古マンション等,15,37.0,7.0,7600000,0.3662688991060086,0.6337311008939913,-36.626889910600866,安値,中度,10456563.164750857,16500000.0,True,30,要人手査定
34356,13202,東京都立川市富士見町,中古マンション等,70,17.0,23.0,19000000,0.36617418388285955,0.6338258161171404,-36.617418388285955,安値,中度,24719206.828568477,39000000.0,True,30,要人手査定
3858,13103,東京都港区赤坂,中古マンション等,75,54.0,8.0,95000000,0.36617414933880627,1.3661741493388062,36.617414933880625,高値,中度,125688021.73917018,92000000.0,True,30,要人手査定
34799,13203,東京都武蔵野市吉祥寺南町,中古マンション等,60,57.0,4.0,57000000,0.36613863660477947,1.3661386366047794,36.613863660477946,高値,中度,50547129.55437684,37000000.0,True,30,要人手査定
6624,13105,東京都文京区小石川,中古マンション等,85,58.0,9.0,79000000,0.36613809533926867,1.3661380953392688,36.61380953392687,高値,中度,82651354.76802576,60500000.0,True,30,要人手査定
38307,13218,東京都福生市武蔵野台,中古マンション等,45,40.0,10.0,7200000,0.36603797235435054,0.6339620276456495,-36.60379723543505,安値,中度,7290563.317924969,11500000.0,True,30,要人手査定
27634,13119,東京都板橋区宮本町,中古マンション等,35,37.0,7.0,14000000,0.3659552112234583,0.6340447887765417,-36.59552112234583,安値,中度,14583030.141860459,23000000.0,True,30,要人手査定
30,13101,東京都千代田区富士見,中古マンション等,80,17.0,1.0,320000000,0.36595262838735254,1.3659526283873524,36.59526283873525,高値,中度,273190525.6774705,200000000.0,True,30,要人手査定
6591,13105,東京都文京区根津,中古マンション等,30,10.0,1.0,45000000,0.3659191610724058,0.6340808389275941,-36.59191610724058,安値,中度,38044850.33565565,60000000.0,True,30,要人手査定
20574,13113,東京都渋谷区広尾,中古マンション等,145,32.0,14.0,350000000,0.3659176283711524,1.3659176283711525,36.59176283711524,高値,中度,368797759.66021115,270000000.0,True,30,要人手査定
14839,13109,東京都品川区南大井,中古マンション等,20,4.0,1.0,32000000,0.36583922104398314,0.6341607789560169,-36.58392210439831,安値,中度,32025119.33727885,50500000.0,True,30,要人手査定
27674,13119,東京都板橋区坂下,中古マンション等,60,34.0,7.0,26000000,0.36583897814886374,0.6341610218511363,-36.58389781488637,安値,中度,26000601.895896588,41000000.0,True,30,要人手査定
30560,13121,東京都足立区新田,中古マンション等,95,18.0,17.0,62000000,0.36583863925503857,1.3658386392550386,36.583863925503856,高値,中度,61462738.766476735,45000000.0,True,30,要人手査定
37079,13209,東京都町田市藤の台,中古マンション等,45,23.0,22.0,2000000,0.3658385945436216,0.6341614054563783,-36.58385945436216,安値,中度,17756519.352778595,28000000.0,True,30,要人手査定
38347,13218,東京都福生市大字福生,中古マンション等,55,28.0,7.0,22000000,0.365790641452705,1.365790641452705,36.5790641452705,高値,中度,25950022.187601395,19000000.0,True,30,要人手査定
4677,13104,東京都新宿区弁天町,中古マンション等,60,12.0,7.0,82000000,0.3657634943816038,0.6342365056183962,-36.576349438160385,安値,中度,82450745.7303915,130000000.0,True,30,要人手査定
4682,13104,東京都新宿区弁天町,中古マンション等,60,12.0,7.0,86000000,0.3657634943816038,0.6342365056183962,-36.576349438160385,安値,中度,82450745.7303915,130000000.0,True,30,要人手査定
34450,13202,東京都立川市錦町,中古マンション等,15,44.0,10.0,3500000,0.3657040345793721,0.6342959654206278,-36.57040345793721,安値,中度,3552057.406355516,5600000.0,True,30,要人手査定
35447,13206,東京都府中市宮西町,中古マンション等,20,39.0,7.0,7500000,0.36570312493650664,0.6342968750634933,-36.57031249365066,安値,中度,6850406.250685728,10800000.0,True,30,要人手査定
31441,13121,東京都足立区舎人,中古マンション等,25,12.0,1.0,17000000,0.36566889735596636,0.6343311026440337,-36.56688973559664,安値,中度,16492608.668744875,26000000.0,True,30,要人手査定
35768,13206,東京都府中市四谷,中古マンション等,80,21.0,5.0,31000000,0.36564483347687887,0.6343551665231212,-36.56448334768789,安値,中度,30766225.576371375,48500000.0,True,30,要人手査定
5208,13104,東京都新宿区富久町,中古マンション等,80,24.0,8.0,200000000,0.365640551825311,1.365640551825311,36.5640551825311,高値,中度,163876866.21903732,120000000.0,True,30,要人手査定
13321,13109,東京都品川区西五反田,中古マンション等,30,7.0,1.0,50000000,0.36560509972399835,0.6343949002760016,-36.560509972399835,安値,中度,46945222.62042412,74000000.0,True,30,要人手査定
34747,13203,東京都武蔵野市吉祥寺南町,中古マンション等,65,48.0,3.0,95000000,0.3655966875648073,1.3655966875648073,36.559668756480725,高値,中度,57355060.877721906,42000000.0,True,30,要人手査定
8628,13106,東京都台東区千束,中古マンション等,20,37.0,13.0,14000000,0.3655885984334242,0.6344114015665758,-36.55885984334242,安値,中度,13005433.732114805,20500000.0,True,30,要人手査定
4555,13103,東京都港区六本木,中古マンション等,50,47.0,3.0,77000000,0.3655883059652746,1.3655883059652745,36.55883059652746,高値,中度,88080445.73476021,64500000.0,True,30,要人手査定
36830,13209,東京都町田市忠生,中古マンション等,60,24.0,5.0,19000000,0.3655789943618344,0.6344210056381656,-36.55789943618344,安値,中度,24107998.214250293,38000000.0,True,30,要人手査定
35307,13205,東京都青梅市河辺町,中古マンション等,20,34.0,2.0,3500000,0.3655783480404235,1.3655783480404236,36.55783480404235,高値,中度,4779524.218141482,3500000.0,True,30,要人手査定
13833,13109,東京都品川区東大井,中古マンション等,60,43.0,3.0,65000000,0.3655684780797491,1.3655684780797492,36.55684780797491,高値,中度,61450581.51358871,45000000.0,True,30,要人手査定
28265,13119,東京都板橋区新河岸,中古マンション等,50,35.0,10.0,20000000,0.36553108993882505,0.6344689100611749,-36.5531089938825,安値,中度,19668536.211896423,31000000.0,True,30,要人手査定
25433,13117,東京都北区西ケ原,中古マンション等,60,9.0,6.0,94000000,0.3655093471156594,1.3655093471156594,36.550934711565944,高値,中度,90806371.58319135,66500000.0,True,30,要人手査定
20334,13112,東京都世田谷区深沢,中古マンション等,85,22.0,16.0,97000000,0.36544170009142285,1.3654417000914227,36.544170009142285,高値,中度,114697102.80767952,84000000.0,True,30,要人手査定
4330,13103,東京都港区台場,中古マンション等,60,20.0,4.0,110000000,0.36538391584922353,0.6346160841507764,-36.53839158492235,安値,中度,95192412.62261647,150000000.0,True,30,要人手査定
37527,13212,東京都日野市百草,中古マンション等,50,56.0,5.0,8300000,0.3653651314564954,0.6346348685435046,-36.53651314564954,安値,中度,6980983.55397855,11000000.0,True,30,要人手査定
10846,13108,東京都江東区亀戸,中古マンション等,45,21.0,4.0,42000000,0.36536379868609553,0.6346362013139044,-36.53637986860955,安値,中度,44424534.09197331,70000000.0,True,30,要人手査定
22564,13114,東京都中野区中野,中古マンション等,60,32.0,4.0,120000000,0.36535413424035273,1.3653541342403528,36.535413424035276,高値,中度,90113372.85986328,66000000.0,True,30,要人手査定
21848,13114,東京都中野区中央,中古マンション等,35,8.0,4.0,45000000,0.3653520249828395,1.3653520249828395,36.53520249828395,高値,中度,57344785.04927926,42000000.0,True,30,要人手査定
14553,13109,東京都品川区東大井,中古マンション等,15,34.0,9.0,17000000,0.36533985881783176,0.6346601411821682,-36.533985881783174,安値,中度,13962523.1060077,22000000.0,True,30,要人手査定
25391,13117,東京都北区西ケ原,中古マンション等,60,9.0,6.0,84000000,0.36532043251579327,1.3653204325157933,36.532043251579324,高値,中度,90793808.76230025,66500000.0,True,30,要人手査定
3026,13103,東京都港区海岸,中古マンション等,55,6.0,2.0,120000000,0.3653143983746878,0.6346856016253122,-36.53143983746878,安値,中度,120590264.30880931,190000000.0,True,30,要人手査定
31422,13121,東京都足立区東和,中古マンション等,80,19.0,12.0,65000000,0.36530425240316383,1.3653042524031638,36.53042524031638,高値,中度,64169299.8629487,47000000.0,True,30,要人手査定
31371,13121,東京都足立区千住橋戸町,中古マンション等,95,11.0,3.0,110000000,0.3652263377620739,1.365226337762074,36.52263377620739,高値,中度,101026748.99439347,74000000.0,True,30,要人手査定
29845,13120,東京都練馬区豊玉北,中古マンション等,20,37.0,7.0,14000000,0.3651883037948313,1.3651883037948314,36.51883037948313,高値,中度,12218435.31896374,8950000.0,True,30,要人手査定
6930,13105,東京都文京区白山,中古マンション等,20,43.0,11.0,9500000,0.36517682918242067,0.6348231708175793,-36.517682918242066,安値,中度,11426817.074716428,18000000.0,True,30,要人手査定
37102,13209,東京都町田市山崎,中古マンション等,30,17.0,28.0,14000000,0.3651107438817868,0.6348892561182132,-36.511074388178685,安値,中度,15554786.774896223,24500000.0,True,30,要人手査定
23748,13115,東京都杉並区荻窪,中古マンション等,15,42.0,2.0,19000000,0.3650925973302213,1.3650925973302213,36.509259733022134,高値,中度,15698564.869297545,11500000.0,True,30,要人手査定
32295,13122,東京都葛飾区新小岩,中古マンション等,70,17.0,10.0,50000000,0.3650582739216173,1.3650582739216173,36.505827392161734,高値,中度,59380034.91559035,43500000.0,True,30,要人手査定
20088,13112,東京都世田谷区桜新町,中古マンション等,60,53.0,11.0,51000000,0.3650466367157775,1.3650466367157774,36.504663671577745,高値,中度,58014482.06042054,42500000.0,True,30,要人手査定
25102,13116,東京都豊島区西巣鴨,中古マンション等,30,17.0,4.0,33000000,0.36504622553470617,1.3650462255347062,36.50462255347062,高値,中度,35491201.86390236,26000000.0,True,30,要人手査定
13210,13109,東京都品川区大井,中古マンション等,70,14.0,5.0,190000000,0.3650204988214767,1.3650204988214767,36.502049882147666,高値,中度,170627562.3526846,125000000.0,True,30,要人手査定
21908,13114,東京都中野区上鷺宮,中古マンション等,20,14.0,2.0,18000000,0.36501998595901153,0.6349800140409885,-36.501998595901156,安値,中度,18414420.407188665,29000000.0,True,30,要人手査定
5105,13104,東京都新宿区西落合,中古マンション等,20,34.0,8.0,11000000,0.3650103309670209,0.6349896690329792,-36.50103309670209,安値,中度,10794824.373560645,17000000.0,True,30,要人手査定
14816,13109,東京都品川区南大井,中古マンション等,25,2.0,7.0,45000000,0.3649854379567084,1.3649854379567083,36.49854379567084,高値,中度,45044519.45257138,33000000.0,True,30,要人手査定
25613,13117,東京都北区滝野川,中古マンション等,30,0.0,2.0,54000000,0.36493371135576674,1.3649337113557667,36.49337113557667,高値,中度,53914881.598552786,39500000.0,True,30,要人手査定
28061,13119,東京都板橋区板橋,中古マンション等,50,37.0,5.0,49000000,0.3648627652168276,1.3648627652168277,36.48627652168276,高値,中度,47770196.782588966,35000000.0,True,30,要人手査定
30772,13121,東京都足立区舎人,中古マンション等,75,18.0,4.0,30000000,0.3647249595995326,0.6352750404004675,-36.472495959953264,安値,中度,34940127.22202571,55000000.0,True,30,要人手査定
13438,13109,東京都品川区西五反田,中古マンション等,35,3.0,6.0,71000000,0.3647173888617529,1.364717388861753,36.471738886175295,高値,中度,75059456.38739641,55000000.0,True,30,要人手査定
37510,13212,東京都日野市多摩平,中古マンション等,75,2.0,11.0,58000000,0.364659860270416,1.364659860270416,36.4659860270416,高値,中度,57998044.06149268,42500000.0,True,30,要人手査定
10702,13108,東京都江東区豊洲,中古マンション等,110,17.0,5.0,220000000,0.3645927673091799,1.36459276730918,36.45927673091799,高値,中度,218334842.76946878,160000000.0,True,30,要人手査定
9054,13107,東京都墨田区墨田,中古マンション等,65,32.0,7.0,40000000,0.3645710452302111,0.6354289547697889,-36.45710452302111,安値,中度,40032024.1504967,63000000.0,True,30,要人手査定
23463,13115,東京都杉並区宮前,中古マンション等,15,42.0,12.0,6500000,0.36455802136568577,0.6354419786343143,-36.45580213656858,安値,中度,6672140.7756603,10500000.0,True,30,要人手査定
13638,13109,東京都品川区北品川,中古マンション等,55,45.0,6.0,62000000,0.3645555124489202,1.3645555124489201,36.45555124489202,高値,中度,63451831.32887479,46500000.0,True,30,要人手査定
38725,13222,東京都東久留米市新川町,中古マンション等,85,20.0,3.0,53000000,0.3645301288730174,1.3645301288730174,36.45301288730174,高値,中度,43664964.12393656,32000000.0,True,30,要人手査定
23911,13115,東京都杉並区松庵,中古マンション等,35,13.0,9.0,43000000,0.36452807265018516,1.3645280726501852,36.452807265018514,高値,中度,42982634.28848083,31500000.0,True,30,要人手査定
37873,13213,東京都東村山市萩山町,中古マンション等,60,58.0,12.0,4800000,0.36448409627499384,0.6355159037250061,-36.44840962749939,安値,中度,7626190.844700074,12000000.0,True,30,要人手査定
6308,13104,東京都新宿区西新宿,中古マンション等,60,23.0,6.0,140000000,0.36447521501841457,1.3644752150184145,36.44752150184146,高値,中度,124849482.17418493,91500000.0,True,30,要人手査定
5344,13104,東京都新宿区新宿,中古マンション等,30,62.0,4.0,9500000,0.3643393025997024,0.6356606974002976,-36.43393025997024,安値,中度,13984535.342806548,22000000.0,True,30,要人手査定
439,13101,東京都千代田区神田須田町,中古マンション等,85,23.0,4.0,310000000,0.36431905360703776,0.6356809463929622,-36.43190536070377,安値,中度,165277046.06217018,260000000.0,True,30,要人手査定
21914,13114,東京都中野区鷺宮,中古マンション等,60,15.0,12.0,53000000,0.36428994774565715,0.6357100522543429,-36.428994774565716,安値,中度,48631818.99745723,76500000.0,True,30,要人手査定
32434,13122,東京都葛飾区堀切,中古マンション等,55,38.0,13.0,35000000,0.36428835249317754,1.3642883524931775,36.42883524931776,高値,中度,32060776.283589672,23500000.0,True,30,要人手査定
376,13101,東京都千代田区岩本町,中古マンション等,30,10.0,4.0,44000000,0.3641585576920421,0.6358414423079579,-36.41585576920421,安値,中度,41647614.471171245,65500000.0,True,30,要人手査定
21461,13113,東京都渋谷区猿楽町,中古マンション等,30,6.0,6.0,79000000,0.36414626857374405,1.364146268573744,36.41462685737441,高値,中度,79120483.57727715,58000000.0,True,30,要人手査定
17591,13111,東京都大田区多摩川,中古マンション等,70,43.0,13.0,58000000,0.364129997122908,1.364129997122908,36.4129997122908,高値,中度,57975524.87772359,42500000.0,True,30,要人手査定
30351,13121,東京都足立区西新井本町,中古マンション等,70,11.0,4.0,40000000,0.3641299011159567,0.6358700988840433,-36.412990111595676,安値,中度,42603296.6252309,67000000.0,True,30,要人手査定
31548,13121,東京都足立区日ノ出町,中古マンション等,60,6.0,7.0,69000000,0.3641131837539854,1.3641131837539853,36.41131837539854,高値,中度,64113319.63643731,47000000.0,True,30,要人手査定
9842,13107,東京都墨田区千歳,中古マンション等,65,27.0,7.0,89000000,0.36410475517086943,1.3641047551708694,36.410475517086944,高値,中度,85938599.57576478,63000000.0,True,30,要人手査定
24231,13116,東京都豊島区高田,中古マンション等,95,4.0,8.0,150000000,0.36410059693900676,1.3641005969390068,36.41005969390068,高値,中度,136410059.69390067,100000000.0,True,30,要人手査定
24012,13115,東京都杉並区浜田山,中古マンション等,80,23.0,6.0,160000000,0.36408730044984833,1.3640873004498484,36.408730044984836,高値,中度,127542162.59206082,93500000.0,True,30,要人手査定
5294,13104,東京都新宿区中落合,中古マンション等,20,34.0,3.0,9400000,0.36407108041200786,0.6359289195879921,-36.407108041200786,安値,中度,11764685.012377854,18500000.0,True,30,要人手査定
13074,13109,東京都品川区西品川,中古マンション等,85,8.0,8.0,170000000,0.3640534529085362,1.3640534529085362,36.40534529085362,高値,中度,170506681.61356702,125000000.0,True,30,要人手査定
34335,13202,東京都立川市富士見町,中古マンション等,65,35.0,5.0,27000000,0.36404877093252797,0.635951229067472,-36.40487709325279,安値,中度,21940317.402827784,34500000.0,True,30,要人手査定
32837,13123,東京都江戸川区中央,中古マンション等,50,36.0,15.0,23000000,0.36401218455417594,0.6359878154458241,-36.40121845541759,安値,中度,20033616.186543457,31500000.0,True,30,要人手査定
32629,13123,東京都江戸川区船堀,中古マンション等,120,30.0,6.0,83000000,0.3640070563214735,1.3640070563214735,36.40070563214735,高値,中度,76384395.15400252,56000000.0,True,30,要人手査定
16961,13111,東京都大田区南久が原,中古マンション等,30,57.0,3.0,9500000,0.3639764228143831,0.6360235771856169,-36.39764228143831,安値,中度,13038483.332305146,20500000.0,True,30,要人手査定
19555,13112,東京都世田谷区若林,中古マンション等,80,16.0,13.0,140000000,0.36395161266579124,1.3639516126657911,36.39516126657912,高値,中度,123437620.9462541,90500000.0,True,30,要人手査定
39249,13225,東京都稲城市若葉台,中古マンション等,105,11.0,5.0,70000000,0.36393590523277264,1.3639359052327726,36.39359052327726,高値,中度,71606635.02472056,52500000.0,True,30,要人手査定
31725,13122,東京都葛飾区奥戸,中古マンション等,20,39.0,18.0,4800000,0.363826006035078,0.636173993964922,-36.3826006035078,安値,中度,5661948.546287806,8900000.0,True,30,要人手査定
31614,13122,東京都葛飾区東新小岩,中古マンション等,80,51.0,11.0,42000000,0.3637943351856738,1.3637943351856738,36.379433518567375,高値,中度,36822447.05001319,27000000.0,True,30,要人手査定
26992,13119,東京都板橋区仲宿,中古マンション等,30,13.0,6.0,35000000,0.36377858537464886,1.363778585374649,36.37785853746489,高値,中度,32730686.048991572,24000000.0,True,30,要人手査定
33352,13123,東京都江戸川区平井,中古マンション等,70,36.0,8.0,57000000,0.3637490638737114,1.3637490638737115,36.37490638737114,高値,中度,57277460.68269588,42000000.0,True,30,要人手査定
22985,13115,東京都杉並区荻窪,中古マンション等,35,5.0,3.0,59000000,0.3636860658428424,1.3636860658428425,36.368606584284244,高値,中度,59320343.864163645,43500000.0,True,30,要人手査定
7598,13105,東京都文京区本郷,中古マンション等,85,44.0,3.0,110000000,0.3636669184437935,1.3636669184437935,36.36669184437935,高値,中度,111138853.85316917,81500000.0,True,30,要人手査定
13211,13109,東京都品川区大井,中古マンション等,75,20.0,10.0,130000000,0.36364221596912805,1.3636422159691282,36.364221596912806,高値,中度,130909652.7330363,96000000.0,True,30,要人手査定
17453,13111,東京都大田区北嶺町,中古マンション等,30,18.0,3.0,33000000,0.36360501797928274,1.3636050179792827,36.36050179792827,高値,中度,34090125.44948207,25000000.0,True,30,要人手査定
3541,13103,東京都港区白金台,中古マンション等,90,9.0,2.0,220000000,0.36359618123951604,0.636403818760484,-36.359618123951606,安値,中度,241833451.1289839,380000000.0,True,30,要人手査定
4696,13104,東京都新宿区北新宿,中古マンション等,30,55.0,6.0,15000000,0.3635886731374867,0.6364113268625133,-36.358867313748675,安値,中度,14955666.181269063,23500000.0,True,30,要人手査定
36814,13209,東京都町田市鶴間,中古マンション等,75,14.0,4.0,42000000,0.3635653430966038,1.363565343096604,36.35653430966038,高値,中度,54542613.72386415,40000000.0,True,30,要人手査定
36956,13209,東京都町田市能ヶ谷,中古マンション等,65,19.0,8.0,39000000,0.36356481827715137,0.6364351817228486,-36.356481827715136,安値,中度,26730277.632359643,42000000.0,True,30,要人手査定
32669,13123,東京都江戸川区篠崎町,中古マンション等,30,52.0,17.0,11000000,0.3635372096293548,0.6364627903706452,-36.35372096293548,安値,中度,8592247.67000371,13500000.0,True,30,要人手査定
6251,13104,東京都新宿区中落合,中古マンション等,80,9.0,6.0,140000000,0.3635368595048342,0.6364631404951658,-36.353685950483424,安値,中度,120927996.6940815,190000000.0,True,30,要人手査定
17771,13111,東京都大田区西蒲田,中古マンション等,35,52.0,7.0,27000000,0.3635356846529956,1.3635356846529956,36.35356846529956,高値,中度,26588945.850733414,19500000.0,True,30,要人手査定
19470,13112,東京都世田谷区砧,中古マンション等,65,52.0,16.0,22000000,0.3634885569970333,0.6365114430029667,-36.34885569970333,安値,中度,23550923.39110977,37000000.0,True,30,要人手査定
3416,13103,東京都港区芝,中古マンション等,15,46.0,2.0,15000000,0.36342817438737124,0.6365718256126287,-36.34281743873712,安値,中度,14641151.989090461,23000000.0,True,30,要人手査定
13403,13109,東京都品川区戸越,中古マンション等,35,8.0,3.0,51000000,0.363417713536293,0.6365822864637071,-36.3417713536293,安値,中度,50926582.91709656,80000000.0,False,30,要人手査定
32953,13123,東京都江戸川区清新町,中古マンション等,75,42.0,13.0,38000000,0.3633867816693816,1.3633867816693817,36.33867816693816,高値,中度,45673457.185924284,33500000.0,True,30,要人手査定
2517,13103,東京都港区麻布台,中古マンション等,180,15.0,6.0,1100000000,0.3633340550397221,1.3633340550397222,36.33340550397221,高値,中度,1022500541.2797916,750000000.0,True,30,要人手査定
1867,13102,東京都中央区築地,中古マンション等,35,52.0,7.0,32000000,0.36332528014231985,1.36332528014232,36.33252801423198,高値,中度,34764794.643629156,25500000.0,True,30,要人手査定
39298,13225,東京都稲城市向陽台,中古マンション等,75,38.0,29.0,20000000,0.3632632135964179,0.6367367864035821,-36.32632135964179,安値,中度,19738840.378511045,31000000.0,True,30,要人手査定
15187,13110,東京都目黒区柿の木坂,中古マンション等,45,51.0,15.0,20000000,0.36325603026760944,0.6367439697323906,-36.325603026760945,安値,中度,26743246.728760403,42000000.0,True,30,要人手査定
15355,13110,東京都目黒区八雲,中古マンション等,40,24.0,15.0,42000000,0.363232321538343,0.6367676784616569,-36.3232321538343,安値,中度,37887676.86846859,59500000.0,True,30,要人手査定
9761,13107,東京都墨田区墨田,中古マンション等,60,15.0,4.0,50000000,0.3631950385753781,0.636804961424622,-36.31950385753781,安値,中度,45213152.261148155,71000000.0,True,30,要人手査定
8565,13106,東京都台東区北上野,中古マンション等,85,9.0,8.0,200000000,0.3631783437487227,1.3631783437487228,36.31783437487227,高値,中度,163581401.24984673,120000000.0,True,30,要人手査定
36120,13208,東京都調布市菊野台,中古マンション等,30,50.0,10.0,13000000,0.3631776707702009,0.6368223292297991,-36.31776707702009,安値,中度,9233923.773832086,14500000.0,True,30,要人手査定
18149,13112,東京都世田谷区松原,中古マンション等,30,59.0,5.0,13000000,0.3631606663997078,0.6368393336002922,-36.31606663997078,安値,中度,13055206.33880599,20500000.0,True,30,要人手査定
7231,13105,東京都文京区本郷,中古マンション等,30,28.0,6.0,31000000,0.363049081079759,1.363049081079759,36.3049081079759,高値,中度,35439276.108073734,26000000.0,True,30,要人手査定
3125,13103,東京都港区南青山,中古マンション等,35,48.0,2.0,55000000,0.3629937119112377,1.3629937119112376,36.29937119112377,高値,中度,47704779.91689332,35000000.0,True,30,要人手査定
32460,13122,東京都葛飾区四つ木,中古マンション等,100,36.0,18.0,27000000,0.362868057714977,0.637131942285023,-36.2868057714977,安値,中度,26440975.604828455,41500000.0,True,30,要人手査定
33673,13201,東京都八王子市寺田町,中古マンション等,90,44.0,5.0,5900000,0.3628381210576445,0.6371618789423555,-36.283812105764454,安値,中度,11468913.8209624,18000000.0,True,30,要人手査定
33669,13201,東京都八王子市寺田町,中古マンション等,90,44.0,5.0,10000000,0.3628381210576445,0.6371618789423555,-36.283812105764454,安値,中度,11468913.8209624,18000000.0,True,30,要人手査定
17103,13111,東京都大田区池上,中古マンション等,55,27.0,8.0,66000000,0.36281662109808765,1.3628166210980877,36.281662109808764,高値,中度,64052381.19161012,47000000.0,True,30,要人手査定
22119,13114,東京都中野区本町,中古マンション等,20,43.0,5.0,7500000,0.3627961870917388,0.6372038129082612,-36.279618709173874,安値,中度,8920853.380715657,14000000.0,True,30,要人手査定
25046,13116,東京都豊島区高田,中古マンション等,35,15.0,3.0,38000000,0.36279454043388326,1.3627945404338833,36.27945404338833,高値,中度,50423397.99605368,37000000.0,True,30,要人手査定
33685,13201,東京都八王子市明神町,中古マンション等,75,23.0,1.0,44000000,0.36277588686866613,1.3627758868686661,36.277588686866615,高値,中度,45652992.210100316,33500000.0,True,30,要人手査定
36083,13207,東京都昭島市大神町,中古マンション等,55,32.0,20.0,14000000,0.3627753860887321,0.6372246139112678,-36.27753860887321,安値,中度,14018941.506047893,22000000.0,True,30,要人手査定
4553,13103,東京都港区六本木,中古マンション等,100,14.0,3.0,830000000,0.3626965496603051,1.3626965496603052,36.269654966030515,高値,中度,626840412.8437403,460000000.0,True,30,要人手査定
26564,13118,東京都荒川区西日暮里,中古マンション等,70,27.0,3.0,77000000,0.3626388533929874,1.3626388533929874,36.26388533929874,高値,中度,76307775.7900073,56000000.0,True,30,要人手査定
3435,13103,東京都港区芝,中古マンション等,70,44.0,5.0,120000000,0.36262406288250604,1.362624062882506,36.2624062882506,高値,中度,116504357.37645426,85500000.0,True,30,要人手査定
6065,13104,東京都新宿区新小川町,中古マンション等,40,14.0,8.0,70000000,0.3626174153193523,1.3626174153193522,36.26174153193523,高値,中度,79031810.08852243,58000000.0,True,30,要人手査定
36639,13208,東京都調布市多摩川,中古マンション等,55,41.0,8.0,13000000,0.3624334522272035,0.6375665477727964,-36.24334522272035,安値,中度,20720912.802615885,32500000.0,True,30,要人手査定
5066,13104,東京都新宿区下宮比町,中古マンション等,45,48.0,3.0,60000000,0.36236448585337944,1.3623644858533794,36.236448585337946,高値,中度,50407485.97657504,37000000.0,True,30,要人手査定
32376,13122,東京都葛飾区東新小岩,中古マンション等,55,27.0,3.0,58000000,0.3623516961740486,1.3623516961740487,36.235169617404864,高値,中度,55856419.54313599,41000000.0,True,30,要人手査定
39445,13229,東京都西東京市柳沢,中古マンション等,45,44.0,2.0,20000000,0.36224822216810865,0.6377517778318914,-36.224822216810864,安値,中度,12755035.556637827,20000000.0,True,30,要人手査定
12978,13108,東京都江東区毛利,中古マンション等,60,31.0,3.0,88000000,0.3622162473821834,1.3622162473821833,36.22162473821834,高値,中度,81732974.842931,60000000.0,True,30,要人手査定
12590,13108,東京都江東区白河,中古マンション等,70,21.0,3.0,140000000,0.3621717523693933,1.3621717523693933,36.21717523693933,高値,中度,121233285.960876,89000000.0,True,30,要人手査定
25929,13117,東京都北区王子,中古マンション等,35,8.0,7.0,47000000,0.36212894480332497,1.362128944803325,36.212894480332494,高値,中度,46993448.59571471,34500000.0,True,30,要人手査定
38451,13219,東京都狛江市和泉本町,中古マンション等,40,54.0,6.0,10000000,0.3620120709466693,0.6379879290533307,-36.201207094666934,安値,中度,14354728.40369994,22500000.0,True,30,要人手査定
14143,13109,東京都品川区南大井,中古マンション等,65,21.0,6.0,61000000,0.3619631814125961,0.6380368185874039,-36.19631814125961,安値,中度,66993865.95167741,105000000.0,False,30,要人手査定
21157,13113,東京都渋谷区千駄ケ谷,中古マンション等,85,3.0,1.0,330000000,0.36193718739561864,1.3619371873956188,36.19371873956187,高値,中度,381342412.4707732,280000000.0,True,30,要人手査定
14197,13109,東京都品川区大崎,中古マンション等,70,43.0,6.0,82000000,0.36193164814002715,1.3619316481400272,36.193164814002714,高値,中度,84439762.18468168,62000000.0,True,30,要人手査定
18138,13112,東京都世田谷区松原,中古マンション等,35,58.0,4.0,17000000,0.36189540064165027,0.6381045993583497,-36.18954006416503,安値,中度,16909771.88299627,26500000.0,True,30,要人手査定
4770,13104,東京都新宿区西早稲田,中古マンション等,70,19.0,6.0,76000000,0.3618731340455127,0.6381268659544873,-36.18731340455127,安値,中度,86147126.90385579,135000000.0,True,30,要人手査定
36298,13208,東京都調布市染地,中古マンション等,60,29.0,18.0,25000000,0.361803483050082,0.6381965169499181,-36.180348305008195,安値,中度,26804253.711896557,42000000.0,True,30,要人手査定
21132,13113,東京都渋谷区渋谷,中古マンション等,115,23.0,4.0,560000000,0.3617243454600089,1.361724345460009,36.17243454600089,高値,中度,381282816.7288025,280000000.0,True,30,要人手査定
14509,13109,東京都品川区西五反田,中古マンション等,30,25.0,5.0,32000000,0.3617084072928077,1.3617084072928076,36.17084072928077,高値,中度,32000147.57138098,23500000.0,True,30,要人手査定
16829,13111,東京都大田区田園調布,中古マンション等,85,28.0,4.0,110000000,0.36168892973990036,1.3616889297399004,36.16889297399003,高値,中度,98041602.94127283,72000000.0,True,30,要人手査定
32705,13123,東京都江戸川区船堀,中古マンション等,100,25.0,11.0,62000000,0.36160912320272665,1.3616091232027268,36.160912320272665,高値,中度,72846088.09134588,53500000.0,True,30,要人手査定
11498,13108,東京都江東区東砂,中古マンション等,45,45.0,11.0,19000000,0.3616055188939051,0.6383944811060949,-36.160551889390504,安値,中度,22343806.83871332,35000000.0,True,30,要人手査定
38218,13215,東京都国立市富士見台,中古マンション等,70,11.0,18.0,55000000,0.3615231479577147,1.3615231479577146,36.15231479577147,高値,中度,54460925.918308586,40000000.0,True,30,要人手査定
20426,13112,東京都世田谷区南烏山,中古マンション等,60,55.0,6.0,26000000,0.3615137349488089,0.6384862650511911,-36.151373494880886,安値,中度,29051125.059829194,45500000.0,True,30,要人手査定
14857,13109,東京都品川区南大井,中古マンション等,40,23.0,4.0,36000000,0.36150473871098693,0.638495261289013,-36.15047387109869,安値,中度,40225201.46120782,63000000.0,True,30,要人手査定
36221,13208,東京都調布市西つつじケ丘,中古マンション等,35,2.0,11.0,31000000,0.3614335477277298,1.3614335477277297,36.14335477277298,高値,中度,42204439.97955962,31000000.0,True,30,要人手査定
26292,13118,東京都荒川区町屋,中古マンション等,25,38.0,13.0,7800000,0.3614113954858498,0.6385886045141502,-36.141139548584974,安値,中度,12133183.485768855,19000000.0,True,30,要人手査定
29056,13120,東京都練馬区貫井,中古マンション等,40,54.0,7.0,15000000,0.3614090919660278,0.6385909080339722,-36.14090919660278,安値,中度,15326181.792815333,24000000.0,True,30,要人手査定
29975,13120,東京都練馬区中村南,中古マンション等,65,48.0,13.0,48000000,0.3614002068773841,1.361400206877384,36.140020687738414,高値,中度,40842006.20632152,30000000.0,True,30,要人手査定
22667,13114,東京都中野区本町,中古マンション等,35,22.0,9.0,43000000,0.3613470268272207,1.3613470268272208,36.13470268272207,高値,中度,49008492.965779945,36000000.0,True,30,要人手査定
36856,13209,東京都町田市原町田,中古マンション等,75,6.0,3.0,78000000,0.36133487572418027,1.3613348757241803,36.133487572418026,高値,中度,71470080.97551946,52500000.0,True,30,要人手査定
29338,13120,東京都練馬区石神井町,中古マンション等,75,4.0,8.0,110000000,0.36127687688273386,1.361276876882734,36.12768768827338,高値,中度,94608742.94335,69500000.0,True,30,要人手査定
14127,13109,東京都品川区南大井,中古マンション等,40,48.0,3.0,25000000,0.3612726230482378,0.6387273769517622,-36.12726230482378,安値,中度,26507186.14349813,41500000.0,True,30,要人手査定
24754,13116,東京都豊島区東池袋,中古マンション等,70,4.0,1.0,180000000,0.3612245150535338,1.3612245150535338,36.12245150535338,高値,中度,176959186.9569594,130000000.0,True,30,要人手査定
22303,13114,東京都中野区弥生町,中古マンション等,50,57.0,7.0,30000000,0.3612070472958523,0.6387929527041477,-36.12070472958523,安値,中度,21399563.91558895,33500000.0,True,30,要人手査定
30081,13120,東京都練馬区光が丘,中古マンション等,65,38.0,13.0,48000000,0.3611220678586005,1.3611220678586005,36.11220678586005,高値,中度,43555906.17147522,32000000.0,True,30,要人手査定
32366,13122,東京都葛飾区東金町,中古マンション等,80,16.0,7.0,83000000,0.36110703763800506,1.361107037638005,36.11070376380051,高値,中度,80305315.2206423,59000000.0,True,30,要人手査定
21986,13114,東京都中野区中央,中古マンション等,45,24.0,6.0,63000000,0.36110442382206565,1.3611044238220655,36.110442382206564,高値,中度,61930251.283903986,45500000.0,True,30,要人手査定
34692,13203,東京都武蔵野市吉祥寺本町,中古マンション等,75,42.0,14.0,69000000,0.3610688959317111,1.361068895931711,36.10688959317111,高値,中度,69414513.69251727,51000000.0,True,30,要人手査定
33957,13201,東京都八王子市八日町,中古マンション等,75,16.0,10.0,40000000,0.36102141038570773,1.3610214103857077,36.10214103857077,高値,中度,44233195.8375355,32500000.0,True,30,要人手査定
21523,13113,東京都渋谷区千駄ケ谷,中古マンション等,80,3.0,1.0,400000000,0.3609715426336804,1.3609715426336804,36.09715426336804,高値,中度,374267174.2242621,275000000.0,True,30,要人手査定
8779,13106,東京都台東区松が谷,中古マンション等,45,48.0,7.0,41000000,0.3609595521719861,1.3609595521719862,36.09595521719861,高値,中度,38787347.2369016,28500000.0,True,30,要人手査定
3133,13103,東京都港区南麻布,中古マンション等,35,25.0,7.0,52000000,0.3609541386832233,1.3609541386832233,36.09541386832233,高値,中度,52396734.3393041,38500000.0,True,30,要人手査定
2884,13103,東京都港区新橋,中古マンション等,55,14.0,3.0,110000000,0.3609437027742056,0.6390562972257944,-36.09437027742056,安値,中度,108639570.52838504,170000000.0,True,30,要人手査定
9672,13107,東京都墨田区亀沢,中古マンション等,50,49.0,5.0,44000000,0.36091429177029666,1.3609142917702968,36.09142917702967,高値,中度,46951543.066075236,34500000.0,True,30,要人手査定
32845,13123,東京都江戸川区西葛西,中古マンション等,70,40.0,4.0,45000000,0.36081840821826455,1.3608184082182646,36.081840821826454,高値,中度,43546189.06298447,32000000.0,True,30,要人手査定
38008,13214,東京都国分寺市西町,中古マンション等,60,7.0,22.0,54000000,0.36072280358195047,0.6392771964180495,-36.072280358195044,安値,中度,35160245.802992724,55000000.0,True,30,要人手査定
34390,13202,東京都立川市上砂町,中古マンション等,65,27.0,9.0,18000000,0.3606696966950129,0.6393303033049871,-36.06696966950129,安値,中度,19819239.4024546,31000000.0,True,30,要人手査定
19578,13112,東京都世田谷区鎌田,中古マンション等,80,19.0,5.0,50000000,0.36059334947314114,0.6394066505268589,-36.05933494731411,安値,中度,60743631.80005159,95000000.0,True,30,要人手査定
18698,13112,東京都世田谷区給田,中古マンション等,60,53.0,16.0,20000000,0.3605345989153877,0.6394654010846123,-36.05345989153877,安値,中度,23340487.13958835,36500000.0,True,30,要人手査定
37556,13212,東京都日野市豊田,中古マンション等,70,8.0,2.0,45000000,0.36052695677306473,1.3605269567730647,36.052695677306474,高値,中度,53740814.79253606,39500000.0,True,30,要人手査定
18985,13112,東京都世田谷区下馬,中古マンション等,75,24.0,13.0,110000000,0.36049365947562173,1.3604936594756216,36.04936594756217,高値,中度,99316037.14172038,73000000.0,True,30,要人手査定
9483,13107,東京都墨田区東向島,中古マンション等,55,2.0,7.0,76000000,0.36048196474773525,1.3604819647477353,36.048196474773526,高値,中度,72785785.11400384,53500000.0,True,30,要人手査定
11683,13108,東京都江東区東砂,中古マンション等,70,11.0,8.0,70000000,0.36045394748885345,0.6395460525111465,-36.04539474888534,安値,中度,70350065.77622612,110000000.0,True,30,要人手査定
20202,13112,東京都世田谷区玉川,中古マンション等,50,24.0,13.0,62000000,0.3603646510940575,1.3603646510940575,36.03646510940575,高値,中度,75500238.1357202,55500000.0,True,30,要人手査定
3095,13103,東京都港区浜松町,中古マンション等,80,2.0,2.0,410000000,0.3603542244120048,1.3603542244120048,36.03542244120048,高値,中度,435313351.81184155,320000000.0,True,30,要人手査定
9410,13107,東京都墨田区東向島,中古マンション等,65,31.0,8.0,37000000,0.3602398765228111,0.6397601234771889,-36.02398765228111,安値,中度,37106087.16167696,58000000.0,True,30,要人手査定
19691,13112,東京都世田谷区赤堤,中古マンション等,25,55.0,5.0,7000000,0.36017572935302977,0.6398242706469702,-36.01757293530298,安値,中度,11836749.006968949,18500000.0,True,30,要人手査定
16766,13111,東京都大田区羽田,中古マンション等,45,53.0,3.0,17000000,0.36017048736364743,0.6398295126363526,-36.01704873636474,安値,中度,19194885.379090577,30000000.0,True,30,要人手査定
22462,13114,東京都中野区鷺宮,中古マンション等,45,3.0,8.0,47000000,0.3601606058485295,0.6398393941514705,-36.01606058485295,安値,中度,47028195.47013308,73500000.0,True,30,要人手査定
21640,13113,東京都渋谷区広尾,中古マンション等,120,34.0,14.0,230000000,0.3601105132470364,1.3601105132470364,36.011051324703644,高値,中度,299224312.914348,220000000.0,True,30,要人手査定
31397,13121,東京都足立区辰沼,中古マンション等,60,38.0,26.0,26000000,0.3600983048912012,1.3600983048912012,36.00983048912012,高値,中度,23801720.33559602,17500000.0,True,30,要人手査定
19783,13112,東京都世田谷区玉堤,中古マンション等,60,47.0,15.0,22000000,0.360077623846214,0.639922376153786,-36.0077623846214,安値,中度,26876739.798459012,42000000.0,True,30,要人手査定
32137,13122,東京都葛飾区東四つ木,中古マンション等,65,9.0,13.0,43000000,0.36005311647878735,0.6399468835212127,-36.005311647878735,安値,中度,41596547.42887882,65000000.0,True,30,要人手査定
25885,13117,東京都北区岩淵町,中古マンション等,70,20.0,13.0,69000000,0.36001906979144505,1.360019069791445,36.00190697914451,高値,中度,73441029.76873803,54000000.0,True,30,要人手査定
27721,13119,東京都板橋区弥生町,中古マンション等,75,49.0,7.0,24000000,0.36000241176445497,0.6399975882355451,-36.0002411764455,安値,中度,23999909.55883294,37500000.0,True,30,要人手査定
5687,13104,東京都新宿区大久保,中古マンション等,15,42.0,12.0,14000000,0.35991674540693663,0.6400832545930634,-35.991674540693666,安値,中度,11201456.955378609,17500000.0,True,30,要人手査定
15232,13110,東京都目黒区中根,中古マンション等,45,58.0,8.0,22000000,0.35978179801902166,0.6402182019809783,-35.978179801902165,安値,中度,26248946.281220112,41000000.0,True,30,要人手査定
15649,13110,東京都目黒区上目黒,中古マンション等,90,40.0,8.0,120000000,0.3597786080431836,1.3597786080431835,35.97786080431836,高値,中度,142776753.84453428,105000000.0,True,30,要人手査定
4500,13103,東京都港区南麻布,中古マンション等,30,6.0,4.0,84000000,0.359776742276866,1.359776742276866,35.9776742276866,高値,中度,72748055.71181233,53500000.0,True,30,要人手査定
22002,13114,東京都中野区中央,中古マンション等,10,46.0,1.0,7300000,0.359705357667136,0.640294642332864,-35.9705357667136,安値,中度,8964124.992660096,14000000.0,True,30,要人手査定
27330,13119,東京都板橋区高島平,中古マンション等,20,39.0,3.0,7500000,0.35968823861929533,0.6403117613807047,-35.968823861929536,安値,中度,7683741.136568456,12000000.0,True,30,要人手査定
27320,13119,東京都板橋区高島平,中古マンション等,20,39.0,3.0,7700000,0.35968823861929533,0.6403117613807047,-35.968823861929536,安値,中度,7683741.136568456,12000000.0,True,30,要人手査定
24003,13115,東京都杉並区浜田山,中古マンション等,75,30.0,7.0,83000000,0.35965786421132206,1.3596578642113222,35.96578642113221,高値,中度,100614681.95163783,74000000.0,True,30,要人手査定
31275,13121,東京都足立区神明,中古マンション等,50,47.0,21.0,21000000,0.3596146454111012,1.359614645411101,35.961464541110125,高値,中度,18354797.713049866,13500000.0,True,30,要人手査定
28053,13119,東京都板橋区板橋,中古マンション等,40,4.0,4.0,46000000,0.3595464058559579,1.3595464058559579,35.95464058559579,高値,中度,48263897.407886505,35500000.0,True,30,要人手査定
37246,13210,東京都小金井市貫井北町,中古マンション等,45,42.0,19.0,23000000,0.3594245270744096,0.6405754729255905,-35.94245270744096,安値,中度,17295537.76899094,27000000.0,True,30,要人手査定
1688,13102,東京都中央区月島,中古マンション等,80,44.0,4.0,120000000,0.3593887618159778,1.3593887618159777,35.93887618159778,高値,中度,91758741.4225785,67500000.0,True,30,要人手査定
21134,13113,東京都渋谷区渋谷,中古マンション等,45,14.0,2.0,140000000,0.3593245554904524,1.3593245554904525,35.93245554904524,高値,中度,131174819.60482866,96500000.0,True,30,要人手査定
9117,13107,東京都墨田区江東橋,中古マンション等,65,11.0,3.0,110000000,0.3593101990220672,1.3593101990220673,35.93101990220672,高値,中度,110104126.12078744,81000000.0,True,30,要人手査定
26815,13118,東京都荒川区東日暮里,中古マンション等,70,6.0,8.0,110000000,0.35930133556756694,1.359301335567567,35.930133556756694,高値,中度,102627250.8353513,75500000.0,True,30,要人手査定
19928,13112,東京都世田谷区上北沢,中古マンション等,35,55.0,4.0,5500000,0.3592389014080241,0.6407610985919758,-35.92389014080241,安値,中度,15698646.915503409,24500000.0,True,30,要人手査定
29818,13120,東京都練馬区立野町,中古マンション等,55,30.0,18.0,48000000,0.35918170986112874,1.3591817098611287,35.91817098611288,高値,中度,50289723.26486176,37000000.0,True,30,要人手査定
29208,13120,東京都練馬区豊玉北,中古マンション等,70,25.0,7.0,75000000,0.35904761786706774,1.3590476178670676,35.90476178670677,高値,中度,74747618.98268872,55000000.0,True,30,要人手査定
15756,13110,東京都目黒区中目黒,中古マンション等,35,39.0,5.0,70000000,0.3590154833951283,1.3590154833951282,35.90154833951283,高値,中度,53681111.59410757,39500000.0,True,30,要人手査定
38622,13221,東京都清瀬市中里,中古マンション等,60,41.0,5.0,9600000,0.358976904436042,0.641023095563958,-35.897690443604205,安値,中度,16025577.38909895,25000000.0,True,30,要人手査定
38503,13219,東京都狛江市東野川,中古マンション等,75,53.0,16.0,35000000,0.3589765864881254,1.3589765864881254,35.897658648812545,高値,中度,35333391.24869126,26000000.0,True,30,要人手査定
13123,13109,東京都品川区西大井,中古マンション等,35,8.0,6.0,45000000,0.35883492605411693,0.6411650739458831,-35.883492605411696,安値,中度,41355147.26950946,64500000.0,True,30,要人手査定
14770,13109,東京都品川区南大井,中古マンション等,20,15.0,6.0,27000000,0.3587782291186739,1.3587782291186739,35.87782291186739,高値,中度,36687012.186204195,27000000.0,True,30,要人手査定
27211,13119,東京都板橋区志村,中古マンション等,80,26.0,2.0,77000000,0.3586456523982877,1.3586456523982877,35.86456523982877,高値,中度,78122125.01290154,57500000.0,True,30,要人手査定
4279,13103,東京都港区白金,中古マンション等,85,21.0,0.0,270000000,0.3586047492825043,1.3586047492825042,35.86047492825043,高値,中度,278513973.6029134,205000000.0,True,30,要人手査定
15739,13110,東京都目黒区中町,中古マンション等,35,22.0,8.0,58000000,0.35857046583162094,1.3585704658316209,35.857046583162095,高値,中度,52984248.16743322,39000000.0,True,30,要人手査定
37245,13210,東京都小金井市貫井北町,中古マンション等,55,42.0,18.0,20000000,0.3585420557322304,0.6414579442677696,-35.85420557322304,安値,中度,18602280.383765317,29000000.0,True,30,要人手査定
39366,13227,東京都羽村市栄町,中古マンション等,65,50.0,5.0,6800000,0.35852730635360774,0.6414726936463923,-35.85273063536077,安値,中度,7697672.323756707,12000000.0,True,30,要人手査定
19998,13112,東京都世田谷区砧,中古マンション等,15,35.0,15.0,7400000,0.35851609275939617,0.6414839072406038,-35.851609275939616,安値,中度,8660032.747748151,13500000.0,True,30,要人手査定
9284,13107,東京都墨田区立花,中古マンション等,70,14.0,2.0,55000000,0.35850285158592504,0.6414971484140749,-35.850285158592506,安値,中度,54527257.61519637,85000000.0,True,30,要人手査定
25090,13116,東京都豊島区西池袋,中古マンション等,35,14.0,6.0,55000000,0.35848548161209304,1.358485481612093,35.8485481612093,高値,中度,49584720.078841396,36500000.0,True,30,要人手査定
21707,13113,東京都渋谷区代々木,中古マンション等,65,43.0,7.0,110000000,0.3584039366119609,1.358403936611961,35.84039366119609,高値,中度,101880295.24589707,75000000.0,True,30,要人手査定
24177,13116,東京都豊島区西巣鴨,中古マンション等,60,21.0,1.0,65000000,0.3583874419026923,0.6416125580973077,-35.83874419026923,安値,中度,63840449.53068212,99500000.0,True,30,要人手査定
21251,13113,東京都渋谷区千駄ケ谷,中古マンション等,85,3.0,1.0,400000000,0.3583839850480033,1.3583839850480033,35.83839850480033,高値,中度,380347515.8134409,280000000.0,True,30,要人手査定
3120,13103,東京都港区南青山,中古マンション等,80,58.0,8.0,130000000,0.3583806253160592,1.358380625316059,35.83806253160592,高値,中度,127687778.77970956,94000000.0,True,30,要人手査定
415,13101,東京都千代田区神田猿楽町,中古マンション等,30,24.0,4.0,30000000,0.3583213000076789,1.358321300007679,35.83213000076789,高値,中度,40070478.35022653,29500000.0,True,30,要人手査定
33541,13201,東京都八王子市旭町,中古マンション等,75,8.0,2.0,78000000,0.3582511451091371,1.358251145109137,35.82511451091371,高値,中度,70629059.54567513,52000000.0,True,30,要人手査定
22934,13115,東京都杉並区上荻,中古マンション等,45,20.0,7.0,46000000,0.3582491500277464,1.3582491500277465,35.82491500277464,高値,中度,55009090.57612373,40500000.0,True,30,要人手査定
31137,13121,東京都足立区梅田,中古マンション等,40,53.0,8.0,7500000,0.35823854991916554,0.6417614500808344,-35.823854991916555,安値,中度,10268183.201293351,16000000.0,True,30,要人手査定
30238,13121,東京都足立区中川,中古マンション等,40,6.0,13.0,30000000,0.35821935725674064,1.3582193572567407,35.82193572567407,高値,中度,35313703.288675256,26000000.0,True,30,要人手査定
24855,13116,東京都豊島区東池袋,中古マンション等,65,4.0,1.0,180000000,0.35812523841195354,1.3581252384119535,35.81252384119536,高値,中度,162975028.60943443,120000000.0,True,30,要人手査定
4550,13103,東京都港区六本木,中古マンション等,70,23.0,7.0,370000000,0.3580869454492616,1.3580869454492617,35.80869454492616,高値,中度,230874780.72637448,170000000.0,True,30,要人手査定
37728,13213,東京都東村山市恩多町,中古マンション等,70,38.0,5.0,13000000,0.3580736384112589,0.6419263615887412,-35.80736384112589,安値,中度,14764306.316541046,23000000.0,True,30,要人手査定
29624,13120,東京都練馬区北町,中古マンション等,55,9.0,4.0,32000000,0.3580360334848052,0.6419639665151948,-35.80360334848052,安値,中度,43011585.75651805,67000000.0,True,30,要人手査定
35107,13204,東京都三鷹市下連雀,中古マンション等,115,47.0,9.0,85000000,0.35802473563119946,1.3580247356311994,35.802473563119946,高値,中度,67901236.78155997,50000000.0,True,30,要人手査定
21990,13114,東京都中野区中央,中古マンション等,70,13.0,6.0,130000000,0.3579866035143775,1.3579866035143775,35.798660351437746,高値,中度,130366713.93738024,96000000.0,True,30,要人手査定
25863,13117,東京都北区赤羽台,中古マンション等,45,55.0,5.0,18000000,0.3579836452144994,0.6420163547855007,-35.79836452144994,安値,中度,19902506.99835052,31000000.0,True,30,要人手査定
29045,13120,東京都練馬区立野町,中古マンション等,65,10.0,21.0,65000000,0.3579653748614335,1.3579653748614335,35.79653748614335,高値,中度,66540303.36821024,49000000.0,True,30,要人手査定
11671,13108,東京都江東区東砂,中古マンション等,65,5.0,5.0,53000000,0.35795552192147906,0.6420444780785209,-35.79555219214791,安値,中度,89886226.93099293,140000000.0,True,30,要人手査定
16631,13111,東京都大田区羽田,中古マンション等,30,53.0,3.0,11000000,0.3579464808890988,0.6420535191109011,-35.79464808890988,安値,中度,12841070.382218024,20000000.0,True,30,要人手査定
24097,13115,東京都杉並区和田,中古マンション等,25,56.0,1.0,8800000,0.3579343880709811,0.6420656119290189,-35.79343880709811,安値,中度,11557181.01472234,18000000.0,True,30,要人手査定
21453,13113,東京都渋谷区笹塚,中古マンション等,25,3.0,11.0,47000000,0.35788300664949385,0.6421169933505062,-35.78830066494938,安値,中度,42700780.05780866,66500000.0,True,30,要人手査定
9458,13107,東京都墨田区錦糸,中古マンション等,25,52.0,7.0,15000000,0.3578824004086193,0.6421175995913807,-35.78824004086193,安値,中度,12842351.991827615,20000000.0,True,30,要人手査定
21475,13113,東京都渋谷区渋谷,中古マンション等,50,25.0,9.0,180000000,0.3578316473567113,1.3578316473567114,35.78316473567113,高値,中度,124241595.73313908,91500000.0,True,30,要人手査定
28565,13119,東京都板橋区前野町,中古マンション等,40,41.0,14.0,11000000,0.35779107328979315,0.6422089267102069,-35.779107328979315,安値,中度,15413014.241044965,24000000.0,True,30,要人手査定
2976,13103,東京都港区南青山,中古マンション等,15,42.0,12.0,11000000,0.3577836201343745,0.6422163798656255,-35.778362013437444,安値,中度,12844327.59731251,20000000.0,True,30,要人手査定
22636,13114,東京都中野区本町,中古マンション等,35,21.0,5.0,57000000,0.3577749120698015,1.3577749120698015,35.77749120698015,高値,中度,50916559.202617556,37500000.0,True,30,要人手査定
22551,13114,東京都中野区中野,中古マンション等,45,42.0,7.0,28000000,0.35763171044056163,1.3576317104405615,35.763171044056165,高値,中度,46159478.154979095,34000000.0,True,30,要人手査定
36299,13208,東京都調布市染地,中古マンション等,45,60.0,19.0,8000000,0.35753714739495784,0.6424628526050422,-35.753714739495784,安値,中度,8030785.657563027,12500000.0,True,30,要人手査定
5868,13104,東京都新宿区荒木町,中古マンション等,30,47.0,2.0,40000000,0.3574299399054238,1.3574299399054237,35.74299399054238,高値,中度,36650608.37744644,27000000.0,True,30,要人手査定
5089,13104,東京都新宿区中落合,中古マンション等,85,9.0,6.0,140000000,0.35742815555108104,0.642571844448919,-35.7428155551081,安値,中度,122088650.4452946,190000000.0,True,30,要人手査定
14923,13110,東京都目黒区大岡山,中古マンション等,30,57.0,9.0,12000000,0.35739832777835345,0.6426016722216465,-35.739832777835346,安値,中度,15422440.133319518,24000000.0,True,30,要人手査定
23823,13115,東京都杉並区高円寺北,中古マンション等,20,5.0,14.0,29000000,0.35739165962872105,1.357391659628721,35.73916596287211,高値,中度,31220008.171460584,23000000.0,True,30,要人手査定
21300,13113,東京都渋谷区笹塚,中古マンション等,30,53.0,4.0,14000000,0.357331237619449,0.6426687623805509,-35.7331237619449,安値,中度,20565400.39617763,32000000.0,True,30,要人手査定
21880,13114,東京都中野区東中野,中古マンション等,90,15.0,9.0,120000000,0.3573037237432399,1.35730372374324,35.730372374323984,高値,中度,120121379.55127673,88500000.0,True,30,要人手査定
29264,13120,東京都練馬区石神井町,中古マンション等,75,16.0,7.0,87000000,0.35729845314064856,1.3572984531406487,35.72984531406485,高値,中度,85509802.54786086,63000000.0,True,30,要人手査定
13927,13109,東京都品川区東大井,中古マンション等,20,34.0,7.0,17000000,0.35724931885542993,0.6427506811445701,-35.72493188554299,安値,中度,14140514.985180542,22000000.0,True,30,要人手査定
4565,13103,東京都港区六本木,中古マンション等,65,12.0,5.0,170000000,0.3572302335947102,1.3572302335947102,35.723023359471014,高値,中度,285018349.05488914,210000000.0,True,30,要人手査定
1545,13102,東京都中央区新川,中古マンション等,20,52.0,7.0,14000000,0.3572187386849624,0.6427812613150375,-35.72187386849624,安値,中度,12855625.226300752,20000000.0,True,30,要人手査定
39294,13225,東京都稲城市大丸,中古マンション等,65,47.0,9.0,19000000,0.3572080747167255,1.3572080747167254,35.72080747167255,高値,中度,19000913.046034157,14000000.0,True,30,要人手査定
28406,13119,東京都板橋区中台,中古マンション等,45,49.0,7.0,19000000,0.3571956797799786,1.3571956797799787,35.71956797799786,高値,中度,29858304.95515953,22000000.0,True,30,要人手査定
4298,13103,東京都港区白金台,中古マンション等,80,46.0,4.0,180000000,0.357190355029625,1.357190355029625,35.7190355029625,高値,中度,142504987.27811062,105000000.0,True,30,要人手査定
35520,13206,東京都府中市紅葉丘,中古マンション等,65,35.0,12.0,25000000,0.35712233698366397,0.642877663016336,-35.7122336983664,安値,中度,20893524.04803092,32500000.0,True,30,要人手査定
17984,13111,東京都大田区南久が原,中古マンション等,40,42.0,1.0,18000000,0.35707595509998397,0.6429240449000161,-35.7075955099984,安値,中度,20573569.436800513,32000000.0,True,30,要人手査定
35681,13206,東京都府中市浅間町,中古マンション等,60,18.0,5.0,31000000,0.35707585214116655,0.6429241478588335,-35.707585214116655,安値,中度,30860359.097224005,48000000.0,True,30,要人手査定
8346,13106,東京都台東区池之端,中古マンション等,55,21.0,4.0,92000000,0.3570377383082465,1.3570377383082464,35.703773830824645,高値,中度,90921528.46665251,67000000.0,True,30,要人手査定
15284,13110,東京都目黒区中根,中古マンション等,30,55.0,3.0,25000000,0.35703349035713705,0.642966509642863,-35.70334903571371,安値,中度,20253445.053750183,31500000.0,True,30,要人手査定
24741,13116,東京都豊島区西池袋,中古マンション等,55,39.0,8.0,64000000,0.35692428700574697,1.356924287005747,35.692428700574695,高値,中度,62418517.20226436,46000000.0,True,30,要人手査定
7194,13105,東京都文京区湯島,中古マンション等,75,7.0,1.0,150000000,0.35690743483651305,1.356907434836513,35.6907434836513,高値,中度,176397966.5287467,130000000.0,True,30,要人手査定
28181,13119,東京都板橋区小茂根,中古マンション等,50,2.0,5.0,73000000,0.3568832423078891,1.3568832423078891,35.68832423078891,高値,中度,77342344.81154968,57000000.0,True,30,要人手査定
3896,13103,東京都港区芝浦,中古マンション等,70,43.0,13.0,95000000,0.35687591206486396,1.356875912064864,35.687591206486395,高値,中度,94981313.84454048,70000000.0,True,30,要人手査定
30936,13121,東京都足立区千住寿町,中古マンション等,60,15.0,10.0,53000000,0.3568545690385904,1.3568545690385905,35.68545690385904,高値,中度,54274182.76154362,40000000.0,True,30,要人手査定
38756,13222,東京都東久留米市滝山,中古マンション等,45,57.0,5.0,14000000,0.35679099960840277,1.3567909996084029,35.679099960840276,高値,中度,10515130.246965121,7750000.0,True,30,要人手査定
25445,13117,東京都北区中里,中古マンション等,75,9.0,9.0,110000000,0.3567109829133347,1.3567109829133346,35.67109829133347,高値,中度,108536878.63306677,80000000.0,True,30,要人手査定
25443,13117,東京都北区中里,中古マンション等,75,9.0,9.0,120000000,0.3567109829133347,1.3567109829133346,35.67109829133347,高値,中度,108536878.63306677,80000000.0,True,30,要人手査定
37095,13209,東京都町田市三輪緑山,中古マンション等,90,35.0,25.0,19000000,0.3566951234972597,0.6433048765027403,-35.66951234972597,安値,中度,18977493.85683084,29500000.0,True,30,要人手査定
5743,13104,東京都新宿区市谷薬王寺町,中古マンション等,45,58.0,6.0,43000000,0.35664182832039515,1.3566418283203951,35.664182832039515,高値,中度,37307650.278810866,27500000.0,True,30,要人手査定
26080,13117,東京都北区滝野川,中古マンション等,35,45.0,4.0,16000000,0.356620974758009,0.643379025241991,-35.662097475800905,安値,中度,19944749.78250172,31000000.0,True,30,要人手査定
3411,13103,東京都港区港南,中古マンション等,75,20.0,5.0,130000000,0.35662023092836115,0.6433797690716389,-35.662023092836115,安値,中度,144760448.04111874,225000000.0,True,30,要人手査定
33277,13123,東京都江戸川区西葛西,中古マンション等,70,46.0,15.0,52000000,0.356583228985181,1.356583228985181,35.6583228985181,高値,中度,42054080.09854061,31000000.0,True,30,要人手査定
20114,13112,東京都世田谷区三軒茶屋,中古マンション等,35,55.0,11.0,33000000,0.3565735822489766,1.3565735822489766,35.65735822489766,高値,中度,35270913.13847339,26000000.0,True,30,要人手査定
3066,13103,東京都港区高輪,中古マンション等,65,55.0,4.0,95000000,0.35654106291403453,1.3565410629140344,35.65410629140345,高値,中度,94957874.40398242,70000000.0,True,30,要人手査定
810,13102,東京都中央区日本橋蛎殻町,中古マンション等,30,7.0,2.0,38000000,0.3564963936353502,0.6435036063646498,-35.649639363535016,安値,中度,35392698.35005574,55000000.0,True,30,要人手査定
809,13102,東京都中央区日本橋蛎殻町,中古マンション等,30,7.0,2.0,33000000,0.3564963936353502,0.6435036063646498,-35.649639363535016,安値,中度,35392698.35005574,55000000.0,True,30,要人手査定
28154,13119,東京都板橋区熊野町,中古マンション等,45,46.0,8.0,23000000,0.35648516956834264,1.3564851695683426,35.648516956834264,高値,中度,30520916.31528771,22500000.0,True,30,要人手査定
2561,13103,東京都港区白金,中古マンション等,140,8.0,5.0,700000000,0.35646534357236087,0.6435346564276391,-35.646534357236085,安値,中度,450474259.4993474,700000000.0,True,30,要人手査定
11162,13108,東京都江東区豊洲,中古マンション等,75,26.0,12.0,79000000,0.35643697859253715,1.3564369785925372,35.64369785925371,高値,中度,94950588.5014776,70000000.0,True,30,要人手査定
15250,13110,東京都目黒区下目黒,中古マンション等,75,18.0,8.0,170000000,0.35634668434374855,1.3563466843437486,35.63466843437485,高値,中度,162761602.12124982,120000000.0,True,30,要人手査定
24375,13116,東京都豊島区南池袋,中古マンション等,35,28.0,6.0,32000000,0.3563335237464343,1.3563335237464342,35.63335237464343,高値,中度,47471673.3311252,35000000.0,True,30,要人手査定
17676,13111,東京都大田区仲池上,中古マンション等,30,31.0,9.0,14000000,0.356280319447396,1.356280319447396,35.628031944739604,高値,中度,21022344.95143464,15500000.0,True,30,要人手査定
21969,13114,東京都中野区丸山,中古マンション等,45,52.0,7.0,20000000,0.35624593037531355,0.6437540696246864,-35.624593037531355,安値,中度,19956376.15836528,31000000.0,True,30,要人手査定
9294,13107,東京都墨田区千歳,中古マンション等,65,62.0,9.0,50000000,0.3562261460074515,1.3562261460074516,35.62261460074515,高値,中度,39330558.234216094,29000000.0,True,30,要人手査定
35376,13205,東京都青梅市千ヶ瀬町,中古マンション等,50,32.0,11.0,15000000,0.3561929470701962,1.3561929470701963,35.61929470701962,高値,中度,10917353.22391508,8050000.0,True,30,要人手査定
9345,13107,東京都墨田区東向島,中古マンション等,130,23.0,3.0,92000000,0.356158870985463,1.356158870985463,35.6158870985463,高値,中度,110526947.98531523,81500000.0,True,30,要人手査定
2491,13103,東京都港区東新橋,中古マンション等,95,23.0,2.0,320000000,0.3560856408678809,1.356085640867881,35.60856408678809,高値,中度,393264835.85168546,290000000.0,True,30,要人手査定
9259,13107,東京都墨田区千歳,中古マンション等,65,43.0,7.0,60000000,0.35598265850813005,1.35598265850813,35.59826585081301,高値,中度,54917297.66957927,40500000.0,True,30,要人手査定
36176,13208,東京都調布市富士見町,中古マンション等,80,51.0,18.0,11000000,0.3559568004809855,0.6440431995190145,-35.59568004809855,安値,中度,19321295.985570434,30000000.0,True,30,要人手査定
37572,13212,東京都日野市多摩平,中古マンション等,75,3.0,9.0,64000000,0.3558502420713628,1.3558502420713627,35.58502420713628,高値,中度,62369111.13528269,46000000.0,True,30,要人手査定
26587,13118,東京都荒川区西日暮里,中古マンション等,30,8.0,3.0,40000000,0.3558192076111282,1.3558192076111282,35.58192076111282,高値,中度,40674576.228333846,30000000.0,True,30,要人手査定
34199,13201,東京都八王子市別所,中古マンション等,90,35.0,4.0,25000000,0.35581104876492603,1.355811048764926,35.5811048764926,高値,中度,25760409.926533595,19000000.0,True,30,要人手査定
14781,13109,東京都品川区南大井,中古マンション等,25,2.0,7.0,45000000,0.35575849971360823,1.3557584997136083,35.575849971360824,高値,中度,44740030.49054907,33000000.0,True,30,要人手査定
19231,13112,東京都世田谷区下馬,中古マンション等,55,3.0,9.0,130000000,0.3557416066041014,1.3557416066041015,35.57416066041014,高値,中度,112526553.34814042,83000000.0,True,30,要人手査定
30835,13121,東京都足立区舎人,中古マンション等,70,17.0,2.0,39000000,0.3555272753921443,0.6444727246078558,-35.55272753921443,安値,中度,37379418.02725563,58000000.0,True,30,要人手査定
2071,13102,東京都中央区銀座,中古マンション等,30,22.0,2.0,55000000,0.3555248651226073,1.3555248651226073,35.55248651226073,高値,中度,51509944.87465908,38000000.0,True,30,要人手査定
29279,13120,東京都練馬区豊玉北,中古マンション等,55,20.0,4.0,65000000,0.3555230471187311,1.3555230471187312,35.55230471187311,高値,中度,67776152.35593656,50000000.0,True,30,要人手査定
28354,13119,東京都板橋区徳丸,中古マンション等,45,32.0,15.0,33000000,0.3554173447769524,1.3554173447769524,35.54173447769524,高値,中度,36596268.308977716,27000000.0,True,30,要人手査定
33724,13201,東京都八王子市台町,中古マンション等,80,45.0,3.0,23000000,0.35538966549650725,1.3553896654965072,35.53896654965072,高値,中度,21008539.815195862,15500000.0,True,30,要人手査定
38166,13215,東京都国立市東,中古マンション等,65,25.0,3.0,60000000,0.35533911110632727,1.3553391111063273,35.53391111063273,高値,中度,68444625.11086953,50500000.0,True,30,要人手査定
5842,13104,東京都新宿区下落合,中古マンション等,35,5.0,10.0,52000000,0.35531507752674946,1.3553150775267495,35.53150775267495,高値,中度,54212603.10106998,40000000.0,True,30,要人手査定
33518,13201,東京都八王子市別所,中古マンション等,90,36.0,4.0,24000000,0.35524864135296547,1.3552486413529654,35.524864135296546,高値,中度,25749724.185706344,19000000.0,True,30,要人手査定
12445,13108,東京都江東区北砂,中古マンション等,45,52.0,6.0,23000000,0.35520760524778516,0.6447923947522148,-35.52076052477852,安値,中度,22567733.81632752,35000000.0,True,30,要人手査定
18251,13112,東京都世田谷区千歳台,中古マンション等,65,14.0,8.0,64000000,0.3551826210276933,0.6448173789723067,-35.518262102769334,安値,中度,63836920.51825836,99000000.0,True,30,要人手査定
4457,13103,東京都港区三田,中古マンション等,30,2.0,7.0,17000000,0.3551417981095711,1.355141798109571,35.51417981095711,高値,中度,88084216.87712212,65000000.0,True,30,要人手査定
1864,13102,東京都中央区築地,中古マンション等,85,19.0,2.0,210000000,0.35513384788375674,1.3551338478837567,35.513384788375674,高値,中度,203270077.1825635,150000000.0,True,30,要人手査定
31942,13122,東京都葛飾区柴又,中古マンション等,65,5.0,2.0,53000000,0.3550693989202592,0.6449306010797409,-35.50693989202592,安値,中度,52239378.68745901,81000000.0,True,30,要人手査定
4375,13103,東京都港区虎ノ門,中古マンション等,70,20.0,4.0,280000000,0.3550589537257249,1.355058953725725,35.50589537257249,高値,中度,237135316.90200186,175000000.0,True,30,要人手査定
38846,13224,東京都多摩市落合,中古マンション等,75,48.0,14.0,15000000,0.35504639429499063,1.3550463942949906,35.504639429499065,高値,中度,17615603.12583488,13000000.0,True,30,要人手査定
38215,13215,東京都国立市富士見台,中古マンション等,60,26.0,3.0,31000000,0.35504545853159986,0.6449545414684001,-35.50454585315998,安値,中度,31925249.80268581,49500000.0,True,30,要人手査定
29817,13120,東京都練馬区立野町,中古マンション等,70,27.0,18.0,54000000,0.3550180965749253,1.3550180965749252,35.50180965749253,高値,中度,54200723.86299701,40000000.0,True,30,要人手査定
27486,13119,東京都板橋区若木,中古マンション等,45,33.0,10.0,35000000,0.3549999913843195,0.6450000086156805,-35.499999138431946,安値,中度,19350000.258470416,30000000.0,True,30,要人手査定
25718,13117,東京都北区上十条,中古マンション等,80,2.0,1.0,140000000,0.35488673866933884,1.3548867386693388,35.48867386693389,高値,中度,135488673.86693388,100000000.0,True,30,要人手査定
37183,13210,東京都小金井市本町,中古マンション等,35,55.0,9.0,8300000,0.35485060759438997,0.64514939240561,-35.485060759438994,安値,中度,8386942.10127293,13000000.0,True,30,要人手査定
37062,13209,東京都町田市原町田,中古マンション等,70,26.0,10.0,50000000,0.3548258619955122,1.3548258619955122,35.48258619955122,高値,中度,52160795.68682722,38500000.0,True,30,要人手査定
18833,13112,東京都世田谷区北烏山,中古マンション等,65,27.0,4.0,53000000,0.35479769509490056,0.6452023049050994,-35.479769509490055,安値,中度,51616184.392407954,80000000.0,True,30,要人手査定
16523,13111,東京都大田区蒲田,中古マンション等,35,4.0,2.0,54000000,0.3547752736636342,1.3547752736636343,35.47752736636342,高値,中度,55545786.220209,41000000.0,True,30,要人手査定
13556,13109,東京都品川区西五反田,中古マンション等,30,7.0,1.0,48000000,0.35476042035443556,0.6452395796455644,-35.476042035443555,安値,中度,47747728.89377177,74000000.0,True,30,要人手査定
6821,13105,東京都文京区小石川,中古マンション等,30,23.0,3.0,34000000,0.3547483056382511,1.3547483056382512,35.47483056382511,高値,中度,35223455.94659453,26000000.0,True,30,要人手査定
21840,13114,東京都中野区中央,中古マンション等,70,25.0,3.0,110000000,0.354724274379204,1.354724274379204,35.4724274379204,高値,中度,100926958.4412507,74500000.0,True,30,要人手査定
14871,13109,東京都品川区南品川,中古マンション等,30,37.0,5.0,25000000,0.3546751183241446,1.3546751183241446,35.46751183241446,高値,中度,33189540.398941543,24500000.0,True,30,要人手査定
7936,13106,東京都台東区駒形,中古マンション等,25,57.0,2.0,7300000,0.35459537679376524,0.6454046232062348,-35.459537679376524,安値,中度,12262687.84091846,19000000.0,True,30,要人手査定
36154,13208,東京都調布市染地,中古マンション等,60,1.0,5.0,43000000,0.3545606524540465,0.6454393475459536,-35.45606524540465,安値,中度,50021549.4348114,77500000.0,True,30,要人手査定
36153,13208,東京都調布市染地,中古マンション等,60,1.0,5.0,44000000,0.3545606524540465,0.6454393475459536,-35.45606524540465,安値,中度,50021549.4348114,77500000.0,True,30,要人手査定
29213,13120,東京都練馬区錦,中古マンション等,55,32.0,10.0,28000000,0.35452510283575517,0.6454748971642449,-35.45251028357551,安値,中度,25818995.886569794,40000000.0,True,30,要人手査定
38908,13224,東京都多摩市愛宕,中古マンション等,55,54.0,25.0,7000000,0.3545233267486109,0.6454766732513891,-35.45233267486109,安値,中度,8713935.088893753,13500000.0,True,30,要人手査定
27334,13119,東京都板橋区高島平,中古マンション等,60,54.0,5.0,15000000,0.3545020414538436,0.6454979585461563,-35.45020414538436,安値,中度,16137448.963653909,25000000.0,True,30,要人手査定
24053,13115,東京都杉並区堀ノ内,中古マンション等,35,10.0,9.0,48000000,0.3544370127632672,1.3544370127632672,35.44370127632672,高値,中度,42664765.90204292,31500000.0,True,30,要人手査定
38829,13224,東京都多摩市落合,中古マンション等,90,9.0,6.0,84000000,0.35442210381375056,1.3544221038137505,35.442210381375055,高値,中度,76524848.8654769,56500000.0,True,30,要人手査定
22004,13114,東京都中野区中野,中古マンション等,70,55.0,7.0,49000000,0.3544170560505018,1.3544170560505018,35.441705605050174,高値,中度,67720852.80252509,50000000.0,True,30,要人手査定
38213,13215,東京都国立市富士見台,中古マンション等,60,43.0,10.0,19000000,0.3543961484727349,0.6456038515272652,-35.43961484727349,安値,中度,18076907.842763424,28000000.0,True,30,要人手査定
15738,13110,東京都目黒区中町,中古マンション等,70,59.0,6.0,13000000,0.3543809494577158,0.6456190505422842,-35.43809494577158,安値,中度,38737143.03253705,60000000.0,True,30,要人手査定
30370,13121,東京都足立区扇,中古マンション等,70,10.0,7.0,45000000,0.35437223849623406,0.645627761503766,-35.43722384962341,安値,中度,41320176.73624102,64000000.0,True,30,要人手査定
15487,13110,東京都目黒区南,中古マンション等,30,9.0,10.0,34000000,0.3543041241808192,0.6456958758191809,-35.43041241808192,安値,中度,33899033.480506994,52500000.0,True,30,要人手査定
27227,13119,東京都板橋区南町,中古マンション等,50,41.0,10.0,31000000,0.35428324474020273,1.3542832447402027,35.42832447402027,高値,中度,35888505.98561537,26500000.0,True,30,要人手査定
34798,13203,東京都武蔵野市緑町,中古マンション等,40,55.0,18.0,22000000,0.3542814673603012,0.6457185326396988,-35.42814673603012,安値,中度,15497244.783352772,24000000.0,True,30,要人手査定
28910,13120,東京都練馬区貫井,中古マンション等,55,34.0,14.0,31000000,0.35426731995589217,0.6457326800441078,-35.426731995589215,安値,中度,21632044.78147761,33500000.0,True,30,要人手査定
29002,13120,東京都練馬区南大泉,中古マンション等,45,40.0,13.0,18000000,0.3542490368457384,0.6457509631542616,-35.42490368457384,安値,中度,17758151.486742195,27500000.0,True,30,要人手査定
9759,13107,東京都墨田区墨田,中古マンション等,100,17.0,6.0,56000000,0.354242025260239,0.645757974739761,-35.424202526023905,安値,中度,63930039.49923634,99000000.0,True,30,要人手査定
17605,13111,東京都大田区多摩川,中古マンション等,30,52.0,9.0,19000000,0.3542203632360023,1.3542203632360024,35.42203632360023,高値,中度,17604864.72206803,13000000.0,True,30,要人手査定
17840,13111,東京都大田区西六郷,中古マンション等,50,47.0,7.0,23000000,0.3542132393998889,0.6457867606001111,-35.421323939988895,安値,中度,21956749.860403776,34000000.0,True,30,要人手査定
16540,13111,東京都大田区北馬込,中古マンション等,25,52.0,7.0,7300000,0.35421216035988345,0.6457878396401165,-35.421216035988344,安値,中度,11624181.113522097,18000000.0,True,30,要人手査定
10632,13108,東京都江東区亀戸,中古マンション等,80,21.0,10.0,58000000,0.35414726962588167,0.6458527303741183,-35.41472696258817,安値,中度,51668218.429929465,80000000.0,True,30,要人手査定
8602,13106,東京都台東区駒形,中古マンション等,30,41.0,6.0,20000000,0.3541055557436347,1.3541055557436348,35.41055557436347,高値,中度,25050952.781257242,18500000.0,True,30,要人手査定
13992,13109,東京都品川区小山,中古マンション等,60,18.0,3.0,160000000,0.3540817510377391,1.3540817510377392,35.40817510377391,高値,中度,125252561.97099087,92500000.0,True,30,要人手査定
34100,13201,東京都八王子市散田町,中古マンション等,65,56.0,4.0,21000000,0.3540451221462206,1.3540451221462206,35.40451221462206,高値,中度,16248541.465754647,12000000.0,True,30,要人手査定
27327,13119,東京都板橋区高島平,中古マンション等,60,54.0,5.0,17000000,0.35403962125177757,0.6459603787482224,-35.403962125177756,安値,中度,16149009.468705561,25000000.0,True,30,要人手査定
22757,13114,東京都中野区弥生町,中古マンション等,55,46.0,4.0,50000000,0.35399210574531453,1.3539921057453146,35.39921057453145,高値,中度,50097707.91257664,37000000.0,True,30,要人手査定
36920,13209,東京都町田市原町田,中古マンション等,60,10.0,2.0,58000000,0.35393562091542835,1.3539356209154283,35.39356209154283,高値,中度,58219231.69936342,43000000.0,True,30,要人手査定
30938,13121,東京都足立区千住寿町,中古マンション等,80,17.0,8.0,76000000,0.35389865239530327,1.3538986523953034,35.38986523953033,高値,中度,76495273.86033463,56500000.0,True,30,要人手査定
33236,13123,東京都江戸川区中葛西,中古マンション等,75,34.0,17.0,57000000,0.35389044846592715,1.353890448465927,35.38904484659272,高値,中度,54155617.938637085,40000000.0,True,30,要人手査定
25002,13116,東京都豊島区駒込,中古マンション等,30,18.0,4.0,37000000,0.3538881863368148,1.3538881863368148,35.38881863368148,高値,中度,35201092.844757184,26000000.0,True,30,要人手査定
20603,13113,東京都渋谷区代官山町,中古マンション等,50,26.0,1.0,150000000,0.35378518800666825,1.3537851880066682,35.378518800666825,高値,中度,117779311.35658014,87000000.0,True,30,要人手査定
6618,13105,東京都文京区目白台,中古マンション等,40,44.0,6.0,20000000,0.35377950525539426,0.6462204947446057,-35.377950525539426,安値,中度,24556378.800295018,38000000.0,True,30,要人手査定
29485,13120,東京都練馬区西大泉,中古マンション等,70,27.0,24.0,28000000,0.3537648804562681,0.6462351195437319,-35.37648804562681,安値,中度,27464992.580608606,42500000.0,True,30,要人手査定
20050,13112,東京都世田谷区駒沢,中古マンション等,25,3.0,20.0,21000000,0.35367646514458984,0.6463235348554102,-35.36764651445898,安値,中度,35547794.41704756,55000000.0,True,30,要人手査定
33360,13123,東京都江戸川区平井,中古マンション等,50,46.0,6.0,32000000,0.3536627784855884,1.3536627784855884,35.366277848558845,高値,中度,33841569.46213971,25000000.0,True,30,要人手査定
35735,13206,東京都府中市四谷,中古マンション等,80,24.0,7.0,32000000,0.3536549913697341,0.6463450086302659,-35.36549913697341,安値,中度,27469662.8667863,42500000.0,True,30,要人手査定
31326,13121,東京都足立区千住寿町,中古マンション等,50,15.0,10.0,53000000,0.3536099649365144,1.3536099649365145,35.36099649365144,高値,中度,51437178.66758755,38000000.0,True,30,要人手査定
39368,13227,東京都羽村市五ノ神,中古マンション等,55,32.0,3.0,18000000,0.3535684971454426,1.3535684971454425,35.35684971454426,高値,中度,18949958.960036196,14000000.0,True,30,要人手査定
21109,13113,東京都渋谷区恵比寿,中古マンション等,90,27.0,5.0,250000000,0.3535455301586904,1.3535455301586903,35.35455301586904,高値,中度,216567284.82539046,160000000.0,True,30,要人手査定
8507,13106,東京都台東区池之端,中古マンション等,55,7.0,4.0,75000000,0.3534899438095456,1.3534899438095456,35.348994380954565,高値,中度,120460604.99904956,89000000.0,True,30,要人手査定
7792,13106,東京都台東区千束,中古マンション等,25,37.0,12.0,9600000,0.35347294091930404,0.646527059080696,-35.3472940919304,安値,中度,11960750.592992876,18500000.0,True,30,要人手査定
36378,13208,東京都調布市多摩川,中古マンション等,50,54.0,2.0,13000000,0.35343233448838846,0.6465676655116116,-35.343233448838845,安値,中度,12931353.310232231,20000000.0,True,30,要人手査定
9248,13107,東京都墨田区立花,中古マンション等,65,27.0,5.0,50000000,0.3533666687489047,0.6466333312510952,-35.33666687489047,安値,中度,41384533.2000701,64000000.0,True,30,要人手査定
10222,13108,東京都江東区北砂,中古マンション等,65,45.0,8.0,27000000,0.35335756152292136,0.6466424384770787,-35.335756152292134,安値,中度,29098909.73146854,45000000.0,True,30,要人手査定
22184,13114,東京都中野区本町,中古マンション等,30,55.0,5.0,14000000,0.35331575456649117,0.6466842454335089,-35.33157545664912,安値,中度,14227053.399537195,22000000.0,True,30,要人手査定
13178,13109,東京都品川区西大井,中古マンション等,70,46.0,7.0,40000000,0.3533112710647989,0.6466887289352011,-35.33112710647989,安値,中度,38801323.736112066,60000000.0,True,30,要人手査定
13998,13109,東京都品川区東大井,中古マンション等,75,12.0,3.0,170000000,0.35323402128032866,1.3532340212803287,35.32340212803287,高値,中度,162388082.55363944,120000000.0,True,30,要人手査定
35176,13204,東京都三鷹市上連雀,中古マンション等,50,18.0,5.0,70000000,0.3531628831486398,1.3531628831486398,35.31628831486398,高値,中度,69687888.48215495,51500000.0,True,30,要人手査定
12421,13108,東京都江東区亀戸,中古マンション等,70,21.0,11.0,54000000,0.3530081944477425,0.6469918055522574,-35.30081944477425,安値,中度,47553897.708090924,73500000.0,True,30,要人手査定
29800,13120,東京都練馬区高松,中古マンション等,30,5.0,14.0,35000000,0.35300157562848034,1.3530015756284803,35.300157562848035,高値,中度,33825039.39071201,25000000.0,True,30,要人手査定
223,13101,東京都千代田区神田錦町,中古マンション等,45,9.0,5.0,79000000,0.35299948634174655,1.3529994863417465,35.299948634174655,高値,中度,96739463.27343488,71500000.0,True,30,要人手査定
23397,13115,東京都杉並区久我山,中古マンション等,55,30.0,3.0,46000000,0.35296697266206434,0.6470330273379357,-35.296697266206436,安値,中度,46909894.482000336,72500000.0,True,30,要人手査定
31752,13122,東京都葛飾区金町,中古マンション等,90,17.0,3.0,87000000,0.35294588809350436,1.3529458880935044,35.29458880935044,高値,中度,87265009.78203103,64500000.0,True,30,要人手査定
6049,13104,東京都新宿区下落合,中古マンション等,65,25.0,6.0,120000000,0.35293429479456456,1.3529342947945646,35.29342947945646,高値,中度,127175823.71068907,94000000.0,True,30,要人手査定
33533,13201,東京都八王子市南大沢,中古マンション等,85,43.0,8.0,26000000,0.35290468891622356,1.3529046889162235,35.29046889162235,高値,中度,21646475.022659577,16000000.0,True,30,要人手査定
33110,13123,東京都江戸川区南小岩,中古マンション等,40,37.0,14.0,13000000,0.3528468447189603,0.6471531552810398,-35.28468447189603,安値,中度,13590216.260901835,21000000.0,True,30,要人手査定
39236,13225,東京都稲城市押立,中古マンション等,40,45.0,15.0,2000000,0.3528440286029323,0.6471559713970677,-35.28440286029323,安値,中度,9060183.599558948,14000000.0,True,30,要人手査定
32346,13122,東京都葛飾区新宿,中古マンション等,65,10.0,16.0,65000000,0.3528025957310383,1.3528025957310383,35.28025957310383,高値,中度,64934524.59508984,48000000.0,True,30,要人手査定
36939,13209,東京都町田市南町田,中古マンション等,95,44.0,15.0,20000000,0.3527525010678299,0.6472474989321702,-35.27525010678299,安値,中度,22653662.462625954,35000000.0,True,30,要人手査定
19977,13112,東京都世田谷区北烏山,中古マンション等,70,19.0,10.0,67000000,0.3527283980455767,0.6472716019544232,-35.27283980455767,安値,中度,64079888.5934879,99000000.0,True,30,要人手査定
38763,13222,東京都東久留米市野火止,中古マンション等,60,32.0,16.0,18000000,0.35270283732741947,0.6472971626725805,-35.270283732741945,安値,中度,17800671.973495964,27500000.0,True,30,要人手査定
18961,13112,東京都世田谷区北烏山,中古マンション等,45,6.0,13.0,40000000,0.35266077835972737,0.6473392216402726,-35.26607783597274,安値,中度,40135031.7416969,62000000.0,True,30,要人手査定
27336,13119,東京都板橋区高島平,中古マンション等,45,50.0,4.0,11000000,0.3525376985427502,0.6474623014572498,-35.25376985427502,安値,中度,12301783.727687746,19000000.0,True,30,要人手査定
28341,13119,東京都板橋区常盤台,中古マンション等,25,23.0,9.0,27000000,0.35249547968631273,1.3524954796863127,35.249547968631276,高値,中度,27049909.593726255,20000000.0,True,30,要人手査定
21892,13114,東京都中野区東中野,中古マンション等,55,56.0,5.0,39000000,0.35239043955789173,1.3523904395578916,35.23904395578917,高値,中度,45305079.72518937,33500000.0,True,30,要人手査定
13058,13109,東京都品川区上大崎,中古マンション等,70,15.0,7.0,100000000,0.3523870007845074,1.3523870007845074,35.23870007845074,高値,中度,148762570.0862958,110000000.0,True,30,要人手査定
14597,13109,東京都品川区東五反田,中古マンション等,50,42.0,5.0,64000000,0.35237715472068426,1.3523771547206842,35.23771547206842,高値,中度,64237914.8492325,47500000.0,True,30,要人手査定
32738,13123,東京都江戸川区船堀,中古マンション等,90,25.0,12.0,54000000,0.35236039261026303,1.352360392610263,35.236039261026306,高値,中度,66941839.43420802,49500000.0,True,30,要人手査定
39234,13225,東京都稲城市大丸,中古マンション等,60,52.0,9.0,16000000,0.35235697564884727,1.3523569756488472,35.235697564884724,高値,中度,16228283.707786167,12000000.0,True,30,要人手査定
20967,13113,東京都渋谷区上原,中古マンション等,45,64.0,10.0,28000000,0.35231723619693417,0.6476827638030658,-35.23172361969342,安値,中度,26554993.3159257,41000000.0,True,30,要人手査定
35740,13206,東京都府中市四谷,中古マンション等,100,24.0,5.0,24000000,0.35226173539257033,0.6477382646074297,-35.22617353925703,安値,中度,30119829.30424548,46500000.0,True,30,要人手査定
35738,13206,東京都府中市四谷,中古マンション等,100,24.0,5.0,31000000,0.35226173539257033,0.6477382646074297,-35.22617353925703,安値,中度,30119829.30424548,46500000.0,True,30,要人手査定
35736,13206,東京都府中市四谷,中古マンション等,100,24.0,5.0,30000000,0.35226173539257033,0.6477382646074297,-35.22617353925703,安値,中度,30119829.30424548,46500000.0,True,30,要人手査定
39134,13224,東京都多摩市貝取,中古マンション等,75,50.0,5.0,13000000,0.35222128523805374,0.6477787147619463,-35.222128523805374,安値,中度,11012238.150953086,17000000.0,True,30,要人手査定
6104,13104,東京都新宿区新宿,中古マンション等,35,12.0,2.0,58000000,0.35220823146701813,1.352208231467018,35.22082314670181,高値,中度,67610411.5733509,50000000.0,True,30,要人手査定
38060,13214,東京都国分寺市南町,中古マンション等,25,22.0,2.0,19000000,0.3521747811748727,0.6478252188251272,-35.217478117487275,安値,中度,19758669.17416638,30500000.0,True,30,要人手査定
10771,13108,東京都江東区枝川,中古マンション等,75,13.0,11.0,75000000,0.35214245278170503,0.6478575472182949,-35.2142452781705,安値,中度,59926823.117692284,92500000.0,True,30,要人手査定
20378,13112,東京都世田谷区松原,中古マンション等,50,41.0,2.0,50000000,0.3521329732036325,1.3521329732036325,35.21329732036325,高値,中度,55437451.90134893,41000000.0,True,30,要人手査定
3469,13103,東京都港区三田,中古マンション等,85,2.0,6.0,570000000,0.3521140250466555,1.3521140250466555,35.21140250466555,高値,中度,534085039.8934289,395000000.0,True,30,要人手査定
28985,13120,東京都練馬区貫井,中古マンション等,50,40.0,8.0,24000000,0.3521083806434486,0.6478916193565514,-35.21083806434486,安値,中度,21704369.24844447,33500000.0,True,30,要人手査定
34451,13202,東京都立川市錦町,中古マンション等,70,22.0,13.0,42000000,0.3520133272196532,1.3520133272196533,35.20133272196532,高値,中度,45968453.12546821,34000000.0,True,30,要人手査定
11148,13108,東京都江東区豊洲,中古マンション等,75,42.0,3.0,69000000,0.35200851684144435,1.3520085168414444,35.20085168414443,高値,中度,68276430.10049294,50500000.0,True,30,要人手査定
8542,13106,東京都台東区上野,中古マンション等,60,25.0,5.0,92000000,0.3519906510711566,1.3519906510711566,35.199065107115665,高値,中度,91935364.27283865,68000000.0,True,30,要人手査定
2203,13102,東京都中央区佃,中古マンション等,105,24.0,1.0,240000000,0.3519843928077333,1.3519843928077333,35.19843928077333,高値,中度,236597268.74135333,175000000.0,True,30,要人手査定
34676,13203,東京都武蔵野市吉祥寺本町,中古マンション等,50,48.0,6.0,35000000,0.35195477674127335,1.3519547767412734,35.19547767412733,高値,中度,43938530.244091384,32500000.0,True,30,要人手査定
3567,13103,東京都港区三田,中古マンション等,30,12.0,7.0,50000000,0.3518912717513826,1.3518912717513827,35.18912717513826,高値,中度,57455379.04943376,42500000.0,True,30,要人手査定
3581,13103,東京都港区三田,中古マンション等,30,12.0,7.0,51000000,0.3518912717513826,1.3518912717513827,35.18912717513826,高値,中度,57455379.04943376,42500000.0,True,30,要人手査定
38938,13224,東京都多摩市豊ケ丘,中古マンション等,75,25.0,7.0,36000000,0.3518254191015235,0.6481745808984766,-35.182541910152345,安値,中度,25278808.655040585,39000000.0,True,30,要人手査定
22969,13115,東京都杉並区井草,中古マンション等,20,38.0,2.0,7700000,0.3518252200977176,0.6481747799022823,-35.18252200977176,安値,中度,8426272.138729671,13000000.0,True,30,要人手査定
31850,13122,東京都葛飾区西新小岩,中古マンション等,75,20.0,3.0,75000000,0.3518211888821839,1.3518211888821838,35.18211888821839,高値,中度,73674254.79407902,54500000.0,True,30,要人手査定
15137,13110,東京都目黒区目黒本町,中古マンション等,55,27.0,11.0,59000000,0.35181790911871563,0.6481820908812844,-35.181790911871566,安値,中度,55095477.72490917,85000000.0,True,30,要人手査定
10610,13108,東京都江東区大島,中古マンション等,65,22.0,11.0,49000000,0.35169670087630334,0.6483032991236967,-35.16967008763034,安値,中度,46677837.53690616,72000000.0,True,30,要人手査定
20325,13112,東京都世田谷区深沢,中古マンション等,95,21.0,15.0,200000000,0.351679850627099,1.351679850627099,35.1679850627099,高値,中度,135167985.0627099,100000000.0,True,30,要人手査定
23120,13115,東京都杉並区上井草,中古マンション等,50,17.0,6.0,41000000,0.35157189165416824,0.6484281083458318,-35.157189165416824,安値,中度,37608830.28405824,58000000.0,True,30,要人手査定
461,13101,東京都千代田区神田東松下町,中古マンション等,50,24.0,4.0,79000000,0.3515602388028122,0.6484397611971878,-35.15602388028122,安値,中度,71328373.73169066,110000000.0,True,30,要人手査定
27749,13119,東京都板橋区小茂根,中古マンション等,85,41.0,12.0,45000000,0.35154815589613525,1.3515481558961353,35.15481558961353,高値,中度,45276863.22252053,33500000.0,True,30,要人手査定
31319,13121,東京都足立区千住河原町,中古マンション等,70,20.0,4.0,74000000,0.35152557771113485,1.3515255777111348,35.152557771113486,高値,中度,71630855.61869015,53000000.0,True,30,要人手査定
9289,13107,東京都墨田区立花,中古マンション等,55,36.0,5.0,31000000,0.35151476484891186,0.6484852351510881,-35.151476484891184,安値,中度,27236379.8763457,42000000.0,True,30,要人手査定
16601,13111,東京都大田区山王,中古マンション等,75,47.0,9.0,44000000,0.35150984301242305,1.351509843012423,35.1509843012423,高値,中度,54060393.72049692,40000000.0,True,30,要人手査定
25469,13117,東京都北区赤羽,中古マンション等,45,57.0,4.0,26000000,0.35150243575284157,0.6484975642471584,-35.15024357528416,安値,中度,18806429.363167595,29000000.0,True,30,要人手査定
22563,13114,東京都中野区中野,中古マンション等,20,39.0,9.0,18000000,0.35144957939882016,1.3514495793988202,35.14495793988202,高値,中度,14865945.373387022,11000000.0,True,30,要人手査定
20637,13113,東京都渋谷区広尾,中古マンション等,105,12.0,14.0,310000000,0.35140666194869435,1.3514066619486944,35.14066619486943,高値,中度,310823532.2481997,230000000.0,True,30,要人手査定
22666,13114,東京都中野区本町,中古マンション等,60,54.0,6.0,55000000,0.3513322354374981,1.3513322354374981,35.13322354374981,高値,中度,52701957.182062425,39000000.0,True,30,要人手査定
19060,13112,東京都世田谷区奥沢,中古マンション等,45,58.0,10.0,25000000,0.351313696374278,0.648686303625722,-35.1313696374278,安値,中度,23352706.930525992,36000000.0,True,30,要人手査定
21245,13113,東京都渋谷区千駄ケ谷,中古マンション等,35,21.0,4.0,60000000,0.35128684446999,1.35128684446999,35.128684446998996,高値,中度,58105334.31220957,43000000.0,True,30,要人手査定
22099,13114,東京都中野区本町,中古マンション等,45,7.0,6.0,64000000,0.3512724012126173,0.6487275987873826,-35.127240121261735,安値,中度,46059659.51390417,71000000.0,True,30,要人手査定
9801,13107,東京都墨田区立花,中古マンション等,60,28.0,3.0,40000000,0.3512421443311923,0.6487578556688077,-35.12421443311923,安値,中度,38601092.41229406,59500000.0,True,30,要人手査定
15009,13110,東京都目黒区青葉台,中古マンション等,70,52.0,11.0,60000000,0.35124028678437313,1.3512402867843731,35.12402867843731,高値,中度,87830618.64098425,65000000.0,True,30,要人手査定
34212,13201,東京都八王子市本町,中古マンション等,65,29.0,14.0,35000000,0.3511299437472462,1.3511299437472462,35.11299437472462,高値,中度,27698163.846818548,20500000.0,True,30,要人手査定
30345,13121,東京都足立区西新井本町,中古マンション等,70,21.0,4.0,36000000,0.3511011202045416,0.6488988797954583,-35.11011202045416,安値,中度,34391640.629159294,53000000.0,True,30,要人手査定
25714,13117,東京都北区王子,中古マンション等,70,8.0,6.0,90000000,0.3510940942734827,1.3510940942734826,35.10940942734827,高値,中度,90523304.31632334,67000000.0,True,30,要人手査定
6210,13104,東京都新宿区富久町,中古マンション等,20,42.0,5.0,24000000,0.35109243412045343,1.3510924341204535,35.109243412045345,高値,中度,22293025.16298748,16500000.0,True,30,要人手査定
4563,13103,東京都港区六本木,中古マンション等,105,7.0,3.0,720000000,0.35108935019084037,1.3510893501908403,35.108935019084036,高値,中度,668789228.344466,495000000.0,True,30,要人手査定
2653,13103,東京都港区南麻布,中古マンション等,50,57.0,7.0,36000000,0.3510801643487685,0.6489198356512316,-35.10801643487685,安値,中度,38610730.22124828,59500000.0,True,30,要人手査定
35060,13204,東京都三鷹市上連雀,中古マンション等,30,6.0,3.0,40000000,0.35101584301753047,0.6489841569824695,-35.10158430175305,安値,中度,34720652.39856212,53500000.0,True,30,要人手査定
34504,13202,東京都立川市砂川町,中古マンション等,80,20.0,10.0,29000000,0.350959912945299,0.649040087054701,-35.0959912945299,安値,中度,23689963.177496586,36500000.0,True,30,要人手査定
34505,13202,東京都立川市砂川町,中古マンション等,80,20.0,10.0,30000000,0.350959912945299,0.649040087054701,-35.0959912945299,安値,中度,23689963.177496586,36500000.0,True,30,要人手査定
16648,13111,東京都大田区矢口,中古マンション等,15,41.0,3.0,7000000,0.35082824547855995,0.64917175452144,-35.08282454785599,安値,中度,9088404.56330016,14000000.0,True,30,要人手査定
19980,13112,東京都世田谷区北烏山,中古マンション等,40,38.0,13.0,13000000,0.35081919297573677,0.6491808070242632,-35.08191929757368,安値,中度,20124605.01775216,31000000.0,True,30,要人手査定
11924,13108,東京都江東区東雲,中古マンション等,85,14.0,12.0,150000000,0.35077706022440647,1.3507770602244065,35.077706022440644,高値,中度,130349986.31165522,96500000.0,True,30,要人手査定
27855,13119,東京都板橋区常盤台,中古マンション等,65,53.0,8.0,39000000,0.3507567598242489,1.350756759824249,35.07567598242489,高値,中度,40522702.79472747,30000000.0,True,30,要人手査定
18219,13112,東京都世田谷区南烏山,中古マンション等,15,36.0,6.0,6900000,0.3507531947372843,0.6492468052627157,-35.07531947372843,安値,中度,7141714.857889873,11000000.0,True,30,要人手査定
1156,13102,東京都中央区勝どき,中古マンション等,100,16.0,1.0,330000000,0.3507372980884295,1.3507372980884296,35.07372980884295,高値,中度,243132713.65591732,180000000.0,True,30,要人手査定
15843,13110,東京都目黒区目黒,中古マンション等,230,40.0,15.0,330000000,0.3506903904798092,1.3506903904798093,35.06903904798092,高値,中度,236370818.3339666,175000000.0,True,30,要人手査定
198,13101,東京都千代田区神田淡路町,中古マンション等,30,23.0,2.0,28000000,0.3506431848877447,1.3506431848877447,35.06431848877447,高値,中度,43220581.91640783,32000000.0,True,30,要人手査定
4569,13104,東京都新宿区市谷左内町,中古マンション等,65,62.0,6.0,59000000,0.35057562131923625,1.3505756213192364,35.057562131923625,高値,中度,58074751.71672716,43000000.0,True,30,要人手査定
6163,13104,東京都新宿区大京町,中古マンション等,35,23.0,6.0,46000000,0.35055558723415675,1.3505555872341568,35.05555872341567,高値,中度,62125557.01277121,46000000.0,True,30,要人手査定
28866,13120,東京都練馬区関町南,中古マンション等,20,39.0,13.0,7000000,0.35053867341892186,0.6494613265810781,-35.053867341892186,安値,中度,6786870.862772266,10450000.0,True,30,要人手査定
20101,13112,東京都世田谷区三軒茶屋,中古マンション等,50,31.0,7.0,89000000,0.3504805515723291,1.350480551572329,35.04805515723291,高値,中度,83729794.1974844,62000000.0,True,30,要人手査定
2815,13103,東京都港区南青山,中古マンション等,25,48.0,2.0,29000000,0.3504649476358461,1.3504649476358461,35.04649476358461,高値,中度,34436856.164714076,25500000.0,True,30,要人手査定
36092,13207,東京都昭島市つつじが丘,中古マンション等,75,44.0,13.0,27000000,0.3504145104809092,1.3504145104809093,35.04145104809092,高値,中度,27008290.209618185,20000000.0,True,30,要人手査定
36523,13208,東京都調布市入間町,中古マンション等,80,38.0,5.0,42000000,0.3503946460468024,0.6496053539531976,-35.03946460468024,安値,中度,34429083.75951947,53000000.0,True,30,要人手査定
39158,13224,東京都多摩市鶴牧,中古マンション等,90,44.0,19.0,26000000,0.35039071990253695,1.350390719902537,35.039071990253696,高値,中度,25657423.678148203,19000000.0,True,30,要人手査定
36618,13208,東京都調布市染地,中古マンション等,40,23.0,15.0,9600000,0.3503755393845724,0.6496244606154277,-35.037553938457236,安値,中度,20138358.279078256,31000000.0,True,30,要人手査定
23511,13115,東京都杉並区高井戸東,中古マンション等,50,55.0,8.0,32000000,0.3502901107296552,0.6497098892703448,-35.029011072965524,安値,中度,21440426.34592138,33000000.0,True,30,要人手査定
17751,13111,東京都大田区西蒲田,中古マンション等,40,47.0,4.0,28000000,0.3502203312227662,1.350220331222766,35.02203312227662,高値,中度,34430618.44618054,25500000.0,True,30,要人手査定
12416,13108,東京都江東区亀戸,中古マンション等,15,37.0,13.0,11000000,0.350197567981204,0.649802432018796,-35.0197567981204,安値,中度,11046641.344319532,17000000.0,True,30,要人手査定
13214,13109,東京都品川区大井,中古マンション等,70,29.0,14.0,73000000,0.3501937672204768,1.3501937672204767,35.01937672204768,高値,中度,83036916.68405932,61500000.0,True,30,要人手査定
13204,13109,東京都品川区大井,中古マンション等,70,29.0,14.0,70000000,0.3501937672204768,1.3501937672204767,35.01937672204768,高値,中度,83036916.68405932,61500000.0,True,30,要人手査定
35344,13205,東京都青梅市河辺町,中古マンション等,75,29.0,11.0,27000000,0.3501771101175131,1.350177110117513,35.01771101175131,高値,中度,17552302.43152767,13000000.0,True,30,要人手査定
21435,13113,東京都渋谷区笹塚,中古マンション等,75,29.0,12.0,89000000,0.3501062235602347,0.6498937764397653,-35.01062235602347,安値,中度,87735659.81936832,135000000.0,True,30,要人手査定
30687,13121,東京都足立区千住,中古マンション等,55,37.0,9.0,30000000,0.35002944357797244,1.3500294435779725,35.00294435779725,高値,中度,35100765.533027284,26000000.0,True,30,要人手査定
13637,13109,東京都品川区北品川,中古マンション等,80,11.0,6.0,190000000,0.3500283323413551,1.350028332341355,35.00283323413551,高値,中度,222754674.8363236,165000000.0,True,30,要人手査定
27259,13119,東京都板橋区高島平,中古マンション等,35,52.0,5.0,9500000,0.35000924633920016,0.6499907536607998,-35.000924633920015,安値,中度,9749861.304911997,15000000.0,True,30,要人手査定
17652,13111,東京都大田区田園調布本町,中古マンション等,40,29.0,8.0,35000000,0.3499908062416233,1.3499908062416233,34.99908062416233,高値,中度,41849714.99349032,31000000.0,True,30,要人手査定
30998,13121,東京都足立区千住関屋町,中古マンション等,80,46.0,10.0,40000000,0.3499669339629025,1.3499669339629026,34.996693396290254,高値,中度,39824024.551905625,29500000.0,True,30,要人手査定
31744,13122,東京都葛飾区金町,中古マンション等,90,17.0,3.0,84000000,0.3499569090891735,1.3499569090891734,34.99569090891735,高値,中度,87072220.63625169,64500000.0,True,30,要人手査定
20876,13113,東京都渋谷区本町,中古マンション等,20,27.0,5.0,21000000,0.3499215575462832,0.6500784424537168,-34.99215575462832,安値,中度,18527235.60993093,28500000.0,True,30,要人手査定
26328,13118,東京都荒川区東日暮里,中古マンション等,75,6.0,8.0,110000000,0.3499043403164039,1.349904340316404,34.99043403164039,高値,中度,101242825.5237303,75000000.0,True,30,要人手査定
26337,13118,東京都荒川区東日暮里,中古マンション等,75,6.0,8.0,100000000,0.3499043403164039,1.349904340316404,34.99043403164039,高値,中度,101242825.5237303,75000000.0,True,30,要人手査定
32007,13122,東京都葛飾区東堀切,中古マンション等,65,14.0,11.0,40000000,0.3498466265374343,0.6501533734625656,-34.984662653743435,安値,中度,39984432.46794779,61500000.0,True,30,要人手査定
38126,13214,東京都国分寺市東戸倉,中古マンション等,45,23.0,11.0,17000000,0.3497746346582153,0.6502253653417847,-34.97746346582153,安値,中度,24058338.517646033,37000000.0,True,30,要人手査定
25388,13117,東京都北区豊島,中古マンション等,40,40.0,4.0,38000000,0.3497670855018787,1.3497670855018786,34.976708550187865,高値,中度,38468361.93680354,28500000.0,True,30,要人手査定
20703,13113,東京都渋谷区広尾,中古マンション等,65,55.0,7.0,56000000,0.3497459725031597,1.3497459725031598,34.974597250315966,高値,中度,90432980.1577117,67000000.0,True,30,要人手査定
35455,13206,東京都府中市白糸台,中古マンション等,50,51.0,9.0,9200000,0.34972325517537456,0.6502767448246254,-34.972325517537456,安値,中度,10729566.28960632,16500000.0,True,30,要人手査定
35456,13206,東京都府中市白糸台,中古マンション等,50,51.0,9.0,12000000,0.34972325517537456,0.6502767448246254,-34.972325517537456,安値,中度,10729566.28960632,16500000.0,True,30,要人手査定
20479,13113,東京都渋谷区西原,中古マンション等,20,41.0,3.0,15000000,0.3497158999098147,0.6502841000901852,-34.97158999098147,安値,中度,14956534.302074261,23000000.0,True,30,要人手査定
29258,13120,東京都練馬区石神井町,中古マンション等,75,16.0,7.0,82000000,0.3497044721127405,1.3497044721127405,34.970447211274056,高値,中度,85031381.74310265,63000000.0,True,30,要人手査定
9962,13107,東京都墨田区本所,中古マンション等,60,27.0,4.0,70000000,0.3496269835426927,1.3496269835426926,34.96269835426927,高値,中度,78953178.53724752,58500000.0,True,30,要人手査定
34882,13203,東京都武蔵野市西久保,中古マンション等,25,44.0,12.0,7200000,0.34962659055946393,0.650373409440536,-34.962659055946396,安値,中度,11381534.66520938,17500000.0,True,30,要人手査定
19283,13112,東京都世田谷区野沢,中古マンション等,110,20.0,15.0,99000000,0.34961348744805215,1.349613487448052,34.961348744805214,高値,中度,134961348.74480522,100000000.0,True,30,要人手査定
36525,13208,東京都調布市小島町,中古マンション等,60,42.0,8.0,38000000,0.34954903642425444,1.3495490364242544,34.95490364242544,高値,中度,37787373.019879125,28000000.0,True,30,要人手査定
33713,13201,東京都八王子市打越町,中古マンション等,110,28.0,9.0,23000000,0.3494780467058696,0.6505219532941303,-34.94780467058696,安値,中度,25695617.15511815,39500000.0,True,30,要人手査定
27324,13119,東京都板橋区高島平,中古マンション等,60,54.0,6.0,14000000,0.3494707897853367,0.6505292102146633,-34.94707897853367,安値,中度,16263230.255366582,25000000.0,True,30,要人手査定
13996,13109,東京都品川区西中延,中古マンション等,30,38.0,9.0,25000000,0.3493843223183441,0.6506156776816558,-34.93843223183441,安値,中度,18217238.975086365,28000000.0,True,30,要人手査定
38749,13222,東京都東久留米市滝山,中古マンション等,45,57.0,5.0,14000000,0.3493583435325589,1.349358343532559,34.93583435325589,高値,中度,10457527.162377331,7750000.0,True,30,要人手査定
38751,13222,東京都東久留米市滝山,中古マンション等,45,57.0,5.0,12000000,0.3493583435325589,1.349358343532559,34.93583435325589,高値,中度,10457527.162377331,7750000.0,True,30,要人手査定
28143,13119,東京都板橋区上板橋,中古マンション等,50,42.0,8.0,40000000,0.34933290271004763,1.3493329027100476,34.933290271004765,高値,中度,40479987.08130143,30000000.0,True,30,要人手査定
24359,13116,東京都豊島区高田,中古マンション等,70,47.0,5.0,70000000,0.34932420759760474,1.3493242075976046,34.932420759760475,高値,中度,65442224.06848383,48500000.0,True,30,要人手査定
13294,13109,東京都品川区西五反田,中古マンション等,55,21.0,1.0,88000000,0.3492024889627591,1.3492024889627592,34.920248896275915,高値,中度,91071168.00498624,67500000.0,True,30,要人手査定
24805,13116,東京都豊島区南長崎,中古マンション等,35,54.0,4.0,13000000,0.34907347560684476,0.6509265243931552,-34.90734756068448,安値,中度,15622236.585435726,24000000.0,True,30,要人手査定
14969,13110,東京都目黒区大岡山,中古マンション等,60,30.0,9.0,49000000,0.34900774130671747,0.6509922586932825,-34.90077413067175,安値,中度,63146249.093248405,97000000.0,True,30,要人手査定
24837,13116,東京都豊島区東池袋,中古マンション等,45,39.0,10.0,56000000,0.34900715176599334,1.3490071517659934,34.900715176599334,高値,中度,53285782.494756736,39500000.0,True,30,要人手査定
6142,13104,東京都新宿区新宿,中古マンション等,30,62.0,4.0,9500000,0.34895374749984137,0.6510462525001587,-34.895374749984136,安値,中度,14323017.55500349,22000000.0,True,30,要人手査定
14121,13109,東京都品川区南大井,中古マンション等,30,52.0,7.0,8500000,0.34892078910471674,0.6510792108952833,-34.892078910471675,安値,中度,15300361.456039157,23500000.0,True,30,要人手査定
18855,13112,東京都世田谷区代沢,中古マンション等,85,19.0,10.0,130000000,0.34889870606958495,1.348898706069585,34.889870606958496,高値,中度,130168725.13571495,96500000.0,True,30,要人手査定
13534,13109,東京都品川区中延,中古マンション等,45,10.0,1.0,70000000,0.34878539510673745,0.6512146048932625,-34.87853951067375,安値,中度,59260529.045286894,91000000.0,True,30,要人手査定
2525,13103,東京都港区東新橋,中古マンション等,100,24.0,2.0,300000000,0.3487767348288266,1.3487767348288267,34.877673482882656,高値,中度,431608555.1452245,320000000.0,True,30,要人手査定
21610,13113,東京都渋谷区幡ケ谷,中古マンション等,35,52.0,3.0,17000000,0.34876920667291844,0.6512307933270816,-34.87692066729184,安値,中度,21816231.576457232,33500000.0,True,30,要人手査定
3814,13103,東京都港区芝大門,中古マンション等,40,5.0,3.0,84000000,0.34876234330765393,0.651237656692346,-34.87623433076539,安値,中度,87917083.65346672,135000000.0,True,30,要人手査定
17242,13111,東京都大田区大森西,中古マンション等,10,42.0,15.0,5800000,0.34873051644625425,0.6512694835537457,-34.87305164462543,安値,中度,8140868.544421822,12500000.0,True,30,要人手査定
32152,13122,東京都葛飾区東四つ木,中古マンション等,45,38.0,15.0,13000000,0.34872542896331093,0.6512745710366891,-34.87254289633109,安値,中度,13025491.420733782,20000000.0,True,30,要人手査定
36210,13208,東京都調布市染地,中古マンション等,60,1.0,5.0,40000000,0.34872284159934397,0.651277158400656,-34.872284159934395,安値,中度,50473979.77605084,77500000.0,True,30,要人手査定
34470,13202,東京都立川市錦町,中古マンション等,15,44.0,10.0,3200000,0.3486888634401678,0.6513111365598322,-34.86888634401678,安値,中度,3647342.3647350604,5600000.0,True,30,要人手査定
34482,13202,東京都立川市錦町,中古マンション等,15,44.0,10.0,4500000,0.3486888634401678,0.6513111365598322,-34.86888634401678,安値,中度,3647342.3647350604,5600000.0,True,30,要人手査定
34469,13202,東京都立川市錦町,中古マンション等,15,44.0,10.0,3100000,0.3486888634401678,0.6513111365598322,-34.86888634401678,安値,中度,3647342.3647350604,5600000.0,True,30,要人手査定
1542,13102,東京都中央区新川,中古マンション等,20,52.0,7.0,12000000,0.34866245123077233,0.6513375487692277,-34.866245123077235,安値,中度,13026750.975384554,20000000.0,True,30,要人手査定
39365,13227,東京都羽村市栄町,中古マンション等,60,50.0,7.0,4500000,0.3486427933702601,0.65135720662974,-34.86427933702601,安値,中度,6839250.669612269,10500000.0,True,30,要人手査定
21358,13113,東京都渋谷区初台,中古マンション等,25,54.0,2.0,20000000,0.3486372846182463,0.6513627153817537,-34.86372846182463,安値,中度,19540881.46145261,30000000.0,True,30,要人手査定
35675,13206,東京都府中市本宿町,中古マンション等,60,7.0,2.0,45000000,0.34858702622461696,0.651412973775383,-34.8587026224617,安値,中度,42341843.2953999,65000000.0,True,30,要人手査定
35424,13206,東京都府中市住吉町,中古マンション等,75,15.0,4.0,41000000,0.3485532186653207,0.6514467813346793,-34.855321866532066,安値,中度,44949827.91209287,69000000.0,True,30,要人手査定
28881,13120,東京都練馬区立野町,中古マンション等,65,10.0,19.0,59000000,0.3485058250010041,1.348505825001004,34.85058250010041,高値,中度,66751038.3375497,49500000.0,True,30,要人手査定
14562,13109,東京都品川区東大井,中古マンション等,30,14.0,3.0,54000000,0.34846925942148554,1.3484692594214855,34.84692594214855,高値,中度,41802547.04206605,31000000.0,True,30,要人手査定
15108,13110,東京都目黒区洗足,中古マンション等,20,42.0,2.0,11000000,0.34846847755539556,0.6515315224446044,-34.84684775553956,安値,中度,12379098.926447485,19000000.0,True,30,要人手査定
4326,13103,東京都港区台場,中古マンション等,45,20.0,4.0,71000000,0.34841080031979693,0.651589199680203,-34.84108003197969,安値,中度,65158919.968020305,100000000.0,True,30,要人手査定
4201,13103,東京都港区芝,中古マンション等,50,8.0,7.0,74000000,0.34839554989078114,0.6516044501092189,-34.83955498907812,安値,中度,97740667.51638283,150000000.0,True,30,要人手査定
18835,13112,東京都世田谷区駒沢,中古マンション等,15,42.0,15.0,7200000,0.34837909691888036,0.6516209030811196,-34.837909691888036,安値,中度,8471071.740054555,13000000.0,True,30,要人手査定
24768,13116,東京都豊島区東池袋,中古マンション等,70,23.0,12.0,120000000,0.3483667969073367,1.3483667969073367,34.83667969073367,高値,中度,122701378.51856764,91000000.0,True,30,要人手査定
17572,13111,東京都大田区新蒲田,中古マンション等,35,15.0,10.0,33000000,0.3483446875807787,1.3483446875807787,34.83446875807787,高値,中度,37753651.2522618,28000000.0,True,30,要人手査定
36055,13207,東京都昭島市松原町,中古マンション等,70,20.0,10.0,29000000,0.34834042317318553,0.6516595768268145,-34.834042317318556,安値,中度,26066383.07307258,40000000.0,True,30,要人手査定
18246,13112,東京都世田谷区千歳台,中古マンション等,80,53.0,9.0,52000000,0.34827882260884646,0.6517211773911535,-34.82788226088465,安値,中度,38777410.054773636,59500000.0,True,30,要人手査定
34424,13202,東京都立川市羽衣町,中古マンション等,75,21.0,14.0,42000000,0.3482330226440616,1.3482330226440615,34.82330226440616,高値,中度,43143456.72460997,32000000.0,True,30,要人手査定
2684,13103,東京都港区六本木,中古マンション等,70,12.0,4.0,170000000,0.3481647945821887,1.3481647945821886,34.81647945821887,高値,中度,289855430.83517057,215000000.0,True,30,要人手査定
30487,13121,東京都足立区千住河原町,中古マンション等,55,7.0,12.0,55000000,0.34805096834762184,1.3480509683476218,34.80509683476218,高値,中度,56618140.670600116,42000000.0,True,30,要人手査定
13527,13109,東京都品川区戸越,中古マンション等,30,38.0,3.0,14000000,0.3480160483739997,0.6519839516260003,-34.80160483739997,安値,中度,14669638.911585007,22500000.0,True,30,要人手査定
21568,13113,東京都渋谷区富ケ谷,中古マンション等,15,26.0,13.0,23000000,0.3479983920713871,0.652001607928613,-34.79983920713871,安値,中度,21842053.865608532,33500000.0,True,30,要人手査定
2266,13102,東京都中央区日本橋小舟町,中古マンション等,30,21.0,5.0,40000000,0.34798489286936396,1.347984892869364,34.798489286936395,高値,中度,45157493.91112369,33500000.0,True,30,要人手査定
21763,13114,東京都中野区鷺宮,中古マンション等,65,34.0,5.0,32000000,0.34791739853157094,0.6520826014684291,-34.7917398531571,安値,中度,43037451.69691632,66000000.0,True,30,要人手査定
29415,13120,東京都練馬区羽沢,中古マンション等,85,2.0,10.0,90000000,0.3479144005363328,1.3479144005363328,34.79144005363328,高値,中度,99071708.43942046,73500000.0,True,30,要人手査定
3547,13103,東京都港区白金台,中古マンション等,55,3.0,4.0,130000000,0.3479064814938686,0.6520935185061314,-34.79064814938686,安値,中度,133679171.29375693,205000000.0,True,30,要人手査定
25336,13117,東京都北区豊島,中古マンション等,40,46.0,16.0,17000000,0.34785910341080506,0.6521408965891949,-34.78591034108051,安値,中度,16955663.311319068,26000000.0,True,30,要人手査定
33363,13123,東京都江戸川区平井,中古マンション等,55,49.0,7.0,35000000,0.3478438115216904,1.3478438115216904,34.78438115216904,高値,中度,38413548.62836818,28500000.0,True,30,要人手査定
29285,13120,東京都練馬区豊玉北,中古マンション等,75,40.0,4.0,67000000,0.3477742813879897,1.3477742813879898,34.777428138798975,高値,中度,72779811.19495144,54000000.0,True,30,要人手査定
39605,13229,東京都西東京市谷戸町,中古マンション等,75,23.0,8.0,55000000,0.34777336347259435,1.3477733634725944,34.777336347259435,高値,中度,54584821.22064007,40500000.0,True,30,要人手査定
32538,13123,東京都江戸川区中葛西,中古マンション等,35,46.0,9.0,20000000,0.34776403662057853,1.3477640366205785,34.77640366205785,高値,中度,15499286.421136653,11500000.0,True,30,要人手査定
36379,13208,東京都調布市多摩川,中古マンション等,70,8.0,9.0,46000000,0.3477583592925046,0.6522416407074955,-34.77583592925046,安値,中度,48918123.053062156,75000000.0,True,30,要人手査定
32266,13122,東京都葛飾区白鳥,中古マンション等,35,14.0,8.0,39000000,0.34773684261011834,1.3477368426101184,34.77368426101183,高値,中度,30997947.380032722,23000000.0,True,30,要人手査定
25895,13117,東京都北区浮間,中古マンション等,60,13.0,11.0,54000000,0.347718081340088,0.6522819186599119,-34.7718081340088,安値,中度,37832351.282274894,58000000.0,True,30,要人手査定
19184,13112,東京都世田谷区奥沢,中古マンション等,25,43.0,3.0,12000000,0.3476437564584848,1.3476437564584849,34.764375645848475,高値,中度,17519368.833960302,13000000.0,True,30,要人手査定
26000,13117,東京都北区志茂,中古マンション等,50,45.0,3.0,34000000,0.34763517417586015,0.6523648258241399,-34.763517417586016,安値,中度,22180404.078020755,34000000.0,True,30,要人手査定
36435,13208,東京都調布市国領町,中古マンション等,100,21.0,8.0,66000000,0.34757652498460606,1.3475765249846061,34.75765249846061,高値,中度,73442920.61166103,54500000.0,True,30,要人手査定
38970,13224,東京都多摩市関戸,中古マンション等,70,54.0,4.0,11000000,0.34744499513283394,1.347444995132834,34.744499513283394,高値,中度,20211674.92699251,15000000.0,True,30,要人手査定
35202,13204,東京都三鷹市新川,中古マンション等,60,25.0,28.0,34000000,0.3474089735044212,0.6525910264955789,-34.74089735044212,安値,中度,32303255.811531153,49500000.0,True,30,要人手査定
1215,13102,東京都中央区勝どき,中古マンション等,45,3.0,1.0,130000000,0.3473751527967052,1.3473751527967053,34.737515279670525,高値,中度,123284826.48089853,91500000.0,True,30,要人手査定
38322,13218,東京都福生市大字熊川,中古マンション等,80,27.0,3.0,32000000,0.3472798025671531,1.347279802567153,34.727980256715306,高値,中度,27619235.952626638,20500000.0,True,30,要人手査定
28171,13119,東京都板橋区熊野町,中古マンション等,15,35.0,12.0,11000000,0.347277409102686,1.347277409102686,34.7277409102686,高値,中度,10778219.272821488,8000000.0,True,30,要人手査定
30937,13121,東京都足立区千住寿町,中古マンション等,65,25.0,8.0,55000000,0.3472702631661264,1.3472702631661264,34.727026316612644,高値,中度,57258986.18456037,42500000.0,True,30,要人手査定
12155,13108,東京都江東区永代,中古マンション等,65,25.0,6.0,110000000,0.34723924768840825,1.3472392476884083,34.723924768840824,高値,中度,95653986.58587699,71000000.0,True,30,要人手査定
31949,13122,東京都葛飾区白鳥,中古マンション等,50,39.0,5.0,32000000,0.3472009403399782,1.3472009403399783,34.720094033997825,高値,中度,30312021.15764951,22500000.0,True,30,要人手査定
2482,13103,東京都港区東新橋,中古マンション等,70,24.0,3.0,200000000,0.3471668707403435,1.3471668707403435,34.716687074034354,高値,中度,235754202.3795601,175000000.0,True,30,要人手査定
26315,13118,東京都荒川区西尾久,中古マンション等,55,46.0,3.0,20000000,0.3471655224100648,0.6528344775899352,-34.71655224100648,安値,中度,19911451.566493023,30500000.0,True,30,要人手査定
12419,13108,東京都江東区亀戸,中古マンション等,60,17.0,12.0,42000000,0.34713844847793307,0.6528615515220669,-34.713844847793304,安値,中度,42762431.62469538,65500000.0,True,30,要人手査定
20664,13113,東京都渋谷区神宮前,中古マンション等,110,50.0,10.0,170000000,0.3471303012749108,1.3471303012749107,34.71303012749108,高値,中度,161655636.1529893,120000000.0,True,30,要人手査定
7386,13105,東京都文京区春日,中古マンション等,65,49.0,9.0,78000000,0.3470537568110468,1.3470537568110468,34.70537568110468,高値,中度,72740902.86779653,54000000.0,True,30,要人手査定
29044,13120,東京都練馬区立野町,中古マンション等,20,35.0,17.0,9500000,0.34703982766661484,0.6529601723333851,-34.70398276666148,安値,中度,9467922.498834085,14500000.0,True,30,要人手査定
20597,13113,東京都渋谷区神宮前,中古マンション等,45,27.0,7.0,90000000,0.34700245593701223,1.3470024559370122,34.700245593701226,高値,中度,89575663.31981131,66500000.0,True,30,要人手査定
10436,13108,東京都江東区北砂,中古マンション等,75,2.0,10.0,68000000,0.3469890027786584,0.6530109972213416,-34.69890027786584,安値,中度,78361319.666561,120000000.0,False,30,要人手査定
2078,13102,東京都中央区銀座,中古マンション等,25,22.0,2.0,38000000,0.3469605170487129,1.346960517048713,34.69605170487129,高値,中度,41082295.76998574,30500000.0,True,30,要人手査定
36382,13208,東京都調布市飛田給,中古マンション等,80,29.0,7.0,36000000,0.34692152590789865,0.6530784740921013,-34.69215259078987,安値,中度,36245855.31211162,55500000.0,True,30,要人手査定
27296,13119,東京都板橋区若木,中古マンション等,30,53.0,15.0,8500000,0.34680974880482024,0.6531902511951797,-34.680974880482026,安値,中度,8164878.139939747,12500000.0,True,30,要人手査定
35596,13206,東京都府中市府中町,中古マンション等,80,15.0,9.0,68000000,0.3467984575174462,1.346798457517446,34.67984575174462,高値,中度,63972926.732078694,47500000.0,True,30,要人手査定
16939,13111,東京都大田区鵜の木,中古マンション等,75,9.0,4.0,99000000,0.34678957278232997,1.34678957278233,34.678957278233,高値,中度,107069771.03619523,79500000.0,True,30,要人手査定
32035,13122,東京都葛飾区立石,中古マンション等,30,38.0,7.0,14000000,0.3467769792263968,1.3467769792263968,34.67769792263968,高値,中度,11784298.568230972,8750000.0,True,30,要人手査定
27280,13119,東京都板橋区仲町,中古マンション等,15,42.0,3.0,6200000,0.3467744203547443,0.6532255796452556,-34.677442035474435,安値,中度,7838706.955743068,12000000.0,True,30,要人手査定
19707,13112,東京都世田谷区池尻,中古マンション等,75,14.0,8.0,160000000,0.34672828613077616,1.346728286130776,34.67282861307762,高値,中度,148140111.47438538,110000000.0,True,30,要人手査定
19584,13112,東京都世田谷区上北沢,中古マンション等,45,45.0,2.0,37000000,0.34669101133101565,0.6533089886689843,-34.66910113310156,安値,中度,26132359.546759374,40000000.0,True,30,要人手査定
26031,13117,東京都北区昭和町,中古マンション等,55,9.0,3.0,52000000,0.3466848716347818,0.6533151283652182,-34.668487163478176,安値,中度,46712031.6781131,71500000.0,True,30,要人手査定
38590,13221,東京都清瀬市旭が丘,中古マンション等,60,31.0,5.0,17000000,0.346682889536072,0.6533171104639279,-34.6682889536072,安値,中度,18619537.648221947,28500000.0,True,30,要人手査定
14599,13109,東京都品川区東五反田,中古マンション等,20,7.0,4.0,41000000,0.3466826546689878,1.3466826546689878,34.66826546689878,高値,中度,40400479.64006963,30000000.0,True,30,要人手査定
38710,13222,東京都東久留米市滝山,中古マンション等,65,56.0,5.0,4100000,0.3466736138653736,0.6533263861346265,-34.66736138653736,安値,中度,7839916.633615517,12000000.0,True,30,要人手査定
4706,13104,東京都新宿区北新宿,中古マンション等,30,55.0,6.0,12000000,0.3466355847286224,0.6533644152713777,-34.663558472862235,安値,中度,15354063.758877374,23500000.0,True,30,要人手査定
38173,13215,東京都国立市中,中古マンション等,95,25.0,16.0,67000000,0.34653686268640216,1.3465368626864023,34.653686268640215,高値,中度,64633769.408947304,48000000.0,True,30,要人手査定
21267,13113,東京都渋谷区初台,中古マンション等,45,51.0,10.0,20000000,0.3464111640357763,0.6535888359642237,-34.641116403577634,安値,中度,26797142.27453317,41000000.0,True,30,要人手査定
30228,13121,東京都足立区栗原,中古マンション等,80,23.0,5.0,50000000,0.3463863653634969,0.6536136346365031,-34.638636536349686,安値,中度,43792113.52064571,67000000.0,True,30,要人手査定
11071,13108,東京都江東区亀戸,中古マンション等,75,17.0,9.0,59000000,0.34634918708712614,0.6536508129128739,-34.63491870871261,安値,中度,60462700.194440834,92500000.0,True,30,要人手査定
2781,13103,東京都港区浜松町,中古マンション等,60,2.0,2.0,300000000,0.3462813576200843,1.3462813576200843,34.62813576200843,高値,中度,282719085.1002177,210000000.0,True,30,要人手査定
2785,13103,東京都港区浜松町,中古マンション等,60,2.0,2.0,290000000,0.3462813576200843,1.3462813576200843,34.62813576200843,高値,中度,282719085.1002177,210000000.0,True,30,要人手査定
39606,13229,東京都西東京市谷戸町,中古マンション等,85,12.0,10.0,54000000,0.3462644432857339,1.346264443285734,34.62644432857339,高値,中度,63947561.05607236,47500000.0,True,30,要人手査定
4185,13103,東京都港区芝,中古マンション等,30,46.0,2.0,35000000,0.3462585882380516,1.3462585882380516,34.62585882380516,高値,中度,35002723.29418934,26000000.0,True,30,要人手査定
33233,13123,東京都江戸川区中葛西,中古マンション等,75,34.0,18.0,57000000,0.3462206569775425,1.3462206569775426,34.62206569775425,高値,中度,53848826.2791017,40000000.0,True,30,要人手査定
31443,13121,東京都足立区舎人,中古マンション等,60,18.0,1.0,33000000,0.34618413546635324,0.6538158645336467,-34.618413546635324,安値,中度,27460266.310413163,42000000.0,True,30,要人手査定
29428,13120,東京都練馬区春日町,中古マンション等,60,32.0,2.0,50000000,0.3461639038480201,0.6538360961519799,-34.61639038480201,安値,中度,33018722.855674986,50500000.0,True,30,要人手査定
4689,13104,東京都新宿区市谷田町,中古マンション等,60,26.0,5.0,110000000,0.3461067425512051,1.346106742551205,34.61067425512051,高値,中度,106342432.6615452,79000000.0,True,30,要人手査定
19947,13112,東京都世田谷区上野毛,中古マンション等,80,55.0,6.0,70000000,0.3460741362076174,1.3460741362076174,34.60741362076174,高値,中度,80091411.10435323,59500000.0,True,30,要人手査定
13053,13109,東京都品川区上大崎,中古マンション等,50,41.0,7.0,80000000,0.346058065798824,1.346058065798824,34.6058065798824,高値,中度,59226554.895148255,44000000.0,True,30,要人手査定
39607,13229,東京都西東京市芝久保町,中古マンション等,60,19.0,21.0,26000000,0.346047567154228,0.653952432845772,-34.6047567154228,安値,中度,28773907.045213968,44000000.0,True,30,要人手査定
20613,13113,東京都渋谷区幡ケ谷,中古マンション等,30,44.0,4.0,20000000,0.34600850402852634,0.6539914959714737,-34.600850402852636,安値,中度,18965753.383172736,29000000.0,True,30,要人手査定
13143,13109,東京都品川区大井,中古マンション等,55,7.0,5.0,160000000,0.3459929123420616,1.3459929123420615,34.599291234206156,高値,中度,141329255.79591647,105000000.0,True,30,要人手査定
23331,13115,東京都杉並区高円寺南,中古マンション等,40,56.0,7.0,12000000,0.34598296826368635,0.6540170317363136,-34.59829682636864,安値,中度,18639485.40448494,28500000.0,True,30,要人手査定
29986,13120,東京都練馬区西大泉,中古マンション等,70,27.0,24.0,32000000,0.34597628005492537,0.6540237199450746,-34.59762800549254,安値,中度,27796008.09766567,42500000.0,True,30,要人手査定
2074,13102,東京都中央区銀座,中古マンション等,25,22.0,2.0,50000000,0.3458712651426931,1.3458712651426932,34.587126514269315,高値,中度,41049073.58685214,30500000.0,True,30,要人手査定
33440,13123,東京都江戸川区南篠崎町,中古マンション等,60,46.0,24.0,19000000,0.3458437101824351,0.6541562898175649,-34.58437101824351,安値,中度,17335141.68016547,26500000.0,True,30,要人手査定
39290,13225,東京都稲城市若葉台,中古マンション等,85,16.0,9.0,52000000,0.3458152592611652,1.3458152592611652,34.58152592611652,高値,中度,56524240.88896894,42000000.0,True,30,要人手査定
4717,13104,東京都新宿区左門町,中古マンション等,75,47.0,4.0,70000000,0.3456790691133991,1.345679069113399,34.567906911339904,高値,中度,80740744.14680395,60000000.0,True,30,要人手査定
2637,13103,東京都港区南青山,中古マンション等,55,46.0,11.0,69000000,0.34567127364600303,1.345671273646003,34.5671273646003,高値,中度,80740276.41876018,60000000.0,True,30,要人手査定
15858,13110,東京都目黒区八雲,中古マンション等,40,54.0,7.0,24000000,0.34566754168898983,0.6543324583110102,-34.56675416889898,安値,中度,24864633.415818386,38000000.0,True,30,要人手査定
38858,13224,東京都多摩市愛宕,中古マンション等,60,34.0,8.0,17000000,0.3456396487864569,0.6543603512135431,-34.56396487864569,安値,中度,15377468.253518263,23500000.0,True,30,要人手査定
36580,13208,東京都調布市小島町,中古マンション等,25,36.0,7.0,28000000,0.3456257324304405,0.6543742675695595,-34.56257324304405,安値,中度,11778736.816252071,18000000.0,True,30,要人手査定
38355,13218,東京都福生市武蔵野台,中古マンション等,50,51.0,8.0,7500000,0.3456210452145851,0.654378954785415,-34.56210452145851,安値,中度,7525357.980032272,11500000.0,True,30,要人手査定
13059,13109,東京都品川区上大崎,中古マンション等,35,48.0,2.0,33000000,0.34557068518512213,1.3455706851851221,34.55706851851221,高値,中度,34312052.472220615,25500000.0,True,30,要人手査定
25451,13117,東京都北区中里,中古マンション等,35,44.0,1.0,14000000,0.3455589063358969,0.6544410936641031,-34.55589063358969,安値,中度,20287673.903587196,31000000.0,True,30,要人手査定
20790,13113,東京都渋谷区本町,中古マンション等,30,7.0,5.0,42000000,0.3455559838704232,0.6544440161295768,-34.555598387042316,安値,中度,34685532.85486757,53000000.0,True,30,要人手査定
33905,13201,東京都八王子市西片倉,中古マンション等,25,19.0,5.0,12000000,0.3455354697874415,0.6544645302125585,-34.55354697874415,安値,中度,11780361.543826053,18000000.0,True,30,要人手査定
33906,13201,東京都八王子市西片倉,中古マンション等,25,19.0,5.0,12000000,0.3455354697874415,0.6544645302125585,-34.55354697874415,安値,中度,11780361.543826053,18000000.0,True,30,要人手査定
19,13101,東京都千代田区岩本町,中古マンション等,20,45.0,4.0,12000000,0.34553263900717235,0.6544673609928277,-34.55326390071723,安値,中度,13089347.219856553,20000000.0,True,30,要人手査定
30559,13121,東京都足立区新田,中古マンション等,115,15.0,20.0,57000000,0.34553204693349066,1.3455320469334906,34.553204693349066,高値,中度,69294900.41707477,51500000.0,True,30,要人手査定
5213,13104,東京都新宿区中落合,中古マンション等,75,14.0,5.0,90000000,0.34549131092369867,0.6545086890763013,-34.54913109236987,安値,中度,98176303.3614452,150000000.0,True,30,要人手査定
18284,13112,東京都世田谷区南烏山,中古マンション等,50,51.0,8.0,27000000,0.34547787172767,0.6545221282723299,-34.547787172767,安値,中度,25526363.00262087,39000000.0,True,30,要人手査定
35527,13206,東京都府中市寿町,中古マンション等,70,44.0,3.0,41000000,0.3454757734298066,1.3454757734298066,34.54757734298066,高値,中度,39018797.42946439,29000000.0,True,30,要人手査定
33597,13201,東京都八王子市椚田町,中古マンション等,65,10.0,3.0,32000000,0.3454624980955716,0.6545375019044284,-34.54624980955716,安値,中度,32399606.344269205,49500000.0,True,30,要人手査定
37619,13212,東京都日野市旭が丘,中古マンション等,130,23.0,18.0,41000000,0.34544081670100646,1.3454408167010066,34.544081670100645,高値,中度,47090428.584535226,35000000.0,True,30,要人手査定
22940,13115,東京都杉並区上荻,中古マンション等,95,47.0,15.0,74000000,0.34541313644002,1.34541313644002,34.541313644001995,高値,中度,73997722.5042011,55000000.0,True,30,要人手査定
15611,13110,東京都目黒区大岡山,中古マンション等,50,30.0,9.0,49000000,0.34538194998240285,0.6546180500175972,-34.538194998240286,安値,中度,54333298.151460566,83000000.0,True,30,要人手査定
13129,13109,東京都品川区西大井,中古マンション等,25,10.0,13.0,22000000,0.34537943088089956,0.6546205691191005,-34.53794308808995,安値,中度,22584409.634608965,34500000.0,True,30,要人手査定
37568,13212,東京都日野市百草,中古マンション等,90,25.0,12.0,18000000,0.345365198469543,0.654634801530457,-34.5365198469543,安値,中度,23566852.855096452,36000000.0,True,30,要人手査定
35788,13206,東京都府中市寿町,中古マンション等,50,41.0,9.0,18000000,0.34531309824244066,1.3453130982424406,34.53130982424407,高値,中度,22870322.67012149,17000000.0,True,30,要人手査定
38301,13218,東京都福生市武蔵野台,中古マンション等,45,40.0,10.0,6800000,0.34530265543701105,0.654697344562989,-34.530265543701105,安値,中度,7529019.462474373,11500000.0,True,30,要人手査定
26212,13118,東京都荒川区東尾久,中古マンション等,60,33.0,2.0,29000000,0.3452692914294876,0.6547307085705124,-34.52692914294876,安値,中度,29135516.531387802,44500000.0,True,30,要人手査定
15589,13110,東京都目黒区青葉台,中古マンション等,75,24.0,9.0,170000000,0.34525861169736155,1.3452586116973615,34.52586116973615,高値,中度,174883619.520657,130000000.0,True,30,要人手査定
36351,13208,東京都調布市国領町,中古マンション等,30,18.0,5.0,18000000,0.345254112266292,0.654745887733708,-34.5254112266292,安値,中度,17350766.024943262,26500000.0,True,30,要人手査定
1547,13102,東京都中央区築地,中古マンション等,90,21.0,1.0,240000000,0.34525023275349886,1.3452502327534988,34.52502327534989,高値,中度,215240037.24055982,160000000.0,True,30,要人手査定
30324,13121,東京都足立区千住東,中古マンション等,70,28.0,8.0,60000000,0.34511767503351853,1.3451176750335185,34.511767503351855,高値,中度,55822383.51389102,41500000.0,True,30,要人手査定
26090,13117,東京都北区田端,中古マンション等,50,16.0,6.0,69000000,0.3451156490543284,1.3451156490543283,34.51156490543284,高値,中度,67928340.27724358,50500000.0,True,30,要人手査定
27906,13119,東京都板橋区小茂根,中古マンション等,75,2.0,5.0,120000000,0.3450988292775746,1.3450988292775747,34.50988292775746,高値,中度,106262807.5129284,79000000.0,True,30,要人手査定
28554,13119,東京都板橋区前野町,中古マンション等,50,56.0,14.0,24000000,0.34502072873049755,1.3450207287304976,34.502072873049755,高値,中度,22865352.38841846,17000000.0,True,30,要人手査定
7426,13105,東京都文京区小石川,中古マンション等,40,45.0,5.0,48000000,0.345002941154171,1.345002941154171,34.5002941154171,高値,中度,43040094.11693347,32000000.0,True,30,要人手査定
15194,13110,東京都目黒区五本木,中古マンション等,20,35.0,8.0,15000000,0.3449496014357408,0.6550503985642592,-34.49496014357408,安値,中度,12445957.572720924,19000000.0,True,30,要人手査定
37793,13213,東京都東村山市栄町,中古マンション等,75,2.0,4.0,54000000,0.3449284547098109,1.344928454709811,34.492845470981095,高値,中度,53797138.18839244,40000000.0,True,30,要人手査定
37792,13213,東京都東村山市栄町,中古マンション等,75,2.0,4.0,52000000,0.3449284547098109,1.344928454709811,34.492845470981095,高値,中度,53797138.18839244,40000000.0,True,30,要人手査定
35495,13206,東京都府中市白糸台,中古マンション等,50,51.0,10.0,9000000,0.34487692778699613,0.6551230722130039,-34.48769277869961,安値,中度,10481969.155408062,16000000.0,True,30,要人手査定
36380,13208,東京都調布市飛田給,中古マンション等,60,14.0,7.0,36000000,0.3448704045664618,0.6551295954335382,-34.48704045664618,安値,中度,39962905.32144583,61000000.0,True,30,要人手査定
33833,13201,東京都八王子市散田町,中古マンション等,75,25.0,13.0,19000000,0.34484482662347177,0.6551551733765282,-34.484482662347176,安値,中度,18999500.02791932,29000000.0,True,30,要人手査定
28340,13119,東京都板橋区常盤台,中古マンション等,50,53.0,8.0,25000000,0.3448313140375594,1.3448313140375594,34.48313140375594,高値,中度,27569041.937769968,20500000.0,True,30,要人手査定
23261,13115,東京都杉並区和田,中古マンション等,40,59.0,8.0,29000000,0.3448243670413532,0.6551756329586468,-34.482436704135324,安値,中度,19327681.17228008,29500000.0,True,30,要人手査定
35316,13205,東京都青梅市長淵,中古マンション等,50,36.0,5.0,3800000,0.34481821708724425,0.6551817829127558,-34.481821708724425,安値,中度,5700081.511340975,8700000.0,True,30,要人手査定
12217,13108,東京都江東区大島,中古マンション等,20,34.0,2.0,11000000,0.34475050916610384,0.6552494908338962,-34.475050916610385,安値,中度,12449740.325844027,19000000.0,True,30,要人手査定
20399,13112,東京都世田谷区三宿,中古マンション等,50,30.0,7.0,80000000,0.34474064422672296,1.344740644226723,34.4740644226723,高値,中度,81356808.97571674,60500000.0,True,30,要人手査定
15516,13110,東京都目黒区目黒,中古マンション等,85,47.0,10.0,110000000,0.34473888690880994,1.34473888690881,34.473888690881,高値,中度,110268588.72652242,82000000.0,True,30,要人手査定
22087,13114,東京都中野区江古田,中古マンション等,75,40.0,12.0,30000000,0.3447020470602023,0.6552979529397978,-34.47020470602023,安値,中度,42594366.94108685,65000000.0,True,30,要人手査定
30083,13120,東京都練馬区光が丘,中古マンション等,70,38.0,12.0,46000000,0.3446900596298823,1.3446900596298823,34.469005962988234,高値,中度,51770567.29575047,38500000.0,True,30,要人手査定
23611,13115,東京都杉並区西荻北,中古マンション等,95,21.0,1.0,110000000,0.34467765980334863,1.3446776598033485,34.46776598033486,高値,中度,124382683.53180975,92500000.0,True,30,要人手査定
20427,13112,東京都世田谷区南烏山,中古マンション等,65,50.0,3.0,46000000,0.3446708097876033,0.6553291902123968,-34.46708097876033,安値,中度,36043105.46168182,55000000.0,True,30,要人手査定
26903,13118,東京都荒川区南千住,中古マンション等,75,35.0,15.0,62000000,0.34463877534115994,1.34463877534116,34.463877534115994,高値,中度,54457870.40131698,40500000.0,True,30,要人手査定
9411,13107,東京都墨田区東向島,中古マンション等,65,3.0,10.0,75000000,0.3445704857978904,1.3445704857978904,34.45704857978904,高値,中度,74623661.96178292,55500000.0,True,30,要人手査定
14192,13109,東京都品川区大崎,中古マンション等,65,12.0,5.0,140000000,0.3445604268052559,1.344560426805256,34.45604268052559,高値,中度,147901646.94857815,110000000.0,True,30,要人手査定
22448,13114,東京都中野区上高田,中古マンション等,50,56.0,8.0,21000000,0.34452681686727904,0.655473183132721,-34.45268168672791,安値,中度,21958351.634946153,33500000.0,True,30,要人手査定
34678,13203,東京都武蔵野市吉祥寺本町,中古マンション等,55,42.0,3.0,37000000,0.3445129088985065,1.3445129088985064,34.45129088985065,高値,中度,56469542.17373727,42000000.0,True,30,要人手査定
21792,13114,東京都中野区中野,中古マンション等,55,60.0,4.0,53000000,0.34450162269168916,1.3445016226916893,34.450162269168914,高値,中度,51763312.47363003,38500000.0,True,30,要人手査定
2779,13103,東京都港区浜松町,中古マンション等,105,2.0,2.0,680000000,0.34449944693655965,1.3444994469365597,34.449944693655965,高値,中度,658804728.9989142,490000000.0,True,30,要人手査定
15496,13110,東京都目黒区大橋,中古マンション等,30,57.0,6.0,16000000,0.3444799920077069,0.6555200079922932,-34.44799920077069,安値,中度,18682320.227780353,28500000.0,True,30,要人手査定
7760,13106,東京都台東区東上野,中古マンション等,55,6.0,5.0,100000000,0.3444782778003172,1.3444782778003173,34.44782778003172,高値,中度,109574979.64072585,81500000.0,True,30,要人手査定
25761,13117,東京都北区上十条,中古マンション等,85,25.0,3.0,86000000,0.34445274638592893,1.344452746385929,34.44527463859289,高値,中度,86044975.76869945,64000000.0,True,30,要人手査定
26598,13118,東京都荒川区西日暮里,中古マンション等,25,44.0,7.0,13000000,0.34442463607996415,1.344424636079964,34.442463607996416,高値,中度,14788670.996879606,11000000.0,True,30,要人手査定
30518,13121,東京都足立区西新井本町,中古マンション等,60,19.0,7.0,27000000,0.34438565479453903,0.655614345205461,-34.43856547945391,安値,中度,28519224.016437553,43500000.0,True,30,要人手査定
10354,13108,東京都江東区高橋,中古マンション等,40,52.0,4.0,37000000,0.34435708040156626,1.3443570804015663,34.43570804015663,高値,中度,31592391.389436807,23500000.0,True,30,要人手査定
30895,13121,東京都足立区青井,中古マンション等,70,19.0,3.0,36000000,0.344348481907303,0.655651518092697,-34.4348481907303,安値,中度,37372136.53128373,57000000.0,True,30,要人手査定
30654,13121,東京都足立区花畑,中古マンション等,65,39.0,5.0,14000000,0.34433237177473625,0.6556676282252637,-34.43323717747362,安値,中度,20653530.289095808,31500000.0,True,30,要人手査定
6106,13104,東京都新宿区新宿,中古マンション等,20,42.0,5.0,28000000,0.3443044808743165,1.3443044808743165,34.43044808743165,高値,中度,22181023.934426222,16500000.0,True,30,要人手査定
21265,13113,東京都渋谷区初台,中古マンション等,80,26.0,7.0,160000000,0.34423350314905776,0.6557664968509422,-34.423350314905775,安値,中度,118037969.4331696,180000000.0,True,30,要人手査定
20122,13112,東京都世田谷区下馬,中古マンション等,90,20.0,8.0,160000000,0.34414776153152393,1.344147761531524,34.414776153152395,高値,中度,147856253.76846763,110000000.0,True,30,要人手査定
34848,13203,東京都武蔵野市吉祥寺北町,中古マンション等,50,54.0,9.0,39000000,0.3441353640812268,1.3441353640812268,34.41353640812268,高値,中度,38979925.55835558,29000000.0,True,30,要人手査定
18470,13112,東京都世田谷区宮坂,中古マンション等,70,45.0,8.0,39000000,0.3441308781631705,0.6558691218368294,-34.41308781631705,安値,中度,37384539.94469928,57000000.0,True,30,要人手査定
19257,13112,東京都世田谷区太子堂,中古マンション等,70,52.0,3.0,79000000,0.3440471100627106,1.3440471100627107,34.40471100627106,高値,中度,74594614.60848044,55500000.0,True,30,要人手査定
4580,13104,東京都新宿区北新宿,中古マンション等,15,37.0,8.0,12000000,0.3440016634373302,0.6559983365626698,-34.40016634373302,安値,中度,9183976.711877378,14000000.0,True,30,要人手査定
6279,13104,東京都新宿区西五軒町,中古マンション等,35,34.0,5.0,47000000,0.34399053137944063,1.3439905313794407,34.399053137944065,高値,中度,47039668.59828042,35000000.0,True,30,要人手査定
8607,13106,東京都台東区駒形,中古マンション等,15,57.0,1.0,8300000,0.34394198698765566,0.6560580130123443,-34.394198698765564,安値,中度,10168899.201691337,15500000.0,True,30,要人手査定
29116,13120,東京都練馬区石神井町,中古マンション等,60,24.0,2.0,77000000,0.3438943455441753,1.3438943455441754,34.389434554417534,高値,中度,70554453.1410692,52500000.0,True,30,要人手査定
12420,13108,東京都江東区亀戸,中古マンション等,75,21.0,11.0,50000000,0.34382415982631376,0.6561758401736862,-34.38241598263138,安値,中度,50197451.773287,76500000.0,True,30,要人手査定
12422,13108,東京都江東区亀戸,中古マンション等,75,21.0,11.0,58000000,0.34382415982631376,0.6561758401736862,-34.38241598263138,安値,中度,50197451.773287,76500000.0,True,30,要人手査定
36350,13208,東京都調布市国領町,中古マンション等,25,18.0,5.0,17000000,0.34376407510947476,0.6562359248905252,-34.37640751094747,安値,中度,17062134.047153655,26000000.0,True,30,要人手査定
3479,13103,東京都港区三田,中古マンション等,50,17.0,6.0,170000000,0.34370406889835325,1.3437040688983533,34.37040688983532,高値,中度,147807447.57881886,110000000.0,True,30,要人手査定
10857,13108,東京都江東区木場,中古マンション等,40,13.0,5.0,50000000,0.3436616303733099,0.6563383696266901,-34.366163037330985,安値,中度,45943685.87386831,70000000.0,True,30,要人手査定
21319,13113,東京都渋谷区渋谷,中古マンション等,65,54.0,5.0,78000000,0.34364647202594506,1.3436464720259451,34.364647202594504,高値,中度,80618788.3215567,60000000.0,True,30,要人手査定
15262,13110,東京都目黒区下目黒,中古マンション等,70,8.0,8.0,170000000,0.3435728867851573,1.3435728867851573,34.35728867851573,高値,中度,161228746.41421887,120000000.0,True,30,要人手査定
4676,13104,東京都新宿区弁天町,中古マンション等,135,24.0,3.0,160000000,0.3434788858031761,1.343478885803176,34.34788858031761,高値,中度,214956621.72850817,160000000.0,True,30,要人手査定
13586,13109,東京都品川区東五反田,中古マンション等,95,16.0,6.0,280000000,0.3434471973076233,1.3434471973076232,34.34471973076233,高値,中度,282123911.4346009,210000000.0,True,30,要人手査定
7764,13106,東京都台東区三ノ輪,中古マンション等,50,18.0,4.0,44000000,0.34339060550646155,0.6566093944935385,-34.33906055064615,安値,中度,41694696.55033969,63500000.0,True,30,要人手査定
14817,13109,東京都品川区南大井,中古マンション等,25,2.0,7.0,45000000,0.3433480293215637,1.3433480293215638,34.33480293215637,高値,中度,44330484.9676116,33000000.0,True,30,要人手査定
24438,13116,東京都豊島区池袋,中古マンション等,55,41.0,8.0,58000000,0.34334037796745426,1.3433403779674542,34.33403779674543,高値,中度,58435306.44158426,43500000.0,True,30,要人手査定
39288,13225,東京都稲城市矢野口,中古マンション等,65,48.0,4.0,17000000,0.34330850727849627,1.3433085072784963,34.33085072784963,高値,中度,20149627.609177444,15000000.0,True,30,要人手査定
19746,13112,東京都世田谷区三軒茶屋,中古マンション等,55,47.0,5.0,60000000,0.34326044691025953,1.3432604469102596,34.326044691025956,高値,中度,58431829.44059629,43500000.0,True,30,要人手査定
23552,13115,東京都杉並区梅里,中古マンション等,70,51.0,4.0,55000000,0.34315910549915474,1.3431591054991547,34.31591054991547,高値,中度,55069523.325465344,41000000.0,True,30,要人手査定
24646,13116,東京都豊島区南長崎,中古マンション等,20,15.0,6.0,21000000,0.3430710439865873,0.6569289560134127,-34.30710439865873,安値,中度,17080152.85634873,26000000.0,True,30,要人手査定
5594,13104,東京都新宿区舟町,中古マンション等,50,22.0,2.0,94000000,0.3430320770610571,1.343032077061057,34.30320770610571,高値,中度,94012245.394274,70000000.0,True,30,要人手査定
30833,13121,東京都足立区千住緑町,中古マンション等,55,7.0,9.0,48000000,0.3430195981562505,1.3430195981562505,34.30195981562505,高値,中度,55063803.52440627,41000000.0,True,30,要人手査定
30834,13121,東京都足立区千住緑町,中古マンション等,55,7.0,9.0,47000000,0.3430195981562505,1.3430195981562505,34.30195981562505,高値,中度,55063803.52440627,41000000.0,True,30,要人手査定
17405,13111,東京都大田区蒲田,中古マンション等,75,21.0,3.0,100000000,0.3429730665216768,1.3429730665216768,34.29730665216768,高値,中度,100051493.45586492,74500000.0,True,30,要人手査定
25717,13117,東京都北区上十条,中古マンション等,80,2.0,1.0,130000000,0.3429171531273296,1.3429171531273296,34.29171531273296,高値,中度,134291715.31273296,100000000.0,True,30,要人手査定
21949,13114,東京都中野区東中野,中古マンション等,55,52.0,9.0,49000000,0.34286261594567685,1.342862615945677,34.286261594567684,高値,中度,49014485.482017204,36500000.0,True,30,要人手査定
30603,13121,東京都足立区伊興,中古マンション等,55,27.0,10.0,22000000,0.34283685447791745,0.6571631455220825,-34.28368544779175,安値,中度,23329291.66603393,35500000.0,True,30,要人手査定
31959,13122,東京都葛飾区新宿,中古マンション等,70,5.0,10.0,72000000,0.34281975860061953,1.3428197586006194,34.281975860061955,高値,中度,75869316.360935,56500000.0,True,30,要人手査定
34805,13203,東京都武蔵野市御殿山,中古マンション等,105,58.0,6.0,96000000,0.34281548980156984,1.3428154898015698,34.281548980156984,高値,中度,96011307.52081224,71500000.0,True,30,要人手査定
10612,13108,東京都江東区大島,中古マンション等,85,18.0,9.0,65000000,0.3427819461322704,0.6572180538677296,-34.27819461322704,安値,中度,65721805.38677296,100000000.0,True,30,要人手査定
28434,13119,東京都板橋区成増,中古マンション等,70,43.0,7.0,50000000,0.3427732893342932,1.3427732893342932,34.27732893342932,高値,中度,50353998.350035995,37500000.0,True,30,要人手査定
12461,13108,東京都江東区木場,中古マンション等,70,41.0,3.0,65000000,0.34265590895187625,1.3426559089518761,34.26559089518763,高値,中度,60419515.90283443,45000000.0,True,30,要人手査定
38311,13218,東京都福生市大字福生,中古マンション等,50,38.0,4.0,11000000,0.34263165386259853,0.6573683461374015,-34.26316538625985,安値,中度,9860525.192061022,15000000.0,True,30,要人手査定
25064,13116,東京都豊島区長崎,中古マンション等,15,42.0,6.0,7000000,0.34252834528211984,0.6574716547178802,-34.252834528211984,安値,中度,7889659.856614562,12000000.0,True,30,要人手査定
20694,13113,東京都渋谷区広尾,中古マンション等,50,39.0,8.0,88000000,0.34252405651851797,1.342524056518518,34.252405651851795,高値,中度,72496299.05199997,54000000.0,True,30,要人手査定
35644,13206,東京都府中市府中町,中古マンション等,80,43.0,6.0,31000000,0.3425077611017171,1.342507761101717,34.250776110171714,高値,中度,40946486.71360237,30500000.0,True,30,要人手査定
26636,13118,東京都荒川区南千住,中古マンション等,85,19.0,15.0,68000000,0.3424716779809132,1.3424716779809132,34.24716779809132,高値,中度,67123583.89904566,50000000.0,True,30,要人手査定
17490,13111,東京都大田区山王,中古マンション等,60,24.0,12.0,47000000,0.34246275197980297,1.342462751979803,34.246275197980296,高値,中度,65109443.471020445,48500000.0,True,30,要人手査定
3446,13103,東京都港区白金台,中古マンション等,195,37.0,4.0,430000000,0.34245593957585385,0.6575440604241461,-34.245593957585385,安値,中度,443842240.78629863,675000000.0,True,30,要人手査定
6734,13105,東京都文京区小石川,中古マンション等,65,5.0,1.0,280000000,0.3424476576934262,1.342447657693426,34.24476576934262,高値,中度,174518195.5001454,130000000.0,True,30,要人手査定
3172,13103,東京都港区六本木,中古マンション等,90,14.0,4.0,530000000,0.342403254523567,1.3424032545235671,34.2403254523567,高値,中度,483265171.62848413,360000000.0,True,30,要人手査定
24823,13116,東京都豊島区西池袋,中古マンション等,65,27.0,2.0,120000000,0.3423177266420108,1.3423177266420108,34.23177266420108,高値,中度,101344988.36147182,75500000.0,True,30,要人手査定
12924,13108,東京都江東区南砂,中古マンション等,75,45.0,15.0,23000000,0.3423121690129976,1.3423121690129975,34.23121690129976,高値,中度,46980925.91545492,35000000.0,True,30,要人手査定
10791,13108,東京都江東区大島,中古マンション等,60,14.0,7.0,68000000,0.3423070263396506,0.6576929736603494,-34.23070263396506,安値,中度,64782757.905544415,98500000.0,True,30,要人手査定
13068,13109,東京都品川区西大井,中古マンション等,50,57.0,8.0,25000000,0.3422925871857229,0.657707412814277,-34.22925871857229,安値,中度,24992881.68694253,38000000.0,True,30,要人手査定
20046,13112,東京都世田谷区駒沢,中古マンション等,90,38.0,19.0,62000000,0.3422895234287499,1.34228952342875,34.22895234287499,高値,中度,86577674.26115437,64500000.0,True,30,要人手査定
29535,13120,東京都練馬区西大泉,中古マンション等,50,31.0,17.0,23000000,0.3422565288267511,0.6577434711732488,-34.225652882675114,安値,中度,24007636.697823584,36500000.0,True,30,要人手査定
13703,13109,東京都品川区東五反田,中古マンション等,60,16.0,6.0,160000000,0.342243556353533,1.342243556353533,34.2243556353533,高値,中度,147646791.19888863,110000000.0,True,30,要人手査定
35515,13206,東京都府中市宮西町,中古マンション等,75,26.0,6.0,59000000,0.34224229888142743,1.3422422988814273,34.224229888142744,高値,中度,61743145.74854566,46000000.0,True,30,要人手査定
38527,13220,東京都東大和市桜が丘,中古マンション等,50,46.0,8.0,12000000,0.3421890803747793,0.6578109196252208,-34.21890803747793,安値,中度,10524974.714003531,16000000.0,True,30,要人手査定
38502,13219,東京都狛江市東野川,中古マンション等,55,53.0,16.0,13000000,0.34210666943837376,0.6578933305616262,-34.210666943837374,安値,中度,16447333.264040656,25000000.0,True,30,要人手査定
28051,13119,東京都板橋区板橋,中古マンション等,25,2.0,5.0,38000000,0.3420078377257412,1.3420078377257412,34.20078377257412,高値,中度,36905215.53745788,27500000.0,True,30,要人手査定
12513,13108,東京都江東区塩浜,中古マンション等,80,45.0,10.0,63000000,0.34199895913086426,1.3419989591308643,34.19989591308642,高値,中度,63744950.55871605,47500000.0,True,30,要人手査定
13052,13109,東京都品川区上大崎,中古マンション等,25,39.0,4.0,29000000,0.3419786871108664,1.3419786871108663,34.197868711086635,高値,中度,23484627.024440162,17500000.0,True,30,要人手査定
18234,13112,東京都世田谷区祖師谷,中古マンション等,15,42.0,6.0,6800000,0.34196197493076474,0.6580380250692353,-34.196197493076475,安値,中度,7238418.275761588,11000000.0,True,30,要人手査定
13395,13109,東京都品川区北品川,中古マンション等,45,11.0,6.0,130000000,0.3419218750205967,1.3419218750205966,34.19218750205967,高値,中度,97960296.87650356,73000000.0,True,30,要人手査定
34465,13202,東京都立川市曙町,中古マンション等,65,28.0,7.0,51000000,0.3418705206210597,1.3418705206210597,34.18705206210597,高値,中度,50320144.52328974,37500000.0,True,30,要人手査定
11535,13108,東京都江東区南砂,中古マンション等,75,3.0,6.0,78000000,0.34186771545299716,0.6581322845470029,-34.18677154529971,安値,中度,78975874.14564034,120000000.0,True,30,要人手査定
11522,13108,東京都江東区南砂,中古マンション等,75,3.0,6.0,70000000,0.34186771545299716,0.6581322845470029,-34.18677154529971,安値,中度,78975874.14564034,120000000.0,True,30,要人手査定
30275,13121,東京都足立区千住仲町,中古マンション等,65,45.0,9.0,35000000,0.34183875350345644,1.3418387535034564,34.183875350345645,高値,中度,36229646.344593324,27000000.0,True,30,要人手査定
30867,13121,東京都足立区中央本町,中古マンション等,80,49.0,9.0,24000000,0.3418212773688976,0.6581787226311023,-34.18212773688976,安値,中度,20403540.401564173,31000000.0,True,30,要人手査定
36404,13208,東京都調布市国領町,中古マンション等,25,18.0,5.0,18000000,0.34179868745066727,0.6582013125493328,-34.17986874506673,安値,中度,17113234.12628265,26000000.0,True,30,要人手査定
3359,13103,東京都港区三田,中古マンション等,60,43.0,5.0,83000000,0.34178957190782644,1.3417895719078266,34.17895719078265,高値,中度,100634217.89308698,75000000.0,True,30,要人手査定
7561,13105,東京都文京区白山,中古マンション等,15,44.0,7.0,12000000,0.34178507030239724,0.6582149296976028,-34.17850703023972,安値,中度,11847868.73455685,18000000.0,True,30,要人手査定
38587,13221,東京都清瀬市元町,中古マンション等,50,42.0,11.0,15000000,0.341770804504756,0.6582291954952441,-34.1770804504756,安値,中度,13493698.507652503,20500000.0,True,30,要人手査定
15311,13110,東京都目黒区中町,中古マンション等,20,29.0,5.0,19000000,0.3417603496676635,0.6582396503323364,-34.17603496676635,安値,中度,16785111.08347458,25500000.0,True,30,要人手査定
5096,13104,東京都新宿区中落合,中古マンション等,60,35.0,8.0,37000000,0.34175853538569057,0.6582414646143094,-34.17585353856906,安値,中度,43773057.39685158,66500000.0,True,30,要人手査定
16127,13111,東京都大田区大森北,中古マンション等,75,18.0,5.0,100000000,0.34170632259875167,1.3417063225987518,34.17063225987517,高値,中度,92577736.25931387,69000000.0,True,30,要人手査定
16129,13111,東京都大田区大森北,中古マンション等,75,18.0,5.0,100000000,0.34170632259875167,1.3417063225987518,34.17063225987517,高値,中度,92577736.25931387,69000000.0,True,30,要人手査定
21491,13113,東京都渋谷区松濤,中古マンション等,40,56.0,4.0,48000000,0.34161773945175034,1.3416177394517503,34.161773945175035,高値,中度,51652282.96889239,38500000.0,True,30,要人手査定
33354,13123,東京都江戸川区平井,中古マンション等,65,28.0,9.0,60000000,0.3415829007552207,1.3415829007552207,34.15829007552207,高値,中度,55675690.38134166,41500000.0,True,30,要人手査定
21341,13113,東京都渋谷区千駄ケ谷,中古マンション等,65,20.0,1.0,140000000,0.3415188940784731,1.341518894078473,34.15188940784731,高値,中度,147567078.34863204,110000000.0,True,30,要人手査定
8556,13106,東京都台東区雷門,中古マンション等,35,21.0,3.0,39000000,0.3415181714919044,1.3415181714919044,34.151817149190435,高値,中度,47623895.087962605,35500000.0,True,30,要人手査定
23056,13115,東京都杉並区上井草,中古マンション等,55,42.0,3.0,27000000,0.34144946647484065,0.6585505335251594,-34.14494664748406,安値,中度,27000571.874531534,41000000.0,True,30,要人手査定
11492,13108,東京都江東区東砂,中古マンション等,70,17.0,13.0,46000000,0.3414441359651002,0.6585558640348999,-34.14441359651002,安値,中度,47416022.21051279,72000000.0,True,30,要人手査定
19596,13112,東京都世田谷区砧,中古マンション等,35,47.0,5.0,20000000,0.34133950035585725,0.6586604996441427,-34.13395003558573,安値,中度,18771824.23985807,28500000.0,True,30,要人手査定
12771,13108,東京都江東区豊洲,中古マンション等,95,26.0,10.0,120000000,0.34133280875854755,1.3413328087585474,34.13328087585475,高値,中度,120049286.38389,89500000.0,True,30,要人手査定
7635,13105,東京都文京区本駒込,中古マンション等,30,21.0,8.0,41000000,0.3413325025125312,1.341332502512531,34.13325025125312,高値,中度,34874645.06532581,26000000.0,True,30,要人手査定
13896,13109,東京都品川区八潮,中古マンション等,80,42.0,8.0,36000000,0.34133217200552995,0.6586678279944701,-34.133217200553,安値,中度,39520069.6796682,60000000.0,True,30,要人手査定
8130,13106,東京都台東区北上野,中古マンション等,90,9.0,8.0,180000000,0.3413025390404555,1.3413025390404554,34.130253904045546,高値,中度,160956304.68485466,120000000.0,True,30,要人手査定
37025,13209,東京都町田市玉川学園,中古マンション等,45,23.0,10.0,3500000,0.3412776371728932,0.6587223628271067,-34.12776371728932,安値,中度,22067199.154708076,33500000.0,True,30,要人手査定
19995,13112,東京都世田谷区喜多見,中古マンション等,25,8.0,11.0,26000000,0.3411495952234509,0.6588504047765491,-34.11495952234509,安値,中度,27012866.595838513,41000000.0,True,30,要人手査定
23479,13115,東京都杉並区高円寺南,中古マンション等,70,27.0,10.0,75000000,0.34109357443570293,1.3410935744357029,34.109357443570296,高値,中度,85159441.97666714,63500000.0,True,30,要人手査定
18865,13112,東京都世田谷区太子堂,中古マンション等,50,46.0,8.0,45000000,0.34107219139620437,1.3410721913962045,34.10721913962044,高値,中度,48949134.98596146,36500000.0,True,30,要人手査定
3099,13103,東京都港区浜松町,中古マンション等,60,2.0,2.0,260000000,0.34103866186459747,1.3410386618645975,34.10386618645975,高値,中度,281618118.99156547,210000000.0,True,30,要人手査定
35448,13206,東京都府中市朝日町,中古マンション等,55,34.0,3.0,28000000,0.34100970695723176,0.6589902930427682,-34.10097069572318,安値,中度,24712135.98910381,37500000.0,True,30,要人手査定
13193,13109,東京都品川区荏原,中古マンション等,50,40.0,7.0,65000000,0.3409796811019133,1.3409796811019132,34.09796811019133,高値,中度,65037514.533442795,48500000.0,True,30,要人手査定
38191,13215,東京都国立市青柳,中古マンション等,70,35.0,18.0,24000000,0.34096110611265973,0.6590388938873403,-34.09611061126597,安値,中度,23725400.17994425,36000000.0,True,30,要人手査定
16849,13111,東京都大田区東雪谷,中古マンション等,75,42.0,1.0,72000000,0.3409596008984193,1.3409596008984193,34.09596008984193,高値,中度,62354621.4417765,46500000.0,True,30,要人手査定
2699,13103,東京都港区海岸,中古マンション等,55,11.0,13.0,80000000,0.34087811508657684,0.6591218849134232,-34.08781150865769,安値,中度,79094626.18961078,120000000.0,True,30,要人手査定
31146,13121,東京都足立区梅田,中古マンション等,85,24.0,9.0,64000000,0.3408581015636988,1.3408581015636987,34.08581015636988,高値,中度,58327327.4180209,43500000.0,True,30,要人手査定
14401,13109,東京都品川区小山,中古マンション等,20,8.0,4.0,34000000,0.34083986475892786,1.340839864758928,34.083986475892786,高値,中度,40225195.942767836,30000000.0,True,30,要人手査定
5436,13104,東京都新宿区百人町,中古マンション等,55,46.0,4.0,38000000,0.34080464896959667,0.6591953510304034,-34.08046489695967,安値,中度,33618962.90255057,51000000.0,True,30,要人手査定
31324,13121,東京都足立区千住河原町,中古マンション等,25,11.0,3.0,28000000,0.3407785780041436,1.3407785780041435,34.07785780041436,高値,中度,34860243.02810773,26000000.0,True,30,要人手査定
21787,13114,東京都中野区中野,中古マンション等,70,33.0,5.0,87000000,0.340732491990727,1.340732491990727,34.073249199072706,高値,中度,88488344.47138798,66000000.0,True,30,要人手査定
28657,13119,東京都板橋区若木,中古マンション等,50,39.0,16.0,16000000,0.34070724672994723,0.6592927532700528,-34.07072467299472,安値,中度,17800904.338291425,27000000.0,True,30,要人手査定
33357,13123,東京都江戸川区平井,中古マンション等,25,1.0,2.0,44000000,0.340703132324934,1.340703132324934,34.0703132324934,高値,中度,42232148.66823542,31500000.0,True,30,要人手査定
13676,13109,東京都品川区西五反田,中古マンション等,55,12.0,8.0,95000000,0.3406346285977493,1.3406346285977493,34.06346285977493,高値,中度,111272674.17361319,83000000.0,True,30,要人手査定
31294,13121,東京都足立区千住曙町,中古マンション等,45,51.0,1.0,20000000,0.3406266440919803,1.3406266440919803,34.06266440919803,高値,中度,21450026.305471685,16000000.0,True,30,要人手査定
14893,13109,東京都品川区八潮,中古マンション等,75,42.0,8.0,33000000,0.3406014040723039,0.6593985959276961,-34.060140407230385,安値,中度,37915419.26584253,57500000.0,True,30,要人手査定
18300,13112,東京都世田谷区南烏山,中古マンション等,25,13.0,4.0,19000000,0.3405907521247574,0.6594092478752426,-34.05907521247574,安値,中度,19782277.436257277,30000000.0,True,30,要人手査定
31304,13121,東京都足立区千住東,中古マンション等,70,13.0,9.0,67000000,0.3405371347734028,1.3405371347734027,34.05371347734028,高値,中度,69707931.00821695,52000000.0,True,30,要人手査定
11353,13108,東京都江東区豊洲,中古マンション等,65,46.0,9.0,54000000,0.340466940974601,1.340466940974601,34.0466940974601,高値,中度,53618677.63898404,40000000.0,True,30,要人手査定
7283,13105,東京都文京区本郷,中古マンション等,45,20.0,5.0,83000000,0.34045815450130507,1.340458154501305,34.045815450130505,高値,中度,77746572.9610757,58000000.0,True,30,要人手査定
8310,13106,東京都台東区雷門,中古マンション等,70,24.0,2.0,120000000,0.34044569537120767,1.3404456953712076,34.044569537120765,高値,中度,103214318.54358299,77000000.0,True,30,要人手査定
30077,13120,東京都練馬区光が丘,中古マンション等,95,38.0,13.0,65000000,0.34044505483975684,1.3404450548397568,34.04450548397568,高値,中度,65011585.15972821,48500000.0,True,30,要人手査定
14818,13109,東京都品川区南大井,中古マンション等,25,2.0,7.0,43000000,0.340426876946193,1.3404268769461931,34.0426876946193,高値,中度,44234086.93922437,33000000.0,True,30,要人手査定
11512,13108,東京都江東区東砂,中古マンション等,65,31.0,13.0,40000000,0.34039755021442525,0.6596024497855747,-34.039755021442524,安値,中度,36937737.187992185,56000000.0,True,30,要人手査定
21421,13113,東京都渋谷区大山町,中古マンション等,65,7.0,5.0,160000000,0.34033606881657263,1.3403360688165726,34.03360688165726,高値,中度,174243688.94615445,130000000.0,True,30,要人手査定
16733,13111,東京都大田区山王,中古マンション等,55,12.0,9.0,84000000,0.34029546252927256,1.3402954625292725,34.029546252927254,高値,中度,83098318.6768149,62000000.0,True,30,要人手査定
16240,13111,東京都大田区雪谷大塚町,中古マンション等,60,61.0,2.0,5500000,0.3402324255590029,0.6597675744409971,-34.02324255590029,安値,中度,21112562.382111907,32000000.0,True,30,要人手査定
18131,13112,東京都世田谷区深沢,中古マンション等,80,22.0,5.0,120000000,0.34020976558957317,1.340209765589573,34.020976558957315,高値,中度,120618878.90306158,90000000.0,True,30,要人手査定
14493,13109,東京都品川区西五反田,中古マンション等,55,9.0,3.0,150000000,0.3402036663645703,1.3402036663645702,34.02036663645703,高値,中度,132010061.13691017,98500000.0,True,30,要人手査定
5249,13104,東京都新宿区四谷,中古マンション等,55,43.0,6.0,68000000,0.34019544266467694,1.340195442664677,34.01954426646769,高値,中度,71030358.46122788,53000000.0,True,30,要人手査定
5158,13104,東京都新宿区中落合,中古マンション等,70,14.0,5.0,89000000,0.340192445047897,0.659807554952103,-34.0192445047897,安値,中度,85774982.14377339,130000000.0,True,30,要人手査定
15279,13110,東京都目黒区中根,中古マンション等,60,58.0,5.0,33000000,0.3400914140179413,0.6599085859820587,-34.00914140179413,安値,中度,32995429.299102936,50000000.0,True,30,要人手査定
37251,13210,東京都小金井市本町,中古マンション等,25,11.0,8.0,23000000,0.3400858182275681,0.6599141817724319,-34.00858182275681,安値,中度,25406695.998238627,38500000.0,True,30,要人手査定
37872,13213,東京都東村山市萩山町,中古マンション等,25,36.0,3.0,5200000,0.34001244636986067,0.6599875536301394,-34.001244636986065,安値,中度,7259863.089931533,11000000.0,True,30,要人手査定
22594,13114,東京都中野区野方,中古マンション等,60,25.0,14.0,72000000,0.34000236924640836,1.3400023692464083,34.00023692464084,高値,中度,83080146.89327732,62000000.0,True,30,要人手査定
38249,13215,東京都国立市矢川,中古マンション等,75,21.0,5.0,35000000,0.3399690480436247,0.6600309519563753,-33.99690480436247,安値,中度,34981640.45368789,53000000.0,True,30,要人手査定
24192,13116,東京都豊島区南池袋,中古マンション等,80,11.0,1.0,230000000,0.3399606535130669,1.3399606535130668,33.99606535130669,高値,中度,227793311.09722137,170000000.0,True,30,要人手査定
13152,13109,東京都品川区大井,中古マンション等,25,7.0,5.0,47000000,0.3399148474557987,1.3399148474557987,33.99148474557987,高値,中度,45557104.813497156,34000000.0,True,30,要人手査定
13153,13109,東京都品川区大井,中古マンション等,25,7.0,5.0,55000000,0.3399148474557987,1.3399148474557987,33.99148474557987,高値,中度,45557104.813497156,34000000.0,True,30,要人手査定
35875,13206,東京都府中市本町,中古マンション等,75,41.0,5.0,47000000,0.33988249597034653,1.3398824959703466,33.98824959703465,高値,中度,41536357.37508074,31000000.0,True,30,要人手査定
14777,13109,東京都品川区南大井,中古マンション等,25,2.0,7.0,22000000,0.3398663224372015,1.3398663224372014,33.98663224372015,高値,中度,44215588.64042765,33000000.0,True,30,要人手査定
27107,13119,東京都板橋区板橋,中古マンション等,30,41.0,4.0,20000000,0.33979144057625116,1.3397914405762512,33.97914405762511,高値,中度,18087184.44777939,13500000.0,True,30,要人手査定
5332,13104,東京都新宿区赤城元町,中古マンション等,85,16.0,1.0,200000000,0.33978252328485803,1.3397825232848581,33.9782523284858,高値,中度,187569553.25988013,140000000.0,True,30,要人手査定
21248,13113,東京都渋谷区千駄ケ谷,中古マンション等,45,57.0,6.0,30000000,0.33977641745026155,0.6602235825497385,-33.977641745026155,安値,中度,30040173.0060131,45500000.0,True,30,要人手査定
34354,13202,東京都立川市富士見町,中古マンション等,45,58.0,17.0,13000000,0.33977576458341147,0.6602242354165886,-33.97757645834115,安値,中度,7262466.589582474,11000000.0,True,30,要人手査定
15418,13110,東京都目黒区中目黒,中古マンション等,40,27.0,4.0,79000000,0.3397603200179219,1.3397603200179218,33.97603200179219,高値,中度,81725379.52109323,61000000.0,True,30,要人手査定
3552,13103,東京都港区台場,中古マンション等,125,20.0,3.0,280000000,0.33975136394074,0.66024863605926,-33.975136394074,安値,中度,330124318.02963,500000000.0,True,30,要人手査定
7149,13105,東京都文京区湯島,中古マンション等,55,5.0,5.0,130000000,0.33971223934812345,1.3397122393481236,33.97122393481234,高値,中度,124593238.25937548,93000000.0,True,30,要人手査定
28266,13119,東京都板橋区新河岸,中古マンション等,55,35.0,10.0,22000000,0.33970926293156767,0.6602907370684323,-33.970926293156765,安値,中度,21459448.95472405,32500000.0,True,30,要人手査定
8463,13106,東京都台東区浅草,中古マンション等,160,34.0,4.0,92000000,0.3396596911708304,1.3396596911708303,33.96596911708304,高値,中度,140664267.5729372,105000000.0,True,30,要人手査定
32769,13123,東京都江戸川区西一之江,中古マンション等,80,38.0,16.0,21000000,0.3396587759135048,0.6603412240864952,-33.96587759135048,安値,中度,26413648.96345981,40000000.0,True,30,要人手査定
26307,13118,東京都荒川区西尾久,中古マンション等,40,45.0,5.0,17000000,0.33961046586584587,0.6603895341341541,-33.96104658658459,安値,中度,15519154.052152622,23500000.0,True,30,要人手査定
26572,13118,東京都荒川区西日暮里,中古マンション等,55,17.0,2.0,90000000,0.3395374133561364,1.3395374133561364,33.95374133561364,高値,中度,77693169.97465591,58000000.0,True,30,要人手査定
37534,13212,東京都日野市多摩平,中古マンション等,75,2.0,10.0,58000000,0.3395223072520281,1.3395223072520281,33.95223072520281,高値,中度,61618026.13359329,46000000.0,True,30,要人手査定
36994,13209,東京都町田市能ヶ谷,中古マンション等,65,27.0,2.0,28000000,0.3395153491821723,0.6604846508178277,-33.95153491821723,安値,中度,26089143.707304195,39500000.0,True,30,要人手査定
24190,13116,東京都豊島区南池袋,中古マンション等,85,11.0,1.0,240000000,0.3394978624432087,1.3394978624432088,33.94978624432087,高値,中度,241109615.23977757,180000000.0,True,30,要人手査定
10125,13107,東京都墨田区両国,中古マンション等,50,17.0,5.0,71000000,0.33942560690597556,1.3394256069059756,33.94256069059756,高値,中度,66301567.54184579,49500000.0,True,30,要人手査定
18646,13112,東京都世田谷区代田,中古マンション等,15,42.0,9.0,6800000,0.33939953935454353,0.6606004606454564,-33.939953935454355,安値,中度,7266605.067100021,11000000.0,True,30,要人手査定
21500,13113,東京都渋谷区神宮前,中古マンション等,60,13.0,7.0,230000000,0.33937991055236255,1.3393799105523625,33.93799105523625,高値,中度,174119388.37180713,130000000.0,True,30,要人手査定
10812,13108,東京都江東区亀戸,中古マンション等,65,19.0,12.0,39000000,0.3393780047382621,0.6606219952617379,-33.93780047382621,安値,中度,41949496.69912036,63500000.0,True,30,要人手査定
19224,13112,東京都世田谷区駒沢,中古マンション等,80,7.0,8.0,160000000,0.33934614383234546,1.3393461438323455,33.934614383234546,高値,中度,147328075.821558,110000000.0,True,30,要人手査定
11333,13108,東京都江東区豊洲,中古マンション等,65,46.0,9.0,58000000,0.3392956761326641,1.339295676132664,33.92956761326641,高値,中度,53571827.04530656,40000000.0,True,30,要人手査定
36229,13208,東京都調布市布田,中古マンション等,35,49.0,7.0,11000000,0.3392674554716036,0.6607325445283964,-33.92674554716036,安値,中度,10902086.98471854,16500000.0,True,30,要人手査定
26573,13118,東京都荒川区西日暮里,中古マンション等,55,47.0,10.0,38000000,0.3392421756980832,1.3392421756980832,33.92421756980832,高値,中度,34820296.56815016,26000000.0,True,30,要人手査定
13434,13109,東京都品川区西五反田,中古マンション等,45,3.0,9.0,110000000,0.33918058795119066,1.3391805879511907,33.918058795119066,高値,中度,111151988.79994883,83000000.0,True,30,要人手査定
35794,13206,東京都府中市是政,中古マンション等,60,29.0,2.0,13000000,0.3391574182300965,0.6608425817699035,-33.91574182300965,安値,中度,24120754.23460148,36500000.0,True,30,要人手査定
34681,13203,東京都武蔵野市吉祥寺本町,中古マンション等,25,42.0,3.0,12000000,0.33910801985385364,0.6608919801461464,-33.91080198538536,安値,中度,15861407.523507513,24000000.0,True,30,要人手査定
37201,13210,東京都小金井市緑町,中古マンション等,70,43.0,13.0,25000000,0.33910405433298596,0.660895945667014,-33.91040543329859,安値,中度,25114045.935346533,38000000.0,True,30,要人手査定
6190,13104,東京都新宿区筑土八幡町,中古マンション等,30,4.0,11.0,74000000,0.33902221021509066,1.3390222102150906,33.902221021509064,高値,中度,48874310.67285081,36500000.0,True,30,要人手査定
18374,13112,東京都世田谷区北沢,中古マンション等,35,56.0,4.0,35000000,0.3389978664378881,1.338997866437888,33.89978664378881,高値,中度,32805447.72772826,24500000.0,True,30,要人手査定
37032,13209,東京都町田市鶴川,中古マンション等,65,23.0,20.0,22000000,0.3389343020924067,0.6610656979075933,-33.89343020924067,安値,中度,19501438.088274002,29500000.0,True,30,要人手査定
24024,13115,東京都杉並区方南,中古マンション等,30,54.0,3.0,24000000,0.33892950229468427,1.3389295022946843,33.892950229468426,高値,中度,24100731.041304316,18000000.0,True,30,要人手査定
38025,13214,東京都国分寺市西町,中古マンション等,60,7.0,22.0,53000000,0.3389283129680612,0.6610716870319389,-33.89283129680612,安値,中度,36358942.786756635,55000000.0,True,30,要人手査定
12103,13108,東京都江東区門前仲町,中古マンション等,90,22.0,2.0,150000000,0.3389202048149464,1.3389202048149464,33.89202048149464,高値,中度,140586621.50556937,105000000.0,True,30,要人手査定
13179,13109,東京都品川区西大井,中古マンション等,40,29.0,12.0,40000000,0.33887233265439204,0.661127667345608,-33.88723326543921,安値,中度,37353713.20502685,56500000.0,True,30,要人手査定
38920,13224,東京都多摩市貝取,中古マンション等,80,19.0,15.0,30000000,0.338827342586733,0.6611726574132669,-33.8827342586733,安値,中度,27769251.611357212,42000000.0,True,30,要人手査定
2780,13103,東京都港区浜松町,中古マンション等,105,2.0,2.0,700000000,0.3387336353657562,1.3387336353657562,33.87336353657562,高値,中度,655979481.3292205,490000000.0,True,30,要人手査定
21490,13113,東京都渋谷区松濤,中古マンション等,60,56.0,4.0,75000000,0.33871044234058856,1.3387104423405887,33.87104423405886,高値,中度,66935522.11702943,50000000.0,True,30,要人手査定
13418,13109,東京都品川区西五反田,中古マンション等,45,9.0,10.0,97000000,0.33867558740317205,1.338675587403172,33.86755874031721,高値,中度,97053980.08672997,72500000.0,True,30,要人手査定
25045,13116,東京都豊島区高田,中古マンション等,50,46.0,2.0,52000000,0.3386066880312795,1.3386066880312795,33.86066880312795,高値,中度,50867054.14518862,38000000.0,True,30,要人手査定
36431,13208,東京都調布市多摩川,中古マンション等,55,47.0,3.0,9000000,0.33858556066285334,0.6614144393371467,-33.85855606628533,安値,中度,17196775.422765814,26000000.0,True,30,要人手査定
14131,13109,東京都品川区南大井,中古マンション等,60,47.0,5.0,34000000,0.33856617462469274,0.6614338253753073,-33.85661746246927,安値,中度,31748823.61801475,48000000.0,True,30,要人手査定
4391,13103,東京都港区西麻布,中古マンション等,140,26.0,8.0,670000000,0.338543814055425,1.338543814055425,33.8543814055425,高値,中度,582266559.1141099,435000000.0,True,30,要人手査定
37583,13212,東京都日野市百草,中古マンション等,70,19.0,7.0,35000000,0.33853141078254134,0.6614685892174587,-33.85314107825413,安値,中度,24805072.0956547,37500000.0,True,30,要人手査定
18986,13112,東京都世田谷区下馬,中古マンション等,90,20.0,8.0,230000000,0.33843665566823566,1.3384366556682357,33.84366556682357,高値,中度,147228032.12350592,110000000.0,True,30,要人手査定
6100,13104,東京都新宿区新宿,中古マンション等,20,43.0,5.0,28000000,0.33838130040182196,1.338381300401822,33.83813004018219,高値,中度,22083291.456630062,16500000.0,True,30,要人手査定
10608,13108,東京都江東区大島,中古マンション等,60,26.0,7.0,52000000,0.3383685461752886,0.6616314538247114,-33.836854617528864,安値,中度,44660123.13316802,67500000.0,True,30,要人手査定
21799,13114,東京都中野区沼袋,中古マンション等,20,38.0,2.0,6700000,0.33825834199200716,0.6617416580079929,-33.82583419920071,安値,中度,10256995.69912389,15500000.0,True,30,要人手査定
1226,13102,東京都中央区勝どき,中古マンション等,105,3.0,1.0,350000000,0.33823895992925873,1.3382389599292588,33.82389599292587,高値,中度,408162882.7784239,305000000.0,True,30,要人手査定
12222,13108,東京都江東区大島,中古マンション等,45,46.0,3.0,24000000,0.3382128239725174,0.6617871760274826,-33.82128239725174,安値,中度,23824338.336989373,36000000.0,True,30,要人手査定
6469,13104,東京都新宿区四谷,中古マンション等,35,42.0,5.0,37000000,0.3381428414274351,1.3381428414274352,33.81428414274351,高値,中度,36798928.139254466,27500000.0,True,30,要人手査定
8298,13106,東京都台東区池之端,中古マンション等,60,12.0,4.0,110000000,0.3380749353027327,1.3380749353027326,33.80749353027327,高値,中度,117081556.83898911,87500000.0,True,30,要人手査定
20712,13113,東京都渋谷区元代々木町,中古マンション等,15,42.0,3.0,13000000,0.33805895742649095,0.661941042573509,-33.80589574264909,安値,中度,14562702.9366172,22000000.0,True,30,要人手査定
30352,13121,東京都足立区西竹の塚,中古マンション等,100,21.0,3.0,70000000,0.33802750625167965,0.6619724937483203,-33.80275062516797,安値,中度,47000047.056130745,71000000.0,True,30,要人手査定
37484,13211,東京都小平市上水南町,中古マンション等,65,28.0,26.0,40000000,0.3380150641344576,1.3380150641344577,33.80150641344576,高値,中度,39471444.3919665,29500000.0,True,30,要人手査定
35991,13207,東京都昭島市大神町,中古マンション等,60,32.0,20.0,14000000,0.33798584804114407,0.6620141519588559,-33.798584804114405,安値,中度,13902297.191135975,21000000.0,True,30,要人手査定
24572,13116,東京都豊島区要町,中古マンション等,40,54.0,3.0,19000000,0.33795776540783756,0.6620422345921625,-33.795776540783756,安値,中度,19861267.037764873,30000000.0,True,30,要人手査定
30445,13121,東京都足立区扇,中古マンション等,70,10.0,7.0,48000000,0.33792270855186063,0.6620772914481393,-33.79227085518606,安値,中度,42372946.65268092,64000000.0,True,30,要人手査定
13624,13109,東京都品川区南品川,中古マンション等,75,43.0,7.0,80000000,0.3379201456092725,1.3379201456092724,33.79201456092725,高値,中度,80275208.73655635,60000000.0,True,30,要人手査定
33490,13201,東京都八王子市暁町,中古マンション等,80,35.0,5.0,15000000,0.3378352683509443,0.6621647316490556,-33.78352683509443,安値,中度,15891953.559577337,24000000.0,True,30,要人手査定
38184,13215,東京都国立市中,中古マンション等,45,42.0,4.0,28000000,0.33783470486552947,0.6621652951344705,-33.78347048655294,安値,中度,18209545.61619794,27500000.0,True,30,要人手査定
23967,13115,東京都杉並区西荻北,中古マンション等,80,25.0,11.0,86000000,0.3377844682630774,1.3377844682630775,33.77844682630774,高値,中度,94313805.01254696,70500000.0,True,30,要人手査定
16085,13111,東京都大田区下丸子,中古マンション等,95,44.0,14.0,57000000,0.3377674641964845,1.3377674641964845,33.776746419648454,高値,中度,61537303.35303829,46000000.0,True,30,要人手査定
9053,13107,東京都墨田区墨田,中古マンション等,55,36.0,10.0,31000000,0.3377547092712232,0.6622452907287768,-33.77547092712232,安値,中度,30132160.728159346,45500000.0,True,30,要人手査定
19487,13112,東京都世田谷区三軒茶屋,中古マンション等,40,45.0,6.0,29000000,0.3377231993006195,0.6622768006993804,-33.77231993006195,安値,中度,27153348.8286746,41000000.0,True,30,要人手査定
35905,13206,東京都府中市宮西町,中古マンション等,15,39.0,3.0,7000000,0.3376475194292084,0.6623524805707915,-33.76475194292084,安値,中度,10266463.44884727,15500000.0,True,30,要人手査定
19994,13112,東京都世田谷区喜多見,中古マンション等,25,8.0,11.0,25000000,0.33762168877038923,0.6623783112296108,-33.762168877038924,安値,中度,27157510.76041404,41000000.0,True,30,要人手査定
19186,13112,東京都世田谷区奥沢,中古マンション等,55,58.0,3.0,57000000,0.33756703548441847,1.3375670354844185,33.75670354844185,高値,中度,57515382.52582999,43000000.0,True,30,要人手査定
10836,13108,東京都江東区亀戸,中古マンション等,60,30.0,4.0,48000000,0.3375650911628547,0.6624349088371453,-33.75650911628547,安値,中度,42395834.1655773,64000000.0,True,30,要人手査定
25629,13117,東京都北区赤羽,中古マンション等,55,6.0,9.0,87000000,0.3375604646818824,1.3375604646818824,33.75604646818824,高値,中度,83597529.04261765,62500000.0,True,30,要人手査定
14370,13109,東京都品川区北品川,中古マンション等,65,8.0,6.0,140000000,0.33754940840706726,1.3375494084070672,33.75494084070672,高値,中度,132417391.43229966,99000000.0,True,30,要人手査定
28736,13120,東京都練馬区大泉学園町,中古マンション等,65,30.0,5.0,28000000,0.33752359407111476,0.6624764059288852,-33.75235940711148,安値,中度,30805152.875693165,46500000.0,True,30,要人手査定
20008,13112,東京都世田谷区砧,中古マンション等,80,9.0,18.0,110000000,0.3375068324413084,1.3375068324413084,33.75068324413084,高値,中度,106331793.17908402,79500000.0,True,30,要人手査定
27146,13119,東京都板橋区南町,中古マンション等,55,39.0,13.0,26000000,0.337487953993217,1.337487953993217,33.7487953993217,高値,中度,35443430.78082025,26500000.0,True,30,要人手査定
15731,13110,東京都目黒区中央町,中古マンション等,65,21.0,9.0,140000000,0.33747630309382215,1.3374763030938221,33.74763030938222,高値,中度,147122393.34032044,110000000.0,True,30,要人手査定
13590,13109,東京都品川区東五反田,中古マンション等,45,11.0,9.0,80000000,0.33734888446394173,1.3373488844639416,33.73488844639417,高値,中度,95620445.23917183,71500000.0,True,30,要人手査定
12761,13108,東京都江東区豊洲,中古マンション等,75,5.0,5.0,230000000,0.33734110311558374,1.3373411031155837,33.734110311558375,高値,中度,187227754.43618172,140000000.0,True,30,要人手査定
16298,13111,東京都大田区蒲田,中古マンション等,75,4.0,2.0,100000000,0.33732624994037047,1.3373262499403704,33.732624994037046,高値,中度,121028025.61960353,90500000.0,True,30,要人手査定
37508,13212,東京都日野市多摩平,中古マンション等,30,52.0,6.0,3800000,0.33732579326158074,0.6626742067384193,-33.732579326158074,安値,中度,5897800.439971931,8900000.0,True,30,要人手査定
18963,13112,東京都世田谷区北烏山,中古マンション等,55,43.0,24.0,32000000,0.3372997818667274,0.6627002181332726,-33.72997818667274,安値,中度,23857207.852797814,36000000.0,True,30,要人手査定
26498,13118,東京都荒川区東日暮里,中古マンション等,80,25.0,8.0,110000000,0.3372958940187564,1.3372958940187565,33.72958940187564,高値,中度,86924233.11121917,65000000.0,True,30,要人手査定
1418,13102,東京都中央区銀座,中古マンション等,30,22.0,3.0,65000000,0.3372697221222278,1.3372697221222278,33.726972212222776,高値,中度,51484884.30170577,38500000.0,True,30,要人手査定
7599,13105,東京都文京区本郷,中古マンション等,90,47.0,1.0,180000000,0.3372425894583817,1.3372425894583817,33.72425894583817,高値,中度,104304921.97775377,78000000.0,True,30,要人手査定
16488,13111,東京都大田区大森北,中古マンション等,85,21.0,3.0,140000000,0.3372381009239179,1.3372381009239178,33.723810092391794,高値,中度,105641809.97298951,79000000.0,True,30,要人手査定
18993,13112,東京都世田谷区代沢,中古マンション等,35,8.0,5.0,62000000,0.3371441152661642,1.3371441152661643,33.71441152661642,高値,中度,64851489.590408966,48500000.0,True,30,要人手査定
38942,13224,東京都多摩市愛宕,中古マンション等,60,4.0,6.0,44000000,0.33711313365415946,0.6628868663458406,-33.71131336541595,安値,中度,40104655.41392335,60500000.0,True,30,要人手査定
8062,13106,東京都台東区橋場,中古マンション等,85,26.0,23.0,60000000,0.33709636729112513,1.3370963672911251,33.70963672911251,高値,中度,61506432.895391755,46000000.0,True,30,要人手査定
34637,13202,東京都立川市錦町,中古マンション等,55,30.0,14.0,38000000,0.3370617800923577,1.3370617800923577,33.70617800923577,高値,中度,34095075.39235512,25500000.0,True,30,要人手査定
3886,13103,東京都港区芝浦,中古マンション等,45,45.0,8.0,40000000,0.337026573809014,0.662973426190986,-33.7026573809014,安値,中度,39115432.14526817,59000000.0,True,30,要人手査定
8665,13106,東京都台東区台東,中古マンション等,55,23.0,4.0,85000000,0.33695167747582144,1.3369516774758214,33.69516774758215,高値,中度,90912714.06835586,68000000.0,True,30,要人手査定
28350,13119,東京都板橋区徳丸,中古マンション等,60,30.0,16.0,42000000,0.3369221412347722,1.3369221412347723,33.69221412347722,高値,中度,44786891.73136487,33500000.0,True,30,要人手査定
33701,13201,東京都八王子市明神町,中古マンション等,70,44.0,3.0,23000000,0.33682728129195505,1.336827281291955,33.6827281291955,高値,中度,24731304.703901168,18500000.0,True,30,要人手査定
18156,13112,東京都世田谷区南烏山,中古マンション等,70,17.0,8.0,73000000,0.33676212956831686,0.6632378704316831,-33.676212956831684,安値,中度,72956165.74748515,110000000.0,True,30,要人手査定
4561,13103,東京都港区六本木,中古マンション等,140,14.0,3.0,810000000,0.3366762606305156,1.3366762606305156,33.66762606305156,高値,中度,808689137.6814619,605000000.0,True,30,要人手査定
1632,13102,東京都中央区八丁堀,中古マンション等,35,22.0,10.0,43000000,0.33666576263465336,0.6633342373653466,-33.66657626346534,安値,中度,38141718.64850743,57500000.0,True,30,要人手査定
20863,13113,東京都渋谷区本町,中古マンション等,25,8.0,6.0,40000000,0.3366564925186852,0.6633435074813148,-33.665649251868516,安値,中度,34493862.38902837,52000000.0,True,30,要人手査定
23714,13115,東京都杉並区和泉,中古マンション等,35,40.0,5.0,35000000,0.33662668537991586,1.3366266853799158,33.662668537991586,高値,中度,33415667.134497896,25000000.0,True,30,要人手査定
7941,13106,東京都台東区千束,中古マンション等,20,38.0,7.0,8800000,0.336614490119367,0.6633855098806329,-33.6614490119367,安値,中度,10614168.158090128,16000000.0,True,30,要人手査定
38309,13218,東京都福生市武蔵野台,中古マンション等,55,36.0,5.0,19000000,0.33660405447526914,0.6633959455247309,-33.66040544752691,安値,中度,10282637.155633328,15500000.0,True,30,要人手査定
1485,13102,東京都中央区銀座,中古マンション等,25,19.0,2.0,41000000,0.3365657587263555,1.3365657587263555,33.65657587263555,高値,中度,41433538.52051702,31000000.0,True,30,要人手査定
25177,13116,東京都豊島区南池袋,中古マンション等,55,11.0,7.0,110000000,0.336551166549295,1.336551166549295,33.6551166549295,高値,中度,126304085.23890838,94500000.0,True,30,要人手査定
5302,13104,東京都新宿区西落合,中古マンション等,60,30.0,8.0,59000000,0.3365227470364073,0.6634772529635927,-33.65227470364073,安値,中度,53741657.49005101,81000000.0,True,30,要人手査定
34506,13202,東京都立川市高松町,中古マンション等,70,10.0,19.0,54000000,0.33645893882679084,1.336458938826791,33.64589388267908,高値,中度,58135963.8389654,43500000.0,True,30,要人手査定
25507,13117,東京都北区滝野川,中古マンション等,70,7.0,6.0,90000000,0.3364236378261863,1.3364236378261862,33.64236378261863,高値,中度,86199324.63978902,64500000.0,True,30,要人手査定
30428,13121,東京都足立区西新井,中古マンション等,65,31.0,10.0,23000000,0.33635725800460153,0.6636427419953985,-33.63572580046015,安値,中度,23227495.969838947,35000000.0,True,30,要人手査定
30757,13121,東京都足立区島根,中古マンション等,45,46.0,14.0,8500000,0.33634302187864196,0.663656978121358,-33.63430218786419,安値,中度,11613997.117123766,17500000.0,True,30,要人手査定
33703,13201,東京都八王子市明神町,中古マンション等,60,54.0,7.0,16000000,0.336339074651341,1.336339074651341,33.6339074651341,高値,中度,14031560.28383908,10500000.0,True,30,要人手査定
34269,13201,東京都八王子市明神町,中古マンション等,15,44.0,7.0,5000000,0.3363346069786035,1.3363346069786035,33.63346069786035,高値,中度,4677171.124425112,3500000.0,True,30,要人手査定
38485,13219,東京都狛江市岩戸北,中古マンション等,55,52.0,5.0,42000000,0.3362412218418351,1.3362412218418351,33.624122184183506,高値,中度,34742271.76788771,26000000.0,True,30,要人手査定
35851,13206,東京都府中市府中町,中古マンション等,75,26.0,7.0,50000000,0.3362283633370056,1.3362283633370056,33.62283633370056,高値,中度,52781020.35181172,39500000.0,True,30,要人手査定
37067,13209,東京都町田市原町田,中古マンション等,55,6.0,2.0,68000000,0.33608392419659,1.33608392419659,33.608392419659,高値,中度,60123776.58884655,45000000.0,True,30,要人手査定
35488,13206,東京都府中市寿町,中古マンション等,75,29.0,4.0,64000000,0.336045806634517,1.3360458066345169,33.6045806634517,高値,中度,54109855.16869794,40500000.0,True,30,要人手査定
1965,13102,東京都中央区明石町,中古マンション等,40,41.0,4.0,50000000,0.3360229189757264,1.3360229189757264,33.60229189757264,高値,中度,50100859.46158974,37500000.0,True,30,要人手査定
36217,13208,東京都調布市西つつじケ丘,中古マンション等,35,33.0,4.0,20000000,0.3360164857429278,0.6639835142570722,-33.60164857429278,安値,中度,16599587.856426805,25000000.0,True,30,要人手査定
31585,13122,東京都葛飾区青戸,中古マンション等,20,10.0,13.0,17000000,0.3360096410682992,0.6639903589317008,-33.60096410682992,安値,中度,17927739.69115592,27000000.0,True,30,要人手査定
37198,13210,東京都小金井市緑町,中古マンション等,45,54.0,12.0,13000000,0.3359916954237835,0.6640083045762165,-33.59916954237835,安値,中度,12948161.939236222,19500000.0,True,30,要人手査定
10779,13108,東京都江東区大島,中古マンション等,50,7.0,2.0,43000000,0.3357715858770448,0.6642284141229552,-33.57715858770448,安値,中度,57787872.0286971,87000000.0,True,30,要人手査定
7817,13106,東京都台東区台東,中古マンション等,45,3.0,10.0,77000000,0.3357379859742065,1.3357379859742065,33.57379859742065,高値,中度,68790506.27767164,51500000.0,True,30,要人手査定
13725,13109,東京都品川区南品川,中古マンション等,70,47.0,3.0,70000000,0.33572925227160205,1.335729252271602,33.572925227160205,高値,中度,63447139.4829011,47500000.0,True,30,要人手査定
4668,13104,東京都新宿区西早稲田,中古マンション等,35,32.0,9.0,40000000,0.3356761188414447,1.3356761188414448,33.56761188414447,高値,中度,38066769.386981174,28500000.0,True,30,要人手査定
10266,13108,東京都江東区森下,中古マンション等,35,34.0,3.0,26000000,0.3355179293552271,0.6644820706447728,-33.55179293552271,安値,中度,25914800.755146142,39000000.0,True,30,要人手査定
9391,13107,東京都墨田区堤通,中古マンション等,60,44.0,4.0,22000000,0.3354892260467299,0.6645107739532701,-33.548922604672995,安値,中度,28573963.279990613,43000000.0,True,30,要人手査定
15414,13110,東京都目黒区中目黒,中古マンション等,30,7.0,7.0,35000000,0.3354851738034734,0.6645148261965266,-33.54851738034734,安値,中度,39206374.74559507,59000000.0,True,30,要人手査定
23240,13115,東京都杉並区浜田山,中古マンション等,105,30.0,8.0,92000000,0.3354596959285982,1.3354596959285983,33.54596959285982,高値,中度,118188183.08968094,88500000.0,True,30,要人手査定
13101,13109,東京都品川区大井,中古マンション等,35,60.0,10.0,11000000,0.3353685644564594,0.6646314355435406,-33.53685644564594,安値,中度,19938943.06630622,30000000.0,True,30,要人手査定
29950,13120,東京都練馬区中村北,中古マンション等,30,23.0,6.0,22000000,0.33536628409319175,1.3353662840931917,33.53662840931918,高値,中度,28042691.965957027,21000000.0,True,30,要人手査定
29961,13120,東京都練馬区中村北,中古マンション等,55,23.0,7.0,60000000,0.33536014395202635,1.3353601439520264,33.536014395202635,高値,中度,62094246.693769224,46500000.0,True,30,要人手査定
39331,13225,東京都稲城市若葉台,中古マンション等,80,27.0,18.0,40000000,0.335358923064559,1.335358923064559,33.5358923064559,高値,中度,42063806.07653361,31500000.0,True,30,要人手査定
18987,13112,東京都世田谷区下馬,中古マンション等,95,20.0,8.0,160000000,0.33533205788143106,1.335332057881431,33.53320578814311,高値,中度,160239846.94577172,120000000.0,True,30,要人手査定
24870,13116,東京都豊島区南長崎,中古マンション等,15,43.0,7.0,9300000,0.3353044274697726,0.6646955725302274,-33.530442746977265,安値,中度,8641042.442892956,13000000.0,True,30,要人手査定
4582,13104,東京都新宿区北新宿,中古マンション等,60,22.0,9.0,74000000,0.33530178056637516,0.6646982194336248,-33.53017805663752,安値,中度,69793313.0405306,105000000.0,True,30,要人手査定
29099,13120,東京都練馬区向山,中古マンション等,50,52.0,7.0,14000000,0.33529600918489055,0.6647039908151094,-33.52960091848905,安値,中度,16285247.774970181,24500000.0,True,30,要人手査定
21449,13113,東京都渋谷区笹塚,中古マンション等,20,4.0,7.0,36000000,0.3352800209866878,0.6647199790133121,-33.52800209866878,安値,中度,35894878.86671886,54000000.0,True,30,要人手査定
14440,13109,東京都品川区西大井,中古マンション等,50,31.0,9.0,36000000,0.3352594675910553,0.6647405324089447,-33.52594675910553,安値,中度,40881542.7431501,61500000.0,True,30,要人手査定
37383,13211,東京都小平市花小金井,中古マンション等,50,40.0,16.0,11000000,0.33525946651209926,0.6647405334879007,-33.52594665120993,安値,中度,13627180.936501965,20500000.0,True,30,要人手査定
39029,13224,東京都多摩市鶴牧,中古マンション等,80,43.0,13.0,24000000,0.3352429801104665,1.3352429801104664,33.524298011046646,高値,中度,22699130.66187793,17000000.0,True,30,要人手査定
13469,13109,東京都品川区東五反田,中古マンション等,100,49.0,7.0,98000000,0.3352238994324537,1.3352238994324537,33.522389943245365,高値,中度,108153135.85402875,81000000.0,True,30,要人手査定
9809,13107,東京都墨田区立花,中古マンション等,70,36.0,5.0,37000000,0.33522091910637086,0.6647790808936291,-33.52209191063709,安値,中度,35898070.36825597,54000000.0,True,30,要人手査定
38023,13214,東京都国分寺市西町,中古マンション等,55,7.0,22.0,45000000,0.33521981786554406,0.664780182134456,-33.521981786554406,安値,中度,35898129.83526062,54000000.0,True,30,要人手査定
8756,13106,東京都台東区東上野,中古マンション等,55,5.0,3.0,110000000,0.3351903822714704,1.3351903822714704,33.51903822714704,高値,中度,110820801.72853205,83000000.0,True,30,要人手査定
28791,13120,東京都練馬区関町南,中古マンション等,50,44.0,11.0,25000000,0.3351630683971306,0.6648369316028694,-33.51630683971306,安値,中度,20277526.413887516,30500000.0,True,30,要人手査定
39195,13225,東京都稲城市平尾,中古マンション等,70,23.0,12.0,30000000,0.3351595381358723,0.6648404618641277,-33.51595381358723,安値,中度,24266676.85804066,36500000.0,True,30,要人手査定
382,13101,東京都千代田区岩本町,中古マンション等,20,23.0,10.0,31000000,0.33512700247850025,0.6648729975214998,-33.51270024785003,安値,中度,27592229.39714224,41500000.0,True,30,要人手査定
10494,13108,東京都江東区有明,中古マンション等,65,17.0,11.0,92000000,0.33507656163108623,1.3350765616310862,33.50765616310862,高値,中度,93455359.31417604,70000000.0,True,30,要人手査定
17911,13111,東京都大田区東雪谷,中古マンション等,65,42.0,1.0,70000000,0.33502103298854846,1.3350210329885484,33.50210329885485,高値,中度,58740925.45149613,44000000.0,True,30,要人手査定
34576,13202,東京都立川市上砂町,中古マンション等,70,37.0,9.0,25000000,0.3350073921103337,0.6649926078896663,-33.50073921103337,安値,中度,20614770.844579656,31000000.0,True,30,要人手査定
34580,13202,東京都立川市上砂町,中古マンション等,70,37.0,9.0,22000000,0.3350073921103337,0.6649926078896663,-33.50073921103337,安値,中度,20614770.844579656,31000000.0,True,30,要人手査定
13634,13109,東京都品川区北品川,中古マンション等,55,42.0,2.0,60000000,0.3349839555178707,1.3349839555178706,33.49839555178707,高値,中度,60741769.97606312,45500000.0,True,30,要人手査定
33742,13201,東京都八王子市明神町,中古マンション等,80,45.0,1.0,20000000,0.3348937928415767,1.3348937928415767,33.48937928415767,高値,中度,22693194.478306804,17000000.0,True,30,要人手査定
23488,13115,東京都杉並区高円寺南,中古マンション等,75,26.0,11.0,82000000,0.33481369270665934,1.3348136927066594,33.48136927066594,高値,中度,84760669.48687287,63500000.0,True,30,要人手査定
24484,13116,東京都豊島区池袋,中古マンション等,20,39.0,9.0,9000000,0.3347743727357093,0.6652256272642907,-33.47743727357093,安値,中度,9978384.40896436,15000000.0,True,30,要人手査定
35502,13206,東京都府中市住吉町,中古マンション等,105,19.0,4.0,61000000,0.33475816325236496,1.334758163252365,33.475816325236494,高値,中度,60731496.427982606,45500000.0,True,30,要人手査定
34452,13202,東京都立川市錦町,中古マンション等,65,30.0,6.0,49000000,0.3347534073933512,1.3347534073933511,33.47534073933512,高値,中度,46048992.55507062,34500000.0,True,30,要人手査定
25602,13117,東京都北区滝野川,中古マンション等,80,34.0,4.0,59000000,0.33472223488855996,1.33472223488856,33.472223488855995,高値,中度,75411806.27120364,56500000.0,True,30,要人手査定
15330,13110,東京都目黒区中目黒,中古マンション等,40,27.0,4.0,63000000,0.3346921967091446,1.3346921967091445,33.469219670914455,高値,中度,81416223.99925782,61000000.0,True,30,要人手査定
5193,13104,東京都新宿区新小川町,中古マンション等,40,21.0,9.0,74000000,0.3346911537317131,1.3346911537317132,33.46911537317131,高値,中度,70071285.57091494,52500000.0,True,30,要人手査定
20546,13113,東京都渋谷区幡ケ谷,中古マンション等,40,37.0,8.0,27000000,0.3346430804081802,0.6653569195918199,-33.46430804081802,安値,中度,33933202.89918281,51000000.0,True,30,要人手査定
33264,13123,東京都江戸川区西葛西,中古マンション等,60,50.0,3.0,38000000,0.3346414162584379,1.334641416258438,33.464141625843794,高値,中度,40039242.48775314,30000000.0,True,30,要人手査定
19435,13112,東京都世田谷区池尻,中古マンション等,50,54.0,10.0,60000000,0.3345239429332308,1.3345239429332307,33.45239429332308,高値,中度,50044647.859996155,37500000.0,True,30,要人手査定
23316,13115,東京都杉並区方南,中古マンション等,40,51.0,4.0,24000000,0.33451729825504345,1.3345172982550435,33.451729825504344,高値,中度,26690345.96510087,20000000.0,True,30,要人手査定
14126,13109,東京都品川区南大井,中古マンション等,40,48.0,4.0,20000000,0.3344650105510942,0.6655349894489059,-33.446501055109415,安値,中度,23293724.630711704,35000000.0,True,30,要人手査定
23178,13115,東京都杉並区上高井戸,中古マンション等,25,26.0,7.0,18000000,0.3343382852261082,0.6656617147738918,-33.43382852261082,安値,中度,17640035.441508133,26500000.0,True,30,要人手査定
5107,13104,東京都新宿区西落合,中古マンション等,55,31.0,7.0,44000000,0.3343189478971598,0.6656810521028402,-33.43189478971598,安値,中度,45599152.06904455,68500000.0,True,30,要人手査定
7843,13106,東京都台東区東上野,中古マンション等,45,37.0,7.0,46000000,0.3342821985538014,1.3342821985538014,33.42821985538014,高値,中度,46032735.85010615,34500000.0,True,30,要人手査定
8826,13106,東京都台東区元浅草,中古マンション等,35,32.0,5.0,52000000,0.33428145937543857,1.3342814593754386,33.42814593754386,高値,中度,40028443.78126316,30000000.0,True,30,要人手査定
14355,13109,東京都品川区北品川,中古マンション等,40,11.0,6.0,130000000,0.3342616901697351,1.334261690169735,33.42616901697351,高値,中度,86727009.86103278,65000000.0,True,30,要人手査定
24831,13116,東京都豊島区東池袋,中古マンション等,60,25.0,10.0,120000000,0.3342248506244073,1.3342248506244074,33.422485062440735,高値,中度,100066863.79683055,75000000.0,True,30,要人手査定
31082,13121,東京都足立区綾瀬,中古マンション等,60,26.0,8.0,45000000,0.33421543798412995,1.33421543798413,33.421543798413,高値,中度,48698863.48642074,36500000.0,True,30,要人手査定
18366,13112,東京都世田谷区上祖師谷,中古マンション等,60,31.0,11.0,40000000,0.33420917444282866,0.6657908255571713,-33.420917444282864,安値,中度,40280344.946208864,60500000.0,True,30,要人手査定
27290,13119,東京都板橋区富士見町,中古マンション等,35,10.0,7.0,33000000,0.33418922638677867,1.3341892263867787,33.41892263867787,高値,中度,33354730.659669466,25000000.0,True,30,要人手査定
45,13101,東京都千代田区平河町,中古マンション等,160,17.0,1.0,750000000,0.3341326423174158,1.3341326423174158,33.41326423174158,高値,中度,473617088.0226826,355000000.0,True,30,要人手査定
33951,13201,東京都八王子市八日町,中古マンション等,65,25.0,9.0,44000000,0.3341175825367137,1.3341175825367138,33.41175825367137,高値,中度,34687057.14595456,26000000.0,True,30,要人手査定
34745,13203,東京都武蔵野市緑町,中古マンション等,80,25.0,19.0,65000000,0.33405189574217914,0.6659481042578209,-33.405189574217914,安値,中度,51610978.07998112,77500000.0,True,30,要人手査定
24417,13116,東京都豊島区長崎,中古マンション等,20,20.0,8.0,18000000,0.33403151684245913,0.6659684831575409,-33.40315168424591,安値,中度,16316227.83735975,24500000.0,True,30,要人手査定
10619,13108,東京都江東区亀戸,中古マンション等,60,31.0,5.0,41000000,0.3340200767317008,0.6659799232682992,-33.40200767317008,安値,中度,43954674.93570775,66000000.0,True,30,要人手査定
32605,13123,東京都江戸川区北小岩,中古マンション等,60,47.0,1.0,21000000,0.3339480858044401,0.6660519141955599,-33.39480858044401,安値,中度,21313661.254257917,32000000.0,True,30,要人手査定
23768,13115,東京都杉並区荻窪,中古マンション等,55,39.0,8.0,70000000,0.3339436083846638,1.3339436083846639,33.39436083846638,高値,中度,61361405.985694535,46000000.0,True,30,要人手査定
8868,13106,東京都台東区竜泉,中古マンション等,60,12.0,6.0,83000000,0.3339434825568403,0.6660565174431597,-33.39434825568403,安値,中度,62609312.63965701,94000000.0,True,30,要人手査定
35916,13206,東京都府中市宮町,中古マンション等,35,26.0,3.0,32000000,0.3339178745977476,1.3339178745977476,33.39178745977476,高値,中度,32680987.927644815,24500000.0,True,30,要人手査定
25110,13116,東京都豊島区西巣鴨,中古マンション等,55,41.0,0.0,60000000,0.33389588376283896,1.333895883762839,33.389588376283896,高値,中度,59358366.827446334,44500000.0,True,30,要人手査定
34557,13202,東京都立川市曙町,中古マンション等,70,8.0,9.0,65000000,0.33386421672080374,1.3338642167208037,33.386421672080374,高値,中度,72028667.7029234,54000000.0,True,30,要人手査定
13232,13109,東京都品川区上大崎,中古マンション等,45,54.0,9.0,46000000,0.3338516176758012,1.3338516176758013,33.385161767580115,高値,中度,45350955.00097724,34000000.0,True,30,要人手査定
20,13101,東京都千代田区岩本町,中古マンション等,30,23.0,7.0,23000000,0.3337835085151942,0.6662164914848058,-33.37835085151942,安値,中度,29979742.11681626,45000000.0,True,30,要人手査定
20344,13112,東京都世田谷区船橋,中古マンション等,35,48.0,19.0,14000000,0.3337812066617538,0.6662187933382462,-33.378120666175384,安値,中度,16655469.833456155,25000000.0,True,30,要人手査定
11213,13108,東京都江東区大島,中古マンション等,80,18.0,8.0,66000000,0.33377447786982595,0.666225522130174,-33.37744778698259,安値,中度,66622552.213017404,100000000.0,True,30,要人手査定
34724,13203,東京都武蔵野市御殿山,中古マンション等,55,40.0,6.0,51000000,0.33376804425677253,1.3337680442567725,33.37680442567725,高値,中度,52016953.72601413,39000000.0,True,30,要人手査定
22898,13115,東京都杉並区南荻窪,中古マンション等,15,41.0,6.0,7500000,0.33376711866589326,0.6662328813341067,-33.376711866589325,安値,中度,7661678.135342227,11500000.0,True,30,要人手査定
26077,13117,東京都北区滝野川,中古マンション等,45,51.0,10.0,31000000,0.33361598103306844,1.3336159810330683,33.36159810330685,高値,中度,34674015.50685978,26000000.0,True,30,要人手査定
7261,13105,東京都文京区湯島,中古マンション等,55,8.0,6.0,150000000,0.3335983882558297,1.3335983882558298,33.35983882558297,高値,中度,122024252.52540842,91500000.0,True,30,要人手査定
16351,13111,東京都大田区仲六郷,中古マンション等,75,25.0,4.0,50000000,0.33357249906591513,0.6664275009340849,-33.35724990659151,安値,中度,49982062.570056364,75000000.0,True,30,要人手査定
39179,13224,東京都多摩市馬引沢,中古マンション等,60,30.0,18.0,23000000,0.3335358899756424,1.3335358899756424,33.35358899756424,高値,中度,22003342.1845981,16500000.0,True,30,要人手査定
30474,13121,東京都足立区新田,中古マンション等,80,15.0,20.0,50000000,0.3335267946527411,1.3335267946527412,33.35267946527411,高値,中度,49340491.40215142,37000000.0,True,30,要人手査定
26274,13118,東京都荒川区東尾久,中古マンション等,55,39.0,7.0,27000000,0.33352023767030664,0.6664797623296934,-33.352023767030666,安値,中度,23993271.44386896,36000000.0,True,30,要人手査定
32429,13122,東京都葛飾区堀切,中古マンション等,50,26.0,10.0,30000000,0.33351560857645296,1.333515608576453,33.351560857645296,高値,中度,40005468.25729359,30000000.0,True,30,要人手査定
7632,13105,東京都文京区本駒込,中古マンション等,15,36.0,10.0,14000000,0.33351118246436073,0.6664888175356393,-33.35111824643607,安値,中度,13996265.168248424,21000000.0,True,30,要人手査定
33757,13201,東京都八王子市鹿島,中古マンション等,55,50.0,15.0,7400000,0.33348496897604546,0.6665150310239546,-33.34849689760455,安値,中度,8664695.403311409,13000000.0,True,30,要人手査定
20606,13113,東京都渋谷区西原,中古マンション等,15,43.0,4.0,11000000,0.33341996623239867,0.6665800337676013,-33.341996623239865,安値,中度,10998570.557165422,16500000.0,True,30,要人手査定
6135,13104,東京都新宿区新宿,中古マンション等,30,62.0,4.0,14000000,0.3333770817254853,0.6666229182745147,-33.33770817254853,安値,中度,14665704.202039324,22000000.0,True,30,要人手査定
18424,13112,東京都世田谷区代田,中古マンション等,25,43.0,6.0,14000000,0.333368007295831,1.333368007295831,33.336800729583096,高値,中度,14000364.076606225,10500000.0,True,30,要人手査定
3846,13103,東京都港区赤坂,中古マンション等,120,48.0,7.0,240000000,0.3333385128495786,1.3333385128495785,33.33385128495786,高値,中度,240000932.31292415,180000000.0,True,30,要人手査定
13579,13109,東京都品川区旗の台,中古マンション等,45,56.0,2.0,25000000,0.33332821539146784,0.6666717846085322,-33.332821539146785,安値,中度,26333535.49203702,39500000.0,True,30,要人手査定
36266,13208,東京都調布市染地,中古マンション等,40,55.0,19.0,9000000,0.33332483586329725,0.6666751641367028,-33.33248358632972,安値,中度,8666777.133777136,13000000.0,True,30,要人手査定
34183,13201,東京都八王子市東中野,中古マンション等,75,26.0,3.0,35000000,0.33331163230601724,1.3333116323060172,33.331163230601724,高値,中度,41332660.601486534,31000000.0,True,30,要人手査定
34572,13202,東京都立川市上砂町,中古マンション等,45,38.0,3.0,20000000,0.33325464290977125,0.6667453570902288,-33.32546429097712,安値,中度,14001652.498894803,21000000.0,True,30,要人手査定
35204,13204,東京都三鷹市新川,中古マンション等,50,29.0,5.0,37000000,0.33321569289747033,0.6667843071025297,-33.32156928974703,安値,中度,38673489.81194672,58000000.0,True,30,要人手査定
14091,13109,東京都品川区南大井,中古マンション等,40,53.0,11.0,22000000,0.33315659222491945,0.6668434077750806,-33.315659222491945,安値,中度,22005832.45657766,33000000.0,True,30,要人手査定
32345,13122,東京都葛飾区新宿,中古マンション等,75,5.0,10.0,79000000,0.3331470512694145,1.3331470512694146,33.314705126941455,高値,中度,80655396.60179958,60500000.0,True,30,要人手査定
5892,13104,東京都新宿区市谷薬王寺町,中古マンション等,80,33.0,5.0,130000000,0.33313255727757607,1.333132557277576,33.31325572775761,高値,中度,116649098.7617879,87500000.0,True,30,要人手査定
15246,13110,東京都目黒区柿の木坂,中古マンション等,45,48.0,12.0,29000000,0.333112375983072,0.666887624016928,-33.311237598307194,安値,中度,29009611.64473637,43500000.0,True,30,要人手査定
34501,13202,東京都立川市幸町,中古マンション等,50,60.0,7.0,9200000,0.3331104455932995,0.6668895544067005,-33.31104455932995,安値,中度,6202072.855982315,9300000.0,True,30,要人手査定
21365,13113,東京都渋谷区上原,中古マンション等,70,5.0,2.0,170000000,0.3330674007274935,0.6669325992725065,-33.30674007274935,安値,中度,143390508.8435889,215000000.0,True,30,要人手査定
7699,13105,東京都文京区湯島,中古マンション等,50,1.0,0.0,140000000,0.3330374312305513,1.3330374312305513,33.30374312305513,高値,中度,139968930.2792079,105000000.0,True,30,要人手査定
19548,13112,東京都世田谷区三宿,中古マンション等,35,16.0,9.0,58000000,0.3330200282345714,1.3330200282345714,33.30200282345714,高値,中度,52654291.11526557,39500000.0,True,30,要人手査定
17318,13111,東京都大田区大森本町,中古マンション等,55,48.0,3.0,45000000,0.33292310939634273,1.3329231093963427,33.29231093963428,高値,中度,46652308.828871995,35000000.0,True,30,要人手査定
3705,13103,東京都港区元赤坂,中古マンション等,35,50.0,5.0,41000000,0.3328906657311092,0.6671093342688907,-33.28906657311092,安値,中度,21681053.36373895,32500000.0,True,30,要人手査定
14771,13109,東京都品川区南大井,中古マンション等,25,2.0,7.0,45000000,0.3328860467641087,1.3328860467641088,33.28860467641087,高値,中度,43985239.54321559,33000000.0,True,30,要人手査定
38268,13215,東京都国立市東,中古マンション等,75,27.0,3.0,79000000,0.33286405564653365,1.3328640556465337,33.286405564653364,高値,中度,70641794.94926628,53000000.0,True,30,要人手査定
19712,13112,東京都世田谷区鎌田,中古マンション等,70,40.0,5.0,33000000,0.33283911420723916,0.6671608857927609,-33.28391142072392,安値,中度,41363974.91915117,62000000.0,True,30,要人手査定
25066,13116,東京都豊島区長崎,中古マンション等,50,31.0,4.0,35000000,0.33283472428517635,0.6671652757148236,-33.28347242851763,安値,中度,40363499.18074683,60500000.0,True,30,要人手査定
17774,13111,東京都大田区西蒲田,中古マンション等,70,28.0,5.0,76000000,0.33281799723885996,1.3328179972388599,33.281799723885996,高値,中度,73971398.84675673,55500000.0,True,30,要人手査定
25516,13117,東京都北区赤羽,中古マンション等,45,46.0,2.0,33000000,0.3327812616775873,0.6672187383224126,-33.27812616775873,安値,中度,22351827.733800825,33500000.0,True,30,要人手査定
19476,13112,東京都世田谷区桜丘,中古マンション等,55,30.0,11.0,45000000,0.33272157158304927,0.6672784284169507,-33.27215715830493,安値,中度,40036705.705017045,60000000.0,True,30,要人手査定
27293,13119,東京都板橋区若木,中古マンション等,50,39.0,16.0,22000000,0.33270271165968535,0.6672972883403147,-33.27027116596854,安値,中度,18017026.785188496,27000000.0,True,30,要人手査定
930,13102,東京都中央区日本橋蛎殻町,中古マンション等,30,7.0,2.0,36000000,0.3326863889200617,0.6673136110799383,-33.268638892006166,安値,中度,36702248.60939661,55000000.0,True,30,要人手査定
21417,13113,東京都渋谷区大山町,中古マンション等,55,3.0,9.0,160000000,0.3326786691890948,1.3326786691890948,33.267866918909476,高値,中度,159921440.30269137,120000000.0,True,30,要人手査定
21416,13113,東京都渋谷区大山町,中古マンション等,55,3.0,9.0,160000000,0.3326786691890948,1.3326786691890948,33.267866918909476,高値,中度,159921440.30269137,120000000.0,True,30,要人手査定
8608,13106,東京都台東区駒形,中古マンション等,35,3.0,1.0,60000000,0.33267701526767546,1.3326770152676755,33.267701526767546,高値,中度,59970465.687045395,45000000.0,True,30,要人手査定
20780,13113,東京都渋谷区富ケ谷,中古マンション等,20,21.0,11.0,22000000,0.3326753563434391,0.667324643656561,-33.26753563434391,安値,中度,22689037.88432307,34000000.0,True,30,要人手査定
23880,13115,東京都杉並区下井草,中古マンション等,55,22.0,8.0,40000000,0.3326651864762257,0.6673348135237742,-33.266518647622576,安値,中度,41708425.84523589,62500000.0,True,30,要人手査定
29575,13120,東京都練馬区大泉学園町,中古マンション等,50,26.0,15.0,30000000,0.3326597150829379,0.6673402849170621,-33.26597150829379,安値,中度,26026271.111765422,39000000.0,True,30,要人手査定
20194,13112,東京都世田谷区玉川,中古マンション等,60,2.0,2.0,160000000,0.3326280864151972,1.3326280864151971,33.26280864151972,高値,中度,159915370.36982366,120000000.0,True,30,要人手査定
37801,13213,東京都東村山市本町,中古マンション等,45,48.0,4.0,11000000,0.33262668444758253,0.6673733155524175,-33.262668444758255,安値,中度,8342166.444405219,12500000.0,True,30,要人手査定
2076,13102,東京都中央区銀座,中古マンション等,20,21.0,3.0,30000000,0.33259560448026243,1.3325956044802625,33.25956044802624,高値,中度,35980081.320967086,27000000.0,True,30,要人手査定
32056,13122,東京都葛飾区堀切,中古マンション等,70,14.0,12.0,43000000,0.3325930318276497,0.6674069681723503,-33.259303182764974,安値,中度,41045528.542599544,61500000.0,True,30,要人手査定
19524,13112,東京都世田谷区玉堤,中古マンション等,40,43.0,16.0,15000000,0.3325271949750025,0.6674728050249975,-33.25271949750025,安値,中度,20024184.150749926,30000000.0,True,30,要人手査定
10994,13108,東京都江東区大島,中古マンション等,65,14.0,7.0,80000000,0.3325164390350343,0.6674835609649656,-33.25164390350343,安値,中度,73423191.70614623,110000000.0,True,30,要人手査定
33280,13123,東京都江戸川区西葛西,中古マンション等,75,24.0,10.0,54000000,0.33250183493098423,1.3325018349309843,33.250183493098426,高値,中度,61961335.32429077,46500000.0,True,30,要人手査定
31811,13122,東京都葛飾区鎌倉,中古マンション等,65,9.0,11.0,48000000,0.3324763613420919,0.6675236386579081,-33.24763613420919,安値,中度,42721512.87410612,64000000.0,True,30,要人手査定
22958,13115,東京都杉並区成田東,中古マンション等,70,42.0,16.0,38000000,0.33247218110801163,0.6675278188919883,-33.247218110801164,安値,中度,32708863.12570743,49000000.0,True,30,要人手査定
4332,13103,東京都港区高輪,中古マンション等,65,46.0,6.0,140000000,0.3324572855385218,1.3324572855385217,33.245728553852175,高値,中度,107262811.485851,80500000.0,True,30,要人手査定
11453,13108,東京都江東区白河,中古マンション等,60,21.0,2.0,75000000,0.3323991732344689,1.3323991732344689,33.23991732344689,高値,中度,90603143.77994388,68000000.0,True,30,要人手査定
4585,13104,東京都新宿区北新宿,中古マンション等,75,11.0,8.0,100000000,0.3323810072360626,0.6676189927639374,-33.23810072360626,安値,中度,113495228.76986936,170000000.0,True,30,要人手査定
7212,13105,東京都文京区水道,中古マンション等,30,44.0,11.0,26000000,0.3323600437348821,0.667639956265118,-33.23600437348821,安値,中度,19695378.70982098,29500000.0,True,30,要人手査定
18276,13112,東京都世田谷区松原,中古マンション等,45,57.0,6.0,36000000,0.33233959030628923,1.3323395903062891,33.233959030628924,高値,中度,34640829.34796352,26000000.0,True,30,要人手査定
25968,13117,東京都北区上十条,中古マンション等,70,2.0,1.0,130000000,0.33230932839307203,1.332309328393072,33.2309328393072,高値,中度,129234004.85412799,97000000.0,True,30,要人手査定
10519,13108,東京都江東区北砂,中古マンション等,75,2.0,10.0,71000000,0.33230813538808723,0.6676918646119128,-33.230813538808725,安値,中度,80123023.75342953,120000000.0,False,30,要人手査定
14128,13109,東京都品川区南大井,中古マンション等,45,15.0,7.0,55000000,0.3322441891258425,0.6677558108741575,-33.224418912584255,安値,中度,44405761.42313147,66500000.0,True,30,要人手査定
25244,13117,東京都北区浮間,中古マンション等,75,8.0,9.0,53000000,0.3322222579949324,0.6677777420050677,-33.22222579949324,安値,中度,54757774.844415545,82000000.0,False,30,要人手査定
23711,13115,東京都杉並区和泉,中古マンション等,55,55.0,2.0,48000000,0.3321980594894205,1.3321980594894205,33.21980594894205,高値,中度,47959130.14161914,36000000.0,True,30,要人手査定
15486,13110,東京都目黒区緑が丘,中古マンション等,30,65.0,7.0,18000000,0.33217814190797657,0.6678218580920234,-33.217814190797654,安値,中度,17029457.3813466,25500000.0,True,30,要人手査定
14666,13109,東京都品川区東品川,中古マンション等,50,45.0,5.0,22000000,0.3321760413577962,0.6678239586422038,-33.217604135779624,安値,中度,31053814.076862477,46500000.0,True,30,要人手査定
23143,13115,東京都杉並区桃井,中古マンション等,40,41.0,14.0,17000000,0.33215426742652154,1.3321542674265214,33.215426742652156,高値,中度,31305625.284523256,23500000.0,True,30,要人手査定
35633,13206,東京都府中市幸町,中古マンション等,25,19.0,11.0,14000000,0.3321247490583481,0.6678752509416519,-33.21247490583481,安値,中度,15361130.771657994,23000000.0,True,30,要人手査定
20505,13113,東京都渋谷区広尾,中古マンション等,40,6.0,1.0,82000000,0.33210535034630395,0.667894649653696,-33.2105350346304,安値,中度,83486831.20671201,125000000.0,True,30,要人手査定
31331,13121,東京都足立区千住寿町,中古マンション等,25,1.0,10.0,39000000,0.33209258834196137,1.3320925883419614,33.209258834196135,高値,中度,38630685.06191688,29000000.0,True,30,要人手査定
38204,13215,東京都国立市富士見台,中古マンション等,65,31.0,5.0,40000000,0.3320805268714487,0.6679194731285514,-33.20805268714487,安値,中度,30056376.29078481,45000000.0,True,30,要人手査定
37823,13213,東京都東村山市萩山町,中古マンション等,60,58.0,11.0,11000000,0.33206376642353663,0.6679362335764634,-33.20637664235366,安値,中度,8015234.802917561,12000000.0,True,30,要人手査定
34639,13202,東京都立川市羽衣町,中古マンション等,55,31.0,9.0,37000000,0.33197056488563637,1.3319705648856364,33.19705648856364,高値,中度,34631234.687026545,26000000.0,True,30,要人手査定
16676,13111,東京都大田区中央,中古マンション等,40,38.0,18.0,24000000,0.3319686541365967,0.6680313458634033,-33.19686541365967,安値,中度,23047081.432287414,34500000.0,True,30,要人手査定
18006,13111,東京都大田区南馬込,中古マンション等,45,52.0,5.0,31000000,0.33189955523846404,1.331899555238464,33.18995552384641,高値,中度,32631539.10334237,24500000.0,True,30,要人手査定
39350,13227,東京都羽村市小作台,中古マンション等,85,18.0,5.0,25000000,0.33186306419607114,1.3318630641960711,33.186306419607114,高値,中度,21309809.027137138,16000000.0,True,30,要人手査定
5160,13104,東京都新宿区中落合,中古マンション等,85,23.0,5.0,81000000,0.3318238092245678,0.6681761907754322,-33.18238092245678,安値,中度,93544666.70856051,140000000.0,True,30,要人手査定
34895,13203,東京都武蔵野市吉祥寺北町,中古マンション等,40,49.0,5.0,25000000,0.33180735876773043,0.6681926412322695,-33.18073587677304,安値,中度,18709393.954503547,28000000.0,True,30,要人手査定
39363,13227,東京都羽村市玉川,中古マンション等,70,20.0,17.0,12000000,0.3317905850243812,1.3317905850243812,33.17905850243812,高値,中度,19976858.775365718,15000000.0,True,30,要人手査定
32194,13122,東京都葛飾区奥戸,中古マンション等,25,35.0,13.0,17000000,0.33171644379222154,1.3317164437922215,33.17164437922215,高値,中度,12318377.105078049,9250000.0,True,30,要人手査定
9406,13107,東京都墨田区東向島,中古マンション等,55,31.0,7.0,28000000,0.3317141723191009,0.6682858276808992,-33.17141723191009,安値,中度,33414291.384044956,50000000.0,True,30,要人手査定
14114,13109,東京都品川区大崎,中古マンション等,65,26.0,6.0,96000000,0.33169140502332073,1.3316914050233208,33.16914050233207,高値,中度,105203620.99684234,79000000.0,True,30,要人手査定
15103,13110,東京都目黒区下目黒,中古マンション等,75,31.0,7.0,72000000,0.3316572419981424,0.6683427580018576,-33.16572419981424,安値,中度,80201130.96022291,120000000.0,True,30,要人手査定
19703,13112,東京都世田谷区池尻,中古マンション等,45,18.0,7.0,91000000,0.3316507421290456,1.3316507421290456,33.165074212904564,高値,中度,69245838.59071037,52000000.0,True,30,要人手査定
21113,13113,東京都渋谷区恵比寿,中古マンション等,90,27.0,6.0,200000000,0.33164450835422654,1.3316445083542265,33.164450835422656,高値,中度,219721343.87844738,165000000.0,True,30,要人手査定
13428,13109,東京都品川区西五反田,中古マンション等,65,3.0,9.0,180000000,0.331636873002545,1.331636873002545,33.1636873002545,高値,中度,179770977.85534358,135000000.0,True,30,要人手査定
13424,13109,東京都品川区西五反田,中古マンション等,65,3.0,9.0,200000000,0.331636873002545,1.331636873002545,33.1636873002545,高値,中度,179770977.85534358,135000000.0,True,30,要人手査定
38662,13222,東京都東久留米市ひばりが丘団地,中古マンション等,70,11.0,18.0,49000000,0.33159756325603773,1.3315975632560377,33.15975632560377,高値,中度,43942719.587449245,33000000.0,True,30,要人手査定
36767,13209,東京都町田市本町田,中古マンション等,55,56.0,5.0,4600000,0.33157936292016177,0.6684206370798382,-33.157936292016174,安値,中度,7018416.689338301,10500000.0,True,30,要人手査定
17598,13111,東京都大田区多摩川,中古マンション等,35,52.0,9.0,20000000,0.33154725347957587,1.3315472534795758,33.15472534795759,高値,中度,19973208.802193638,15000000.0,True,30,要人手査定
38156,13215,東京都国立市東,中古マンション等,80,17.0,3.0,59000000,0.3315265415965349,1.331526541596535,33.15265415965349,高値,中度,71902433.24621288,54000000.0,True,30,要人手査定
3100,13103,東京都港区浜松町,中古マンション等,105,1.0,2.0,740000000,0.3314832465044445,1.3314832465044444,33.14832465044445,高値,中度,652426790.7871778,490000000.0,True,30,要人手査定
34106,13201,東京都八王子市散田町,中古マンション等,20,37.0,16.0,3400000,0.3314277428814013,1.3314277428814012,33.14277428814013,高値,中度,5725139.294390026,4300000.0,True,30,要人手査定
17452,13111,東京都大田区北嶺町,中古マンション等,50,20.0,5.0,63000000,0.3313561000436464,1.3313561000436465,33.13561000436464,高値,中度,57913990.35189862,43500000.0,True,30,要人手査定
36797,13209,東京都町田市森野,中古マンション等,70,12.0,3.0,55000000,0.33131921358451905,1.331319213584519,33.131921358451905,高値,中度,55915406.9705498,42000000.0,True,30,要人手査定
39327,13225,東京都稲城市矢野口,中古マンション等,65,48.0,3.0,11000000,0.33130331075624025,1.3313033107562402,33.13033107562403,高値,中度,22632156.282856084,17000000.0,True,30,要人手査定
36568,13208,東京都調布市国領町,中古マンション等,45,55.0,7.0,21000000,0.3312328494661262,1.331232849466126,33.12328494661262,高値,中度,21299725.59145802,16000000.0,True,30,要人手査定
7841,13106,東京都台東区東上野,中古マンション等,30,43.0,5.0,29000000,0.3312174367368028,1.3312174367368028,33.121743673680285,高値,中度,25958740.016367655,19500000.0,True,30,要人手査定
23057,13115,東京都杉並区上井草,中古マンション等,35,53.0,5.0,6500000,0.33112734031124874,0.6688726596887513,-33.11273403112487,安値,中度,13043016.86393065,19500000.0,True,30,要人手査定
19325,13112,東京都世田谷区砧,中古マンション等,50,44.0,13.0,31000000,0.33111524158502165,0.6688847584149784,-33.111524158502164,安値,中度,26420947.957391646,39500000.0,True,30,要人手査定
10392,13108,東京都江東区有明,中古マンション等,85,17.0,9.0,130000000,0.33107461964584783,1.3310746196458478,33.107461964584786,高値,中度,133107461.96458478,100000000.0,True,30,要人手査定
30625,13121,東京都足立区大谷田,中古マンション等,60,31.0,17.0,33000000,0.33106713912417673,1.3310671391241766,33.106713912417675,高値,中度,29283477.060731888,22000000.0,True,30,要人手査定
6199,13104,東京都新宿区富久町,中古マンション等,30,54.0,5.0,33000000,0.3310454130475486,1.3310454130475486,33.10454130475486,高値,中度,27951953.67399852,21000000.0,True,30,要人手査定
1872,13102,東京都中央区築地,中古マンション等,40,54.0,5.0,45000000,0.33104489989697833,1.3310448998969784,33.10448998969783,高値,中度,40596869.44685784,30500000.0,True,30,要人手査定
24074,13115,東京都杉並区南荻窪,中古マンション等,40,17.0,6.0,60000000,0.3310258291448401,1.33102582914484,33.10258291448401,高値,中度,53906546.08036602,40500000.0,True,30,要人手査定
28257,13119,東京都板橋区志村,中古マンション等,75,46.0,4.0,38000000,0.33102044061615493,0.668979559383845,-33.102044061615494,安値,中度,28097141.494121492,42000000.0,True,30,要人手査定
36839,13209,東京都町田市三輪緑山,中古マンション等,105,35.0,29.0,22000000,0.331019477248334,0.668980522751666,-33.1019477248334,安値,中度,19734925.421174146,29500000.0,True,30,要人手査定
13457,13109,東京都品川区旗の台,中古マンション等,35,56.0,4.0,21000000,0.33098691109393663,0.6690130889060634,-33.09869110939366,安値,中度,19735886.12272887,29500000.0,True,30,要人手査定
30322,13121,東京都足立区千住東,中古マンション等,80,23.0,11.0,56000000,0.3309669944562058,1.330966994456206,33.09669944562058,高値,中度,59228031.25330116,44500000.0,True,30,要人手査定
14451,13109,東京都品川区西五反田,中古マンション等,55,44.0,7.0,62000000,0.33094804724819205,1.330948047248192,33.094804724819205,高値,中度,67212876.3860337,50500000.0,True,30,要人手査定
22218,13114,東京都中野区上高田,中古マンション等,55,55.0,7.0,27000000,0.33094083719311135,0.6690591628068886,-33.094083719311136,安値,中度,22078952.372627325,33000000.0,True,30,要人手査定
16449,13111,東京都大田区中馬込,中古マンション等,50,36.0,8.0,27000000,0.3309359820856334,0.6690640179143665,-33.09359820856334,安値,中度,28769752.770317763,43000000.0,True,30,要人手査定
34370,13202,東京都立川市一番町,中古マンション等,80,43.0,17.0,23000000,0.330932215320673,0.6690677846793269,-33.093221532067304,安値,中度,13715889.585926203,20500000.0,True,30,要人手査定
27741,13119,東京都板橋区小茂根,中古マンション等,85,41.0,13.0,40000000,0.33092309604676134,1.3309230960467613,33.09230960467613,高値,中度,43920462.169543125,33000000.0,True,30,要人手査定
26452,13118,東京都荒川区東日暮里,中古マンション等,80,25.0,7.0,90000000,0.33090498859482453,1.3309049885948245,33.09049885948245,高値,中度,86508824.2586636,65000000.0,True,30,要人手査定
21390,13113,東京都渋谷区恵比寿,中古マンション等,80,28.0,10.0,230000000,0.3308663883706152,1.3308663883706153,33.08663883706152,高値,中度,206284290.19744536,155000000.0,True,30,要人手査定
20171,13112,東京都世田谷区太子堂,中古マンション等,60,52.0,2.0,65000000,0.33086137458111375,1.3308613745811138,33.086137458111374,高値,中度,65877638.04176513,49500000.0,True,30,要人手査定
28421,13119,東京都板橋区中丸町,中古マンション等,25,6.0,10.0,32000000,0.3308589706101432,1.3308589706101432,33.08589706101432,高値,中度,34602333.23586372,26000000.0,True,30,要人手査定
4539,13103,東京都港区六本木,中古マンション等,60,13.0,2.0,190000000,0.33085763631597687,1.3308576363159768,33.085763631597686,高値,中度,219591509.99213618,165000000.0,True,30,要人手査定
22948,13115,東京都杉並区善福寺,中古マンション等,20,35.0,14.0,6800000,0.33085272356821116,0.6691472764317888,-33.085272356821115,安値,中度,8029767.317181466,12000000.0,True,30,要人手査定
7846,13106,東京都台東区東上野,中古マンション等,55,9.0,3.0,75000000,0.33083996381905206,1.330839963819052,33.08399638190521,高値,中度,97151317.3587908,73000000.0,True,30,要人手査定
20936,13113,東京都渋谷区本町,中古マンション等,25,34.0,5.0,20000000,0.3308182702092782,0.6691817297907219,-33.08182702092782,安値,中度,16729543.244768046,25000000.0,True,30,要人手査定
20725,13113,東京都渋谷区円山町,中古マンション等,30,22.0,5.0,45000000,0.3308002011978012,1.3308002011978013,33.080020119780116,高値,中度,43251006.53892854,32500000.0,True,30,要人手査定
3613,13103,東京都港区赤坂,中古マンション等,25,46.0,4.0,23000000,0.33079207580468734,1.3307920758046874,33.07920758046873,高値,中度,29277425.667703122,22000000.0,True,30,要人手査定
8391,13106,東京都台東区池之端,中古マンション等,60,13.0,5.0,120000000,0.3307613383022922,1.3307613383022923,33.07613383022922,高値,中度,123095423.79296203,92500000.0,True,30,要人手査定
30636,13121,東京都足立区千住,中古マンション等,75,22.0,3.0,85000000,0.3307325678134067,1.3307325678134068,33.07325678134067,高値,中度,83170785.48833792,62500000.0,True,30,要人手査定
22194,13114,東京都中野区本町,中古マンション等,35,56.0,5.0,22000000,0.33069217120819266,1.3306921712081927,33.06921712081927,高値,中度,29275227.76658024,22000000.0,True,30,要人手査定
5211,13104,東京都新宿区中落合,中古マンション等,85,9.0,6.0,140000000,0.3306898640758537,0.6693101359241462,-33.06898640758537,安値,中度,127168925.8255878,190000000.0,True,30,要人手査定
17596,13111,東京都大田区多摩川,中古マンション等,60,43.0,12.0,54000000,0.3306131602830637,1.3306131602830638,33.06131602830637,高値,中度,49232686.93047336,37000000.0,True,30,要人手査定
33,13101,東京都千代田区四番町,中古マンション等,65,12.0,5.0,230000000,0.3305654241474416,1.3305654241474416,33.05654241474416,高値,中度,199584813.62211624,150000000.0,True,30,要人手査定
28395,13119,東京都板橋区中台,中古マンション等,60,40.0,14.0,32000000,0.3305261411295338,1.330526141129534,33.052614112953385,高値,中度,34593679.66936788,26000000.0,True,30,要人手査定
35749,13206,東京都府中市四谷,中古マンション等,100,24.0,5.0,39000000,0.33043095639373693,0.6695690436062631,-33.043095639373696,安値,中度,31134960.527691234,46500000.0,True,30,要人手査定
37173,13210,東京都小金井市貫井南町,中古マンション等,70,25.0,5.0,29000000,0.33040083682139776,0.6695991631786022,-33.04008368213977,安値,中度,41180348.53548404,61500000.0,True,30,要人手査定
4080,13103,東京都港区赤坂,中古マンション等,50,53.0,6.0,95000000,0.3303631529223743,1.3303631529223743,33.036315292237425,高値,中度,76495881.29303652,57500000.0,True,30,要人手査定
27204,13119,東京都板橋区志村,中古マンション等,35,52.0,7.0,13000000,0.33033631716482414,0.6696636828351759,-33.03363171648242,安値,中度,11719114.449615577,17500000.0,True,30,要人手査定
19047,13112,東京都世田谷区奥沢,中古マンション等,75,20.0,10.0,110000000,0.33033383151013723,1.3303338315101372,33.03338315101372,高値,中度,126381713.99346304,95000000.0,True,30,要人手査定
20720,13113,東京都渋谷区宇田川町,中古マンション等,90,6.0,8.0,290000000,0.330296973362244,1.330296973362244,33.0296973362244,高値,中度,279362364.40607125,210000000.0,True,30,要人手査定
36890,13209,東京都町田市小山町,中古マンション等,65,26.0,18.0,17000000,0.3301303314405568,0.6698696685594432,-33.01303314405568,安値,中度,20096090.056783296,30000000.0,True,30,要人手査定
13444,13109,東京都品川区西五反田,中古マンション等,65,3.0,9.0,180000000,0.3301107838414936,1.3301107838414936,33.011078384149364,高値,中度,179564955.81860164,135000000.0,True,30,要人手査定
14608,13109,東京都品川区東五反田,中古マンション等,20,7.0,4.0,41000000,0.33007119454941575,1.3300711945494157,33.007119454941574,高値,中度,39902135.83648247,30000000.0,True,30,要人手査定
10491,13108,東京都江東区有明,中古マンション等,70,7.0,8.0,160000000,0.33007023614919645,1.3300702361491965,33.007023614919646,高値,中度,133007023.61491965,100000000.0,True,30,要人手査定
5257,13104,東京都新宿区赤城下町,中古マンション等,45,5.0,2.0,98000000,0.33002140703237265,1.3300214070323726,33.00214070323727,高値,中度,95761541.30633083,72000000.0,True,30,要人手査定
23035,13115,東京都杉並区阿佐谷北,中古マンション等,35,44.0,13.0,28000000,0.3300123169526279,1.330012316952628,33.00123169526279,高値,中度,23275215.54667099,17500000.0,True,30,要人手査定
23698,13115,東京都杉並区和泉,中古マンション等,65,27.0,8.0,93000000,0.3299872694158354,1.3299872694158354,32.99872694158354,高値,中度,85119185.24261346,64000000.0,True,30,要人手査定
24291,13116,東京都豊島区高田,中古マンション等,70,47.0,5.0,57000000,0.3299776641958838,1.3299776641958838,32.99776641958838,高値,中度,64503916.713500366,48500000.0,True,30,要人手査定
6391,13104,東京都新宿区西早稲田,中古マンション等,60,19.0,5.0,76000000,0.3299676864484006,0.6700323135515994,-32.99676864484006,安値,中度,77053716.05843394,115000000.0,True,30,要人手査定
7932,13106,東京都台東区上野,中古マンション等,80,25.0,6.0,110000000,0.3299650927209577,1.3299650927209576,32.99650927209577,高値,中度,113047032.8812814,85000000.0,True,30,要人手査定
14421,13109,東京都品川区中延,中古マンション等,35,10.0,0.0,60000000,0.3299533371203416,0.6700466628796584,-32.99533371203416,安値,中度,47908336.39589558,71500000.0,True,30,要人手査定
2632,13103,東京都港区南青山,中古マンション等,120,57.0,2.0,240000000,0.3298964393434849,1.329896439343485,32.98964393434849,高値,中度,226082394.68839243,170000000.0,True,30,要人手査定
37830,13213,東京都東村山市富士見町,中古マンション等,35,45.0,3.0,11000000,0.32988890414661975,0.6701110958533802,-32.988890414661974,安値,中度,7371222.054387183,11000000.0,True,30,要人手査定
20312,13112,東京都世田谷区野沢,中古マンション等,30,12.0,12.0,47000000,0.32988195296324513,1.329881952963245,32.98819529632451,高値,中度,43221163.47130547,32500000.0,True,30,要人手査定
35213,13205,東京都青梅市新町,中古マンション等,85,17.0,5.0,20000000,0.32987690306216344,1.3298769030621636,32.987690306216344,高値,中度,25932599.609712187,19500000.0,True,30,要人手査定
27068,13119,東京都板橋区仲宿,中古マンション等,40,4.0,4.0,53000000,0.32985994950970443,1.3298599495097043,32.98599495097044,高値,中度,47210028.20759451,35500000.0,True,30,要人手査定
95,13101,東京都千代田区神田東松下町,中古マンション等,70,8.0,2.0,110000000,0.329844833169123,0.670155166830877,-32.984483316912296,安値,中度,117277154.19540347,175000000.0,True,30,要人手査定
36302,13208,東京都調布市染地,中古マンション等,45,60.0,16.0,9000000,0.32981136215950085,0.6701886378404991,-32.98113621595009,安値,中度,8377357.973006239,12500000.0,True,30,要人手査定
38203,13215,東京都国立市富士見台,中古マンション等,60,53.0,3.0,17000000,0.3297974180704001,0.6702025819295999,-32.97974180704001,安値,中度,19435874.875958398,29000000.0,True,30,要人手査定
18754,13112,東京都世田谷区玉川,中古マンション等,60,24.0,5.0,85000000,0.3297915970001288,1.3297915970001288,32.97915970001288,高値,中度,94415203.38700914,71000000.0,True,30,要人手査定
13106,13109,東京都品川区上大崎,中古マンション等,25,22.0,5.0,28000000,0.32967053706940713,1.329670537069407,32.96705370694071,高値,中度,31912092.88966577,24000000.0,True,30,要人手査定
10126,13107,東京都墨田区両国,中古マンション等,45,15.0,7.0,58000000,0.32959633062672955,1.3295963306267296,32.95963306267296,高値,中度,58502238.5475761,44000000.0,True,30,要人手査定
19099,13112,東京都世田谷区北烏山,中古マンション等,60,34.0,16.0,38000000,0.3295648654085335,0.6704351345914664,-32.956486540853355,安値,中度,34527409.43146052,51500000.0,True,30,要人手査定
300,13101,東京都千代田区一番町,中古マンション等,55,49.0,2.0,73000000,0.32956043376261146,1.3295604337626115,32.95604337626115,高値,中度,79773626.02575669,60000000.0,True,30,要人手査定
22280,13114,東京都中野区弥生町,中古マンション等,20,44.0,3.0,6500000,0.3295558865377453,0.6704441134622546,-32.955588653774534,安値,中度,9721439.645202693,14500000.0,True,30,要人手査定
34277,13201,東京都八王子市めじろ台,中古マンション等,65,32.0,1.0,19000000,0.3295349699407297,0.6704650300592703,-32.95349699407297,安値,中度,17767323.296570662,26500000.0,True,30,要人手査定
36389,13208,東京都調布市国領町,中古マンション等,25,18.0,4.0,19000000,0.329527497429954,0.670472502570046,-32.9527497429954,安値,中度,17432285.066821195,26000000.0,True,30,要人手査定
34910,13203,東京都武蔵野市西久保,中古マンション等,55,31.0,20.0,38000000,0.3294762403186944,0.6705237596813056,-32.94762403186944,安値,中度,38219854.30183442,57000000.0,True,30,要人手査定
10542,13108,東京都江東区深川,中古マンション等,55,53.0,7.0,52000000,0.32945242194597707,1.3294524219459771,32.945242194597704,高値,中度,48525013.401028164,36500000.0,True,30,要人手査定
19719,13112,東京都世田谷区上北沢,中古マンション等,35,23.0,7.0,28000000,0.32944565898200184,0.6705543410179982,-32.94456589820018,安値,中度,29504391.00479192,44000000.0,True,30,要人手査定
5295,13104,東京都新宿区中落合,中古マンション等,70,29.0,8.0,85000000,0.3293999992457276,0.6706000007542724,-32.93999992457276,安値,中度,70413000.0791986,105000000.0,True,30,要人手査定
490,13101,東京都千代田区三番町,中古マンション等,80,8.0,7.0,280000000,0.3293687782849079,1.329368778284908,32.93687782849079,高値,中度,279167443.43983066,210000000.0,True,30,要人手査定
9245,13107,東京都墨田区菊川,中古マンション等,55,39.0,2.0,61000000,0.32936846803482656,1.3293684680348266,32.93684680348265,高値,中度,57162844.12549754,43000000.0,True,30,要人手査定
4817,13104,東京都新宿区北新宿,中古マンション等,35,55.0,6.0,22000000,0.3293621181631237,0.6706378818368762,-32.93621181631237,安値,中度,19113179.632350974,28500000.0,True,30,要人手査定
1640,13102,東京都中央区新川,中古マンション等,35,49.0,3.0,21000000,0.32935466721713913,0.6706453327828609,-32.935466721713915,安値,中度,22131295.981834408,33000000.0,True,30,要人手査定
4845,13104,東京都新宿区高田馬場,中古マンション等,50,58.0,7.0,21000000,0.3292962629245116,0.6707037370754885,-32.92962629245116,安値,中度,23809982.66617984,35500000.0,True,30,要人手査定
24165,13116,東京都豊島区高田,中古マンション等,70,46.0,2.0,60000000,0.3292488071267715,1.3292488071267714,32.92488071267715,高値,中度,63803942.74208503,48000000.0,True,30,要人手査定
23815,13115,東京都杉並区久我山,中古マンション等,20,1.0,6.0,28000000,0.32923623695316934,1.3292362369531694,32.923623695316934,高値,中度,44529413.93793117,33500000.0,True,30,要人手査定
24834,13116,東京都豊島区東池袋,中古マンション等,30,25.0,12.0,46000000,0.32922633341855684,1.3292263334185568,32.922633341855686,高値,中度,35224497.835591756,26500000.0,True,30,要人手査定
37571,13212,東京都日野市多摩平,中古マンション等,85,25.0,6.0,50000000,0.32921454118653437,1.3292145411865344,32.921454118653436,高値,中度,49845545.29449504,37500000.0,True,30,要人手査定
38165,13215,東京都国立市東,中古マンション等,70,17.0,3.0,53000000,0.32921210766151104,1.329212107661511,32.921210766151106,高値,中度,67125211.43690631,50500000.0,True,30,要人手査定
13203,13109,東京都品川区大井,中古マンション等,75,7.0,5.0,190000000,0.32919790394026816,1.3291979039402682,32.91979039402682,高値,中度,199379685.59104022,150000000.0,True,30,要人手査定
13583,13109,東京都品川区旗の台,中古マンション等,35,53.0,4.0,27000000,0.32917747360269106,0.6708225263973089,-32.917747360269104,安値,中度,19789264.528720614,29500000.0,True,30,要人手査定
25498,13117,東京都北区滝野川,中古マンション等,85,13.0,10.0,83000000,0.3291126769097327,1.3291126769097328,32.911267690973276,高値,中度,92373331.04522642,69500000.0,True,30,要人手査定
422,13101,東京都千代田区神田神保町,中古マンション等,110,23.0,0.0,360000000,0.329110804230892,1.329110804230892,32.9110804230892,高値,中度,352214363.1211864,265000000.0,True,30,要人手査定
19967,13112,東京都世田谷区上用賀,中古マンション等,70,29.0,19.0,85000000,0.329061560895679,1.329061560895679,32.9061560895679,高値,中度,83730878.33642778,63000000.0,True,30,要人手査定
16509,13111,東京都大田区大森南,中古マンション等,40,45.0,24.0,22000000,0.3290222482989749,0.6709777517010251,-32.90222482989749,安値,中度,19458354.799329728,29000000.0,True,30,要人手査定
5429,13104,東京都新宿区戸山,中古マンション等,40,34.0,4.0,28000000,0.32898694718051696,0.6710130528194831,-32.89869471805169,安値,中度,32544133.06174493,48500000.0,True,30,要人手査定
21499,13113,東京都渋谷区神宮前,中古マンション等,35,59.0,7.0,50000000,0.3289538591279226,1.3289538591279226,32.89538591279226,高値,中度,47177861.99904125,35500000.0,True,30,要人手査定
8092,13106,東京都台東区北上野,中古マンション等,15,36.0,7.0,14000000,0.3289516691913649,0.671048330808635,-32.89516691913649,安値,中度,10065724.962129526,15000000.0,True,30,要人手査定
30533,13121,東京都足立区扇,中古マンション等,70,10.0,7.0,45000000,0.3289441246755067,0.6710558753244933,-32.89441246755067,安値,中度,42947576.02076757,64000000.0,True,30,要人手査定
2742,13103,東京都港区高輪,中古マンション等,105,8.0,8.0,320000000,0.3289404114954612,0.6710595885045388,-32.89404114954612,安値,中度,301976814.82704246,450000000.0,True,30,要人手査定
9565,13107,東京都墨田区向島,中古マンション等,70,9.0,9.0,100000000,0.32893079788815627,1.3289307978881562,32.893079788815626,高値,中度,73755659.28279267,55500000.0,True,30,要人手査定
22775,13114,東京都中野区弥生町,中古マンション等,30,19.0,8.0,32000000,0.32886840701951475,1.3288684070195147,32.88684070195148,高値,中度,31892841.768468354,24000000.0,True,30,要人手査定
9237,13107,東京都墨田区石原,中古マンション等,65,14.0,8.0,82000000,0.32883742907459307,1.328837429074593,32.88374290745931,高値,中度,77736989.6008637,58500000.0,True,30,要人手査定
22221,13114,東京都中野区野方,中古マンション等,40,30.0,2.0,33000000,0.3287647923173042,0.6712352076826958,-32.87647923173042,安値,中度,33226142.780293442,49500000.0,True,30,要人手査定
37804,13213,東京都東村山市萩山町,中古マンション等,55,36.0,3.0,13000000,0.32870634102992674,0.6712936589700732,-32.870634102992675,安値,中度,13425873.179401465,20000000.0,True,30,要人手査定
34153,13201,東京都八王子市西片倉,中古マンション等,20,19.0,9.0,13000000,0.3287049648439381,0.6712950351560619,-32.870496484393804,安値,中度,11747663.115231084,17500000.0,True,30,要人手査定
31908,13122,東京都葛飾区西新小岩,中古マンション等,75,31.0,10.0,40000000,0.32868717075581017,1.32868717075581,32.86871707558102,高値,中度,52483143.2448545,39500000.0,True,30,要人手査定
19974,13112,東京都世田谷区北烏山,中古マンション等,65,31.0,21.0,37000000,0.32862005503542463,0.6713799449645753,-32.86200550354246,安値,中度,36925896.973051645,55000000.0,True,30,要人手査定
38201,13215,東京都国立市西,中古マンション等,90,10.0,19.0,62000000,0.3285772934717428,1.3285772934717428,32.85772934717428,高値,中度,62443132.79317191,47000000.0,True,30,要人手査定
21864,13114,東京都中野区中野,中古マンション等,70,25.0,8.0,110000000,0.32849719724233534,1.3284971972423354,32.84971972423353,高値,中度,101630035.58903866,76500000.0,True,30,要人手査定
36844,13209,東京都町田市中町,中古マンション等,70,9.0,8.0,65000000,0.32847939781495034,1.3284793978149503,32.847939781495036,高値,中度,65095490.492932566,49000000.0,True,30,要人手査定
31527,13121,東京都足立区東綾瀬,中古マンション等,60,30.0,11.0,46000000,0.3283951997279888,1.3283951997279888,32.83951997279888,高値,中度,43837041.59102363,33000000.0,True,30,要人手査定
9900,13107,東京都墨田区東向島,中古マンション等,15,31.0,5.0,14000000,0.32838880532335724,0.6716111946766428,-32.83888053233572,安値,中度,13432223.893532855,20000000.0,True,30,要人手査定
10804,13108,東京都江東区大島,中古マンション等,55,34.0,3.0,40000000,0.32834712878696265,0.6716528712130373,-32.834712878696266,安値,中度,38284213.65914313,57000000.0,True,30,要人手査定
11911,13108,東京都江東区東雲,中古マンション等,85,14.0,12.0,130000000,0.3283271966078896,1.3283271966078896,32.83271966078896,高値,中度,128183574.47266135,96500000.0,True,30,要人手査定
39024,13224,東京都多摩市諏訪,中古マンション等,65,30.0,12.0,20000000,0.3283210695367995,0.6716789304632005,-32.832106953679954,安値,中度,23172923.100980416,34500000.0,True,30,要人手査定
31694,13122,東京都葛飾区東新小岩,中古マンション等,70,27.0,3.0,61000000,0.3282726170255873,1.3282726170255874,32.82726170255873,高値,中度,56451586.22358746,42500000.0,True,30,要人手査定
13656,13109,東京都品川区中延,中古マンション等,45,6.0,5.0,85000000,0.32821039242224775,0.6717896075777522,-32.82103924222478,安値,中度,65499486.73883084,97500000.0,True,30,要人手査定
37105,13210,東京都小金井市東町,中古マンション等,55,32.0,13.0,22000000,0.32820931642907386,0.6717906835709261,-32.82093164290739,安値,中度,24520359.950338803,36500000.0,True,30,要人手査定
9561,13107,東京都墨田区向島,中古マンション等,35,46.0,12.0,11000000,0.3281328856918082,0.6718671143081918,-32.81328856918082,安値,中度,17804478.529167082,26500000.0,True,30,要人手査定
39233,13225,東京都稲城市大丸,中古マンション等,65,47.0,5.0,17000000,0.32813169810045784,1.3281316981004578,32.813169810045785,高値,中度,19921975.471506868,15000000.0,True,30,要人手査定
25534,13117,東京都北区上中里,中古マンション等,30,35.0,3.0,15000000,0.32812122098230884,0.6718787790176911,-32.81212209823089,安値,中度,15117272.52789805,22500000.0,True,30,要人手査定
6162,13104,東京都新宿区大京町,中古マンション等,25,6.0,7.0,50000000,0.3280865123956591,1.3280865123956591,32.80865123956591,高値,中度,48475157.70244156,36500000.0,True,30,要人手査定
8536,13106,東京都台東区入谷,中古マンション等,45,44.0,0.0,45000000,0.32807201460807844,1.3280720146080784,32.807201460807846,高値,中度,45818484.50397871,34500000.0,True,30,要人手査定
31253,13121,東京都足立区新田,中古マンション等,110,18.0,18.0,62000000,0.3280257090117153,1.3280257090117153,32.80257090117153,高値,中度,68393324.01410334,51500000.0,True,30,要人手査定
39273,13225,東京都稲城市若葉台,中古マンション等,95,11.0,5.0,70000000,0.3280198769989161,1.3280198769989162,32.80198769989161,高値,中度,69721043.5424431,52500000.0,True,30,要人手査定
21034,13113,東京都渋谷区代々木,中古マンション等,35,22.0,3.0,60000000,0.3279674115031166,1.3279674115031166,32.79674115031166,高値,中度,55110647.57737934,41500000.0,True,30,要人手査定
20443,13112,東京都世田谷区用賀,中古マンション等,50,29.0,1.0,90000000,0.32792399829085006,1.32792399829085,32.79239982908501,高値,中度,89634869.88463238,67500000.0,True,30,要人手査定
37658,13212,東京都日野市神明,中古マンション等,100,45.0,14.0,15000000,0.32790620085590766,0.6720937991440924,-32.79062008559077,安値,中度,19154673.275606632,28500000.0,True,30,要人手査定
22704,13114,東京都中野区丸山,中古マンション等,55,30.0,7.0,29000000,0.3278656327070407,0.6721343672929593,-32.78656327070407,安値,中度,42344465.139456436,63000000.0,True,30,要人手査定
4269,13103,東京都港区白金,中古マンション等,15,34.0,8.0,22000000,0.32781698805165294,0.6721830119483471,-32.78169880516529,安値,中度,18148941.32260537,27000000.0,True,30,要人手査定
16870,13111,東京都大田区鵜の木,中古マンション等,85,55.0,7.0,48000000,0.32779209174497886,1.3277920917449788,32.779209174497886,高値,中度,57758955.99090658,43500000.0,True,30,要人手査定
19620,13112,東京都世田谷区三軒茶屋,中古マンション等,90,39.0,9.0,110000000,0.32778450975791484,1.3277845097579148,32.778450975791486,高値,中度,102903299.5062384,77500000.0,True,30,要人手査定
3569,13103,東京都港区三田,中古マンション等,60,43.0,4.0,110000000,0.3277681120236243,1.3277681120236242,32.77681120236243,高値,中度,102238144.62581907,77000000.0,True,30,要人手査定
33369,13123,東京都江戸川区平井,中古マンション等,25,1.0,2.0,41000000,0.32773851877590965,1.3277385187759096,32.773851877590964,高値,中度,41823763.341441154,31500000.0,True,30,要人手査定
13797,13109,東京都品川区二葉,中古マンション等,20,29.0,3.0,17000000,0.3277144194013536,0.6722855805986464,-32.77144194013536,安値,中度,15798711.14406819,23500000.0,True,30,要人手査定
25866,13117,東京都北区赤羽西,中古マンション等,15,38.0,5.0,12000000,0.32766276412653284,0.6723372358734672,-32.76627641265328,安値,中度,10421227.15603874,15500000.0,True,30,要人手査定
13382,13109,東京都品川区北品川,中古マンション等,75,20.0,6.0,160000000,0.32764887355934746,1.3276488735593475,32.764887355934746,高値,中度,172594353.56271517,130000000.0,True,30,要人手査定
26312,13118,東京都荒川区西尾久,中古マンション等,55,45.0,4.0,20000000,0.32757147291311206,0.6724285270868879,-32.757147291311206,安値,中度,21181498.60323697,31500000.0,True,30,要人手査定
27451,13119,東京都板橋区幸町,中古マンション等,70,14.0,6.0,84000000,0.3275508956337329,1.327550895633733,32.75508956337329,高値,中度,80980604.63365771,61000000.0,True,30,要人手査定
26988,13119,東京都板橋区中板橋,中古マンション等,50,36.0,8.0,33000000,0.32753591541812505,0.672464084581875,-32.753591541812504,安値,中度,22527546.83349281,33500000.0,True,30,要人手査定
31900,13122,東京都葛飾区新宿,中古マンション等,70,5.0,10.0,75000000,0.32749920474770505,1.327499204747705,32.749920474770505,高値,中度,75003705.06824534,56500000.0,True,30,要人手査定
31897,13122,東京都葛飾区新宿,中古マンション等,70,5.0,10.0,72000000,0.32749920474770505,1.327499204747705,32.749920474770505,高値,中度,75003705.06824534,56500000.0,True,30,要人手査定
31898,13122,東京都葛飾区新宿,中古マンション等,70,5.0,10.0,76000000,0.32749920474770505,1.327499204747705,32.749920474770505,高値,中度,75003705.06824534,56500000.0,True,30,要人手査定
22598,13114,東京都中野区野方,中古マンション等,50,11.0,5.0,49000000,0.3274968692490193,0.6725031307509807,-32.74968692490193,安値,中度,49428980.11019708,73500000.0,True,30,要人手査定
2568,13103,東京都港区白金,中古マンション等,40,35.0,8.0,22000000,0.32739296768590076,0.6726070323140992,-32.73929676859007,安値,中度,39011207.874217756,58000000.0,True,30,要人手査定
15069,13110,東京都目黒区碑文谷,中古マンション等,15,42.0,10.0,7600000,0.3273926126334317,0.6726073873665683,-32.739261263343174,安値,中度,10089110.810498524,15000000.0,True,30,要人手査定
28162,13119,東京都板橋区熊野町,中古マンション等,45,46.0,8.0,28000000,0.32730914430550634,1.3273091443055063,32.730914430550634,高値,中度,29864455.746873893,22500000.0,True,30,要人手査定
18696,13112,東京都世田谷区喜多見,中古マンション等,55,32.0,5.0,28000000,0.32730561224053206,0.672694387759468,-32.730561224053204,安値,中度,47088607.14316276,70000000.0,True,30,要人手査定
4541,13103,東京都港区六本木,中古マンション等,70,13.0,2.0,220000000,0.3272679135280639,1.3272679135280638,32.72679135280639,高値,中度,291998940.97617406,220000000.0,True,30,要人手査定
16744,13111,東京都大田区中央,中古マンション等,65,28.0,17.0,54000000,0.3272441018301794,1.3272441018301795,32.72441018301794,高値,中度,58398740.48052789,44000000.0,True,30,要人手査定
34544,13202,東京都立川市曙町,中古マンション等,25,8.0,6.0,28000000,0.3272323270164543,1.3272323270164543,32.72323270164543,高値,中度,30526343.52137845,23000000.0,True,30,要人手査定
4722,13104,東京都新宿区中井,中古マンション等,25,9.0,5.0,27000000,0.32722787105991225,0.6727721289400878,-32.72278710599122,安値,中度,25901726.964193378,38500000.0,True,30,要人手査定
18263,13112,東京都世田谷区深沢,中古マンション等,75,31.0,17.0,80000000,0.32716757206334385,1.3271675720633438,32.716757206334385,高値,中度,83611557.03999066,63000000.0,True,30,要人手査定
22037,13114,東京都中野区東中野,中古マンション等,65,18.0,8.0,97000000,0.3271661620508591,1.327166162050859,32.716616205085906,高値,中度,96219546.74868728,72500000.0,True,30,要人手査定
1559,13102,東京都中央区月島,中古マンション等,85,11.0,1.0,240000000,0.32713007688995205,1.327130076889952,32.713007688995205,高値,中度,218976462.68684208,165000000.0,True,30,要人手査定
35884,13206,東京都府中市緑町,中古マンション等,90,19.0,13.0,47000000,0.3271001958337692,1.3271001958337691,32.71001958337692,高値,中度,58392408.616685845,44000000.0,True,30,要人手査定
37981,13214,東京都国分寺市泉町,中古マンション等,70,14.0,8.0,70000000,0.32702531333819895,1.327025313338199,32.7025313338199,高値,中度,66351265.66690995,50000000.0,True,30,要人手査定
18162,13112,東京都世田谷区南烏山,中古マンション等,55,35.0,1.0,27000000,0.32701410947739357,0.6729858905226065,-32.701410947739355,安値,中度,43071096.99344681,64000000.0,True,30,要人手査定
14301,13109,東京都品川区大崎,中古マンション等,75,17.0,5.0,220000000,0.3270119661338277,1.3270119661338278,32.70119661338277,高値,中度,212321914.58141243,160000000.0,True,30,要人手査定
1490,13102,東京都中央区日本橋大伝馬町,中古マンション等,30,7.0,4.0,45000000,0.3269949664016639,0.6730050335983361,-32.699496640166394,安値,中度,40716804.53269933,60500000.0,True,30,要人手査定
9872,13107,東京都墨田区東駒形,中古マンション等,110,39.0,4.0,98000000,0.326993873188962,1.326993873188962,32.6993873188962,高値,中度,98197546.61598319,74000000.0,True,30,要人手査定
21061,13113,東京都渋谷区笹塚,中古マンション等,15,41.0,5.0,8600000,0.3269623177446452,0.6730376822553549,-32.696231774464515,安値,中度,9422527.551574968,14000000.0,True,30,要人手査定
21064,13113,東京都渋谷区笹塚,中古マンション等,15,41.0,5.0,9300000,0.3269623177446452,0.6730376822553549,-32.696231774464515,安値,中度,9422527.551574968,14000000.0,True,30,要人手査定
36342,13208,東京都調布市布田,中古マンション等,55,33.0,5.0,55000000,0.3269535588381231,1.3269535588381232,32.69535588381231,高値,中度,53078142.35352492,40000000.0,True,30,要人手査定
36374,13208,東京都調布市多摩川,中古マンション等,70,19.0,13.0,40000000,0.3269148078622733,0.6730851921377268,-32.69148078622733,安値,中度,37019685.56757497,55000000.0,True,30,要人手査定
2855,13103,東京都港区海岸,中古マンション等,80,3.0,6.0,310000000,0.32688682317279194,0.6731131768272081,-32.688682317279195,安値,中度,245686309.54193094,365000000.0,True,30,要人手査定
39651,13229,東京都西東京市谷戸町,中古マンション等,70,29.0,3.0,59000000,0.3268713483397564,1.3268713483397563,32.68713483397564,高値,中度,59045775.00111916,44500000.0,True,30,要人手査定
31160,13121,東京都足立区扇,中古マンション等,60,26.0,3.0,32000000,0.3268708028403388,1.3268708028403389,32.68708028403388,高値,中度,42459865.69089084,32000000.0,True,30,要人手査定
25065,13116,東京都豊島区長崎,中古マンション等,40,55.0,8.0,20000000,0.3268657383239287,0.6731342616760714,-32.68657383239287,安値,中度,15145520.887711605,22500000.0,True,30,要人手査定
36138,13208,東京都調布市柴崎,中古マンション等,125,30.0,14.0,66000000,0.3268364287588417,1.3268364287588417,32.683642875884175,高値,中度,65678403.223562665,49500000.0,True,30,要人手査定
314,13101,東京都千代田区神田猿楽町,中古マンション等,25,13.0,6.0,31000000,0.3268111886130959,0.6731888113869041,-32.681118861309585,安値,中度,31639874.135184493,47000000.0,True,30,要人手査定
19876,13112,東京都世田谷区奥沢,中古マンション等,80,2.0,1.0,220000000,0.3267637895248087,1.3267637895248088,32.676378952480874,高値,中度,212282206.3239694,160000000.0,True,30,要人手査定
34184,13201,東京都八王子市東中野,中古マンション等,85,26.0,2.0,37000000,0.3267539692707538,1.3267539692707537,32.675396927075376,高値,中度,44446257.97057025,33500000.0,True,30,要人手査定
24846,13116,東京都豊島区東池袋,中古マンション等,25,45.0,8.0,20000000,0.32672245475653044,1.3267224547565304,32.67224547565304,高値,中度,19237475.59396969,14500000.0,True,30,要人手査定
9585,13107,東京都墨田区八広,中古マンション等,75,26.0,9.0,45000000,0.32666982733440086,0.6733301726655991,-32.666982733440086,安値,中度,44776456.48226234,66500000.0,True,30,要人手査定
31827,13122,東京都葛飾区白鳥,中古マンション等,40,52.0,15.0,12000000,0.32665969994455074,0.6733403000554493,-32.665969994455075,安値,中度,11446785.100942638,17000000.0,True,30,要人手査定
5827,13104,東京都新宿区上落合,中古マンション等,25,42.0,2.0,15000000,0.32664892707620835,0.6733510729237916,-32.66489270762084,安値,中度,14140372.531399624,21000000.0,True,30,要人手査定
9043,13107,東京都墨田区江東橋,中古マンション等,50,12.0,9.0,62000000,0.3266371067449241,1.326637106744924,32.66371067449241,高値,中度,65005218.23050128,49000000.0,True,30,要人手査定
2527,13103,東京都港区元麻布,中古マンション等,50,43.0,3.0,100000000,0.3266308715529933,1.3266308715529933,32.66308715529933,高値,中度,92200845.57293303,69500000.0,True,30,要人手査定
21836,13114,東京都中野区鷺宮,中古マンション等,55,23.0,5.0,37000000,0.32662043532471075,0.6733795646752893,-32.662043532471074,安値,中度,44106361.486231446,65500000.0,True,30,要人手査定
10603,13108,東京都江東区大島,中古マンション等,90,14.0,7.0,88000000,0.3266119337219604,0.6733880662780396,-32.66119337219604,安値,中度,101008209.94170594,150000000.0,True,30,要人手査定
8969,13107,東京都墨田区江東橋,中古マンション等,55,12.0,8.0,74000000,0.3266094700675204,1.3266094700675204,32.66094700675204,高値,中度,73626825.58874738,55500000.0,True,30,要人手査定
24619,13116,東京都豊島区東池袋,中古マンション等,40,18.0,8.0,66000000,0.3265652054457407,1.3265652054457406,32.65652054457407,高値,中度,58368869.03961259,44000000.0,True,30,要人手査定
9734,13107,東京都墨田区江東橋,中古マンション等,50,18.0,5.0,65000000,0.3265631727517933,1.3265631727517933,32.65631727517933,高値,中度,65001595.46483787,49000000.0,True,30,要人手査定
6002,13104,東京都新宿区北新宿,中古マンション等,15,34.0,9.0,15000000,0.32651934185960685,0.6734806581403932,-32.651934185960684,安値,中度,12459392.175597273,18500000.0,True,30,要人手査定
30880,13121,東京都足立区西綾瀬,中古マンション等,100,24.0,4.0,28000000,0.3263911466489282,0.6736088533510718,-32.63911466489282,安値,中度,44458184.32117074,66000000.0,True,30,要人手査定
16164,13111,東京都大田区蒲田,中古マンション等,70,11.0,1.0,120000000,0.32636123040978876,1.3263612304097887,32.63612304097887,高値,中度,112740704.58483204,85000000.0,True,30,要人手査定
4889,13104,東京都新宿区西新宿,中古マンション等,65,47.0,4.0,80000000,0.32631867440697776,1.3263186744069777,32.631867440697775,高値,中度,70294889.74356982,53000000.0,True,30,要人手査定
38862,13224,東京都多摩市貝取,中古マンション等,90,39.0,5.0,14000000,0.32631284317843007,0.67368715682157,-32.631284317843004,安値,中度,14147430.29325297,21000000.0,True,30,要人手査定
35661,13206,東京都府中市是政,中古マンション等,75,29.0,3.0,25000000,0.3262697042978125,0.6737302957021876,-32.62697042978125,安値,中度,28296672.419491876,42000000.0,True,30,要人手査定
5219,13104,東京都新宿区中落合,中古マンション等,25,18.0,4.0,23000000,0.32623033342303726,0.6737696665769627,-32.62303334230373,安値,中度,21223744.497174326,31500000.0,True,30,要人手査定
35239,13205,東京都青梅市新町,中古マンション等,55,3.0,5.0,32000000,0.3262075525205041,1.3262075525205042,32.62075525205041,高値,中度,24534839.721629325,18500000.0,True,30,要人手査定
32721,13123,東京都江戸川区北小岩,中古マンション等,45,53.0,3.0,25000000,0.32615640064023876,0.6738435993597612,-32.61564006402388,安値,中度,16509168.18431415,24500000.0,True,30,要人手査定
13384,13109,東京都品川区北品川,中古マンション等,95,11.0,6.0,300000000,0.3261454028331305,1.3261454028331305,32.61454028331305,高値,中度,285121261.60912305,215000000.0,True,30,要人手査定
18427,13112,東京都世田谷区代田,中古マンション等,45,15.0,5.0,50000000,0.3261430317590575,0.6738569682409425,-32.614303175905754,安値,中度,49865415.649829745,74000000.0,True,30,要人手査定
5495,13104,東京都新宿区大京町,中古マンション等,70,15.0,5.0,140000000,0.3261373813586143,1.3261373813586144,32.61373813586143,高値,中度,159136485.76303372,120000000.0,True,30,要人手査定
7870,13106,東京都台東区千束,中古マンション等,20,36.0,7.0,11000000,0.32611795547218814,0.6738820445278119,-32.61179554721881,安値,中度,11119053.734708896,16500000.0,True,30,要人手査定
20557,13113,東京都渋谷区幡ケ谷,中古マンション等,40,8.0,9.0,68000000,0.32610680856372026,0.6738931914362797,-32.61068085637203,安値,中度,60650387.229265176,90000000.0,True,30,要人手査定
5824,13104,東京都新宿区上落合,中古マンション等,20,40.0,4.0,10000000,0.32610204543613697,0.673897954563863,-32.6102045436137,安値,中度,12130163.182149535,18000000.0,True,30,要人手査定
13509,13109,東京都品川区北品川,中古マンション等,115,46.0,8.0,140000000,0.32607209197210735,1.3260720919721074,32.607209197210736,高値,中度,130618101.05925258,98500000.0,True,30,要人手査定
33866,13201,東京都八王子市大和田町,中古マンション等,75,16.0,21.0,36000000,0.3260509404755791,1.3260509404755791,32.605094047557905,高値,中度,34477324.452365056,26000000.0,True,30,要人手査定
35416,13206,東京都府中市白糸台,中古マンション等,50,51.0,10.0,7000000,0.3260412832406074,0.6739587167593927,-32.60412832406074,安値,中度,10783339.468150282,16000000.0,True,30,要人手査定
34899,13203,東京都武蔵野市境南町,中古マンション等,45,57.0,8.0,21000000,0.32603000421935735,0.6739699957806427,-32.60300042193573,安値,中度,20556084.8713096,30500000.0,True,30,要人手査定
3025,13103,東京都港区海岸,中古マンション等,70,25.0,2.0,90000000,0.32600713333819875,0.6739928666618012,-32.600713333819876,安値,中度,117948751.66581522,175000000.0,True,30,要人手査定
16172,13111,東京都大田区蒲田,中古マンション等,80,11.0,1.0,130000000,0.3259769821008772,1.3259769821008773,32.59769821008772,高値,中度,122652870.84433115,92500000.0,True,30,要人手査定
18152,13112,東京都世田谷区南烏山,中古マンション等,75,50.0,4.0,46000000,0.32596310213088614,0.6740368978691138,-32.596310213088614,安値,中度,40442213.87214683,60000000.0,True,30,要人手査定
17645,13111,東京都大田区田園調布,中古マンション等,65,30.0,17.0,48000000,0.32595671479322796,1.3259567147932279,32.595671479322796,高値,中度,58342095.45090203,44000000.0,True,30,要人手査定
20862,13113,東京都渋谷区本町,中古マンション等,35,49.0,8.0,23000000,0.32591003106641425,0.6740899689335857,-32.59100310664142,安値,中度,19548609.099073987,29000000.0,True,30,要人手査定
12457,13108,東京都江東区北砂,中古マンション等,45,54.0,14.0,16000000,0.3257657974075409,0.6742342025924591,-32.57657974075409,安値,中度,19552791.875181314,29000000.0,True,30,要人手査定
5159,13104,東京都新宿区中落合,中古マンション等,80,14.0,5.0,120000000,0.32566118688998896,0.674338813110011,-32.5661186889989,安値,中度,101150821.96650165,150000000.0,True,30,要人手査定
8502,13106,東京都台東区池之端,中古マンション等,55,14.0,5.0,110000000,0.32564365671058904,1.3256436567105891,32.5643656710589,高値,中度,108039958.021913,81500000.0,True,30,要人手査定
19986,13112,東京都世田谷区北沢,中古マンション等,50,25.0,3.0,86000000,0.3256045683912972,1.3256045683912971,32.56045683912972,高値,中度,86164296.94543432,65000000.0,True,30,要人手査定
34816,13203,東京都武蔵野市中町,中古マンション等,70,4.0,3.0,140000000,0.32559760567292656,1.3255976056729266,32.559760567292656,高値,中度,119966583.31339985,90500000.0,True,30,要人手査定
34823,13203,東京都武蔵野市中町,中古マンション等,70,4.0,3.0,120000000,0.32559760567292656,1.3255976056729266,32.559760567292656,高値,中度,119966583.31339985,90500000.0,True,30,要人手査定
13762,13109,東京都品川区東品川,中古マンション等,60,46.0,6.0,40000000,0.3254031989707224,0.6745968010292775,-32.54031989707224,安値,中度,32380646.449405324,48000000.0,True,30,要人手査定
19022,13112,東京都世田谷区野沢,中古マンション等,85,11.0,12.0,150000000,0.3253372369414772,1.325337236941477,32.53372369414772,高値,中度,127895043.36485255,96500000.0,True,30,要人手査定
13144,13109,東京都品川区大井,中古マンション等,70,14.0,5.0,170000000,0.32531652126749994,1.3253165212675,32.53165212675,高値,中度,165664565.1584375,125000000.0,True,30,要人手査定
21995,13114,東京都中野区中央,中古マンション等,25,39.0,4.0,27000000,0.3253056131837129,1.3253056131837129,32.53056131837129,高値,中度,19216931.391163837,14500000.0,True,30,要人手査定
25656,13117,東京都北区滝野川,中古マンション等,40,45.0,5.0,15000000,0.32527590442358145,0.6747240955764185,-32.52759044235815,安値,中度,21591171.058445394,32000000.0,True,30,要人手査定
11311,13108,東京都江東区豊洲,中古マンション等,80,12.0,12.0,160000000,0.32520662393083627,1.3252066239308362,32.520662393083626,高値,中度,145772728.632392,110000000.0,True,30,要人手査定
18433,13112,東京都世田谷区玉川,中古マンション等,75,16.0,8.0,150000000,0.3252043548301001,1.3252043548301,32.520435483010004,高値,中度,145772479.031311,110000000.0,True,30,要人手査定
10599,13108,東京都江東区大島,中古マンション等,100,30.0,4.0,66000000,0.3251892415054603,0.6748107584945396,-32.51892415054603,安値,中度,66131454.33246489,98000000.0,True,30,要人手査定
18439,13112,東京都世田谷区玉川,中古マンション等,80,11.0,5.0,130000000,0.32518537818908416,1.325185378189084,32.51853781890841,高値,中度,159022245.3826901,120000000.0,True,30,要人手査定
2671,13103,東京都港区六本木,中古マンション等,120,23.0,7.0,550000000,0.32512486630040605,1.325124866300406,32.512486630040605,高値,中度,516798697.85715836,390000000.0,True,30,要人手査定
36873,13209,東京都町田市中町,中古マンション等,70,9.0,8.0,65000000,0.32508895087911704,1.325088950879117,32.508895087911704,高値,中度,64929358.593076736,49000000.0,True,30,要人手査定
36874,13209,東京都町田市中町,中古マンション等,70,9.0,8.0,62000000,0.32508895087911704,1.325088950879117,32.508895087911704,高値,中度,64929358.593076736,49000000.0,True,30,要人手査定
36494,13208,東京都調布市上石原,中古マンション等,65,38.0,4.0,44000000,0.32506530547859563,0.6749346945214043,-32.50653054785956,安値,中度,28347257.169898983,42000000.0,True,30,要人手査定
36072,13207,東京都昭島市松原町,中古マンション等,70,20.0,10.0,27000000,0.3250643487062389,0.6749356512937611,-32.50643487062389,安値,中度,26997426.051750444,40000000.0,True,30,要人手査定
30879,13121,東京都足立区西綾瀬,中古マンション等,105,24.0,5.0,33000000,0.3250542633101648,0.6749457366898353,-32.50542633101648,安値,中度,44208945.75318421,65500000.0,True,30,要人手査定
35464,13206,東京都府中市日鋼町,中古マンション等,50,60.0,11.0,20000000,0.32503154332076745,0.6749684566792326,-32.50315433207675,安値,中度,9787042.621848872,14500000.0,True,30,要人手査定
17181,13111,東京都大田区大森北,中古マンション等,50,47.0,6.0,45000000,0.32502891506229614,1.325028915062296,32.502891506229616,高値,中度,43725954.19705577,33000000.0,True,30,要人手査定
13088,13109,東京都品川区大井,中古マンション等,25,7.0,5.0,54000000,0.3249314402166294,1.3249314402166295,32.49314402166294,高値,中度,45047668.9673654,34000000.0,True,30,要人手査定
33348,13123,東京都江戸川区東小岩,中古マンション等,35,53.0,7.0,9000000,0.3248968168112168,0.6751031831887832,-32.48968168112168,安値,中度,10464099.33942614,15500000.0,True,30,要人手査定
36904,13209,東京都町田市南大谷,中古マンション等,45,65.0,15.0,3900000,0.3248589931992791,0.675141006800721,-32.48589931992791,安値,中度,5907483.809506308,8750000.0,True,30,要人手査定
37003,13209,東京都町田市藤の台,中古マンション等,50,55.0,5.0,6000000,0.32485348515725926,0.6751465148427407,-32.485348515725924,安値,中度,6582678.519716722,9750000.0,True,30,要人手査定
34332,13202,東京都立川市富士見町,中古マンション等,45,58.0,5.0,6100000,0.3247937595844917,0.6752062404155084,-32.47937595844917,安値,中度,6279418.035864227,9300000.0,True,30,要人手査定
21403,13113,東京都渋谷区恵比寿西,中古マンション等,60,7.0,3.0,250000000,0.3247627520480845,1.3247627520480845,32.47627520480845,高値,中度,198714412.80721268,150000000.0,True,30,要人手査定
24257,13116,東京都豊島区南池袋,中古マンション等,25,13.0,3.0,32000000,0.3247080811744608,1.324708081174461,32.47080811744608,高値,中度,35767118.19171044,27000000.0,True,30,要人手査定
13325,13109,東京都品川区旗の台,中古マンション等,45,44.0,4.0,46000000,0.32469641525582926,0.6753035847441707,-32.46964152558293,安値,中度,29713357.728743512,44000000.0,True,30,要人手査定
37244,13210,東京都小金井市貫井北町,中古マンション等,55,31.0,24.0,20000000,0.3245470185178271,0.6754529814821729,-32.45470185178271,安値,中度,22289948.388911705,33000000.0,True,30,要人手査定
11011,13108,東京都江東区大島,中古マンション等,110,26.0,6.0,93000000,0.32454642465660266,0.6754535753433973,-32.454642465660264,安値,中度,108072572.05494358,160000000.0,True,30,要人手査定
3331,13103,東京都港区白金台,中古マンション等,75,9.0,2.0,160000000,0.3245406069843034,0.6754593930156966,-32.45406069843034,安値,中度,185751333.07931656,275000000.0,True,30,要人手査定
38730,13222,東京都東久留米市本町,中古マンション等,60,32.0,2.0,38000000,0.3245301812125083,1.3245301812125083,32.453018121250835,高値,中度,34437784.71152522,26000000.0,True,30,要人手査定
25122,13116,東京都豊島区東池袋,中古マンション等,30,17.0,7.0,40000000,0.32451882435999313,1.3245188243599932,32.451882435999316,高値,中度,39735564.730799794,30000000.0,True,30,要人手査定
20098,13112,東京都世田谷区三軒茶屋,中古マンション等,30,54.0,3.0,29000000,0.3245112198928403,1.3245112198928404,32.45112198928403,高値,中度,29139246.837642487,22000000.0,True,30,要人手査定
15294,13110,東京都目黒区三田,中古マンション等,70,24.0,10.0,150000000,0.3244832712801655,1.3244832712801655,32.44832712801655,高値,中度,139070743.48441738,105000000.0,True,30,要人手査定
5398,13104,東京都新宿区赤城元町,中古マンション等,60,16.0,1.0,67000000,0.3244777884223085,1.3244777884223085,32.44777884223085,高値,中度,116554045.38116315,88000000.0,True,30,要人手査定
5434,13104,東京都新宿区百人町,中古マンション等,55,46.0,4.0,35000000,0.3244743648123941,0.6755256351876059,-32.447436481239414,安値,中度,34451807.3945679,51000000.0,True,30,要人手査定
39377,13227,東京都羽村市神明台,中古マンション等,55,50.0,12.0,7400000,0.3244738674595794,0.6755261325404206,-32.44738674595794,安値,中度,7093024.391674416,10500000.0,True,30,要人手査定
26809,13118,東京都荒川区東日暮里,中古マンション等,65,21.0,5.0,84000000,0.32446418004017147,1.3244641800401715,32.44641800401715,高値,中度,72845529.90220943,55000000.0,True,30,要人手査定
27266,13119,東京都板橋区高島平,中古マンション等,40,52.0,5.0,8600000,0.3244484285484249,0.6755515714515751,-32.44484285484249,安値,中度,12159928.286128351,18000000.0,True,30,要人手査定
6014,13104,東京都新宿区左門町,中古マンション等,50,22.0,4.0,120000000,0.324198129817527,1.324198129817527,32.4198129817527,高値,中度,92031770.02231812,69500000.0,True,30,要人手査定
13332,13109,東京都品川区東五反田,中古マンション等,85,28.0,4.0,150000000,0.3241781862015205,1.3241781862015205,32.41781862015205,高値,中度,139038709.55115965,105000000.0,True,30,要人手査定
2766,13103,東京都港区高輪,中古マンション等,60,9.0,6.0,120000000,0.3241356654516123,0.6758643345483877,-32.41356654516123,安値,中度,135172866.90967754,200000000.0,True,30,要人手査定
17799,13111,東京都大田区西蒲田,中古マンション等,60,24.0,3.0,66000000,0.32411771018697755,1.3241177101869774,32.411771018697756,高値,中度,70840297.4950033,53500000.0,True,30,要人手査定
19761,13112,東京都世田谷区瀬田,中古マンション等,80,57.0,10.0,70000000,0.324111038597649,1.324111038597649,32.4111038597649,高値,中度,70177885.0456754,53000000.0,True,30,要人手査定
16248,13111,東京都大田区大森北,中古マンション等,55,22.0,6.0,63000000,0.3240850936786421,1.3240850936786421,32.408509367864205,高値,中度,62894041.9497355,47500000.0,True,30,要人手査定
20632,13113,東京都渋谷区広尾,中古マンション等,115,18.0,11.0,290000000,0.32396232703344774,1.3239623270334477,32.39623270334477,高値,中度,337610393.3935292,255000000.0,True,30,要人手査定
1926,13102,東京都中央区佃,中古マンション等,105,21.0,1.0,230000000,0.3239238243774959,1.3239238243774958,32.39238243774959,高値,中度,238306288.38794926,180000000.0,True,30,要人手査定
18479,13112,東京都世田谷区上祖師谷,中古マンション等,70,31.0,11.0,55000000,0.3239109443937013,0.6760890556062987,-32.391094439370136,安値,中度,56115391.61532279,83000000.0,True,30,要人手査定
27932,13119,東京都板橋区中台,中古マンション等,60,51.0,12.0,17000000,0.32387072974033737,0.6761292702596626,-32.387072974033735,安値,中度,18255490.29701089,27000000.0,True,30,要人手査定
301,13101,東京都千代田区一番町,中古マンション等,120,25.0,3.0,530000000,0.3238674585138236,1.3238674585138237,32.38674585138236,高値,中度,390540900.26157796,295000000.0,True,30,要人手査定
9457,13107,東京都墨田区錦糸,中古マンション等,60,12.0,6.0,68000000,0.3238669941099698,1.3238669941099697,32.386699410996975,高値,中度,83403620.6289281,63000000.0,True,30,要人手査定
30032,13120,東京都練馬区練馬,中古マンション等,60,29.0,2.0,77000000,0.323855742160573,1.323855742160573,32.3855742160573,高値,中度,66854714.97910894,50500000.0,True,30,要人手査定
29967,13120,東京都練馬区中村北,中古マンション等,65,17.0,9.0,80000000,0.3238412214315679,1.3238412214315678,32.38412214315679,高値,中度,80092393.89660986,60500000.0,True,30,要人手査定
6269,13104,東京都新宿区西落合,中古マンション等,15,32.0,0.0,13000000,0.32382629255109613,0.6761737074489038,-32.38262925510961,安値,中度,15890082.12504924,23500000.0,True,30,要人手査定
17934,13111,東京都大田区東六郷,中古マンション等,50,48.0,8.0,20000000,0.32382256867195264,0.6761774313280474,-32.38225686719527,安値,中度,21299589.086833492,31500000.0,True,30,要人手査定
38269,13215,東京都国立市東,中古マンション等,60,27.0,3.0,67000000,0.32380928678878024,1.3238092867887803,32.38092867887802,高値,中度,63542845.76586145,48000000.0,True,30,要人手査定
1988,13102,東京都中央区勝どき,中古マンション等,90,18.0,6.0,180000000,0.32378295679875035,1.3237829567987505,32.37829567987504,高値,中度,198567443.51981255,150000000.0,True,30,要人手査定
2523,13103,東京都港区東新橋,中古マンション等,100,24.0,3.0,450000000,0.32377622573269477,1.3237762257326948,32.37762257326948,高値,中度,430227273.3631258,325000000.0,True,30,要人手査定
5699,13104,東京都新宿区北町,中古マンション等,75,26.0,2.0,150000000,0.3237611599380993,1.3237611599380994,32.376115993809925,高値,中度,129066713.09396468,97500000.0,True,30,要人手査定
34709,13203,東京都武蔵野市境,中古マンション等,35,21.0,2.0,40000000,0.3237231194727505,0.6762768805272495,-32.37231194727505,安値,中度,29079905.86267173,43000000.0,True,30,要人手査定
24405,13116,東京都豊島区池袋本町,中古マンション等,55,3.0,5.0,76000000,0.32363963695294645,0.6763603630470535,-32.36396369529464,安値,中度,81163243.56564642,120000000.0,True,30,要人手査定
4297,13103,東京都港区白金台,中古マンション等,105,46.0,4.0,290000000,0.3236354624536211,1.323635462453621,32.363546245362116,高値,中度,238254383.2416518,180000000.0,True,30,要人手査定
36685,13208,東京都調布市布田,中古マンション等,55,26.0,1.0,60000000,0.32360518344149664,1.3236051834414966,32.36051834414966,高値,中度,67503864.35551633,51000000.0,True,30,要人手査定
12715,13108,東京都江東区東陽,中古マンション等,55,47.0,3.0,50000000,0.32357628693614077,1.3235762869361407,32.357628693614075,高値,中度,48972322.61663721,37000000.0,True,30,要人手査定
30156,13121,東京都足立区中川,中古マンション等,45,52.0,5.0,12000000,0.32357604204009205,0.676423957959908,-32.357604204009206,安値,中度,11837419.264298389,17500000.0,True,30,要人手査定
11243,13108,東京都江東区亀戸,中古マンション等,25,37.0,11.0,16000000,0.3235552390413087,0.6764447609586913,-32.35552390413087,安値,中度,13528895.219173826,20000000.0,True,30,要人手査定
23561,13115,東京都杉並区久我山,中古マンション等,40,58.0,4.0,20000000,0.3235496029955494,1.3235496029955494,32.35496029955494,高値,中度,23823892.85391989,18000000.0,True,30,要人手査定
24563,13116,東京都豊島区目白,中古マンション等,75,12.0,8.0,110000000,0.3235013182673,1.3235013182672999,32.35013182673,高値,中度,132350131.82673,100000000.0,True,30,要人手査定
1362,13102,東京都中央区銀座,中古マンション等,30,22.0,6.0,68000000,0.3234501255199453,1.3234501255199453,32.34501255199453,高値,中度,43012129.07939822,32500000.0,True,30,要人手査定
38329,13218,東京都福生市大字福生,中古マンション等,30,45.0,5.0,4800000,0.32335260931126736,0.6766473906887327,-32.33526093112673,安値,中度,4973358.321562185,7350000.0,True,30,要人手査定
12041,13108,東京都江東区南砂,中古マンション等,85,23.0,16.0,71000000,0.32332319848667684,1.323323198486677,32.33231984866769,高値,中度,77414407.1114706,58500000.0,True,30,要人手査定
18824,13112,東京都世田谷区上野毛,中古マンション等,30,18.0,9.0,25000000,0.3231809135080573,0.6768190864919427,-32.31809135080573,安値,中度,25380715.74344785,37500000.0,True,30,要人手査定
9126,13107,東京都墨田区墨田,中古マンション等,75,17.0,6.0,51000000,0.3230016938631279,0.6769983061368722,-32.30016938631279,安値,中度,51451871.26640228,76000000.0,True,30,要人手査定
3175,13103,東京都港区六本木,中古マンション等,25,25.0,4.0,35000000,0.3229744176484684,1.3229744176484683,32.29744176484684,高値,中度,42335181.36475099,32000000.0,True,30,要人手査定
5086,13104,東京都新宿区中落合,中古マンション等,25,14.0,9.0,27000000,0.3229717620343793,0.6770282379656207,-32.29717620343793,安値,中度,22341931.852865484,33000000.0,True,30,要人手査定
31473,13121,東京都足立区西新井,中古マンション等,55,32.0,8.0,21000000,0.32295899446982973,0.6770410055301702,-32.29589944698297,安値,中度,20988271.171435278,31000000.0,True,30,要人手査定
9125,13107,東京都墨田区墨田,中古マンション等,65,17.0,6.0,48000000,0.32293954375488154,0.6770604562451185,-32.293954375488156,安値,中度,42993338.97156502,63500000.0,True,30,要人手査定
22466,13114,東京都中野区鷺宮,中古マンション等,50,26.0,10.0,37000000,0.3229367391944838,0.6770632608055163,-32.29367391944838,安値,中度,37238479.34430339,55000000.0,True,30,要人手査定
14320,13109,東京都品川区大崎,中古マンション等,100,28.0,6.0,180000000,0.3229321323939134,1.3229321323939134,32.293213239391335,高値,中度,185210498.53514788,140000000.0,True,30,要人手査定
1987,13102,東京都中央区勝どき,中古マンション等,75,53.0,10.0,87000000,0.32292599932701227,1.3229259993270124,32.29259993270123,高値,中度,85328726.95659229,64500000.0,True,30,要人手査定
36211,13208,東京都調布市染地,中古マンション等,75,28.0,17.0,38000000,0.3228956503065724,0.6771043496934276,-32.28956503065724,安値,中度,29454039.2116641,43500000.0,True,30,要人手査定
9348,13107,東京都墨田区東向島,中古マンション等,20,38.0,3.0,8500000,0.32288408048817563,0.6771159195118244,-32.288408048817566,安値,中度,10833854.71218919,16000000.0,True,30,要人手査定
9329,13107,東京都墨田区堤通,中古マンション等,80,26.0,13.0,44000000,0.32287907804609456,0.6771209219539054,-32.28790780460945,安値,中度,44012859.92700385,65000000.0,True,30,要人手査定
24688,13116,東京都豊島区東池袋,中古マンション等,70,4.0,1.0,190000000,0.32287373621032306,1.3228737362103231,32.28737362103231,高値,中度,171973585.707342,130000000.0,True,30,要人手査定
24859,13116,東京都豊島区東池袋,中古マンション等,35,17.0,7.0,44000000,0.3228462650503304,1.3228462650503303,32.284626505033046,高値,中度,46961042.40928673,35500000.0,True,30,要人手査定
30485,13121,東京都足立区千住東,中古マンション等,80,20.0,8.0,54000000,0.32283831297164517,1.3228383129716452,32.28383129716452,高値,中度,64819077.33561061,49000000.0,True,30,要人手査定
12925,13108,東京都江東区南砂,中古マンション等,30,52.0,8.0,12000000,0.3228002941057833,0.6771997058942167,-32.28002941057833,安値,中度,13543994.117884334,20000000.0,True,30,要人手査定
35754,13206,東京都府中市緑町,中古マンション等,20,19.0,8.0,18000000,0.32273616090426116,0.6772638390957388,-32.27361609042612,安値,中度,15238436.379654124,22500000.0,True,30,要人手査定
21529,13113,東京都渋谷区千駄ケ谷,中古マンション等,35,23.0,3.0,49000000,0.32272586721936414,1.322725867219364,32.27258672193641,高値,中度,56215849.356822975,42500000.0,True,30,要人手査定
22307,13114,東京都中野区弥生町,中古マンション等,60,25.0,1.0,60000000,0.3226919166087616,0.6773080833912384,-32.26919166087616,安値,中度,60619073.46351583,89500000.0,True,30,要人手査定
21340,13113,東京都渋谷区千駄ケ谷,中古マンション等,35,22.0,4.0,57000000,0.32268811525577185,1.322688115255772,32.268811525577185,高値,中度,56875588.95599819,43000000.0,True,30,要人手査定
9102,13107,東京都墨田区京島,中古マンション等,75,19.0,2.0,97000000,0.32266943340465815,1.3226694334046583,32.266943340465815,高値,中度,91264190.90492141,69000000.0,True,30,要人手査定
17463,13111,東京都大田区久が原,中古マンション等,80,27.0,10.0,150000000,0.32263911454598165,1.3226391145459817,32.263911454598166,高値,中度,91923418.46094573,69500000.0,True,30,要人手査定
9644,13107,東京都墨田区押上,中古マンション等,50,11.0,6.0,59000000,0.3225610945122165,1.3225610945122164,32.25610945122165,高値,中度,68773176.91463526,52000000.0,True,30,要人手査定
6751,13105,東京都文京区千石,中古マンション等,40,55.0,9.0,25000000,0.32255923063591213,0.6774407693640879,-32.25592306359121,安値,中度,22355545.3890149,33000000.0,True,30,要人手査定
32803,13123,東京都江戸川区東葛西,中古マンション等,50,53.0,16.0,18000000,0.32254569131221156,0.6774543086877884,-32.25456913122115,安値,中度,17952539.180226393,26500000.0,True,30,要人手査定
27723,13119,東京都板橋区弥生町,中古マンション等,55,35.0,6.0,29000000,0.32252809097618007,0.6774719090238199,-32.252809097618005,安値,中度,29808763.997048076,44000000.0,True,30,要人手査定
3097,13103,東京都港区浜松町,中古マンション等,75,7.0,5.0,440000000,0.3224989208252921,1.322498920825292,32.24989208252921,高値,中度,343849719.41457593,260000000.0,True,30,要人手査定
37035,13209,東京都町田市鶴川,中古マンション等,50,57.0,20.0,5000000,0.3224750930458792,0.6775249069541208,-32.247509304587915,安値,中度,5928342.935848557,8750000.0,True,30,要人手査定
39367,13227,東京都羽村市小作台,中古マンション等,65,36.0,8.0,15000000,0.3224554015939733,0.6775445984060267,-32.24554015939733,安値,中度,8130535.18087232,12000000.0,True,30,要人手査定
12868,13108,東京都江東区平野,中古マンション等,35,21.0,7.0,42000000,0.3224467936041099,1.3224467936041098,32.24467936041099,高値,中度,44963190.982539736,34000000.0,True,30,要人手査定
16409,13111,東京都大田区蒲田,中古マンション等,55,42.0,5.0,45000000,0.3224452433488334,1.3224452433488334,32.24452433488334,高値,中度,44963138.273860335,34000000.0,True,30,要人手査定
38541,13220,東京都東大和市桜が丘,中古マンション等,70,39.0,4.0,19000000,0.3224411249033191,0.6775588750966809,-32.24411249033191,安値,中度,19987986.815352086,29500000.0,True,30,要人手査定
30302,13121,東京都足立区小台,中古マンション等,75,14.0,5.0,52000000,0.3224040580207394,0.6775959419792607,-32.24040580207394,安値,中度,44721332.1706312,66000000.0,True,30,要人手査定
21116,13113,東京都渋谷区恵比寿,中古マンション等,45,3.0,6.0,150000000,0.322398166428971,1.322398166428971,32.239816642897104,高値,中度,116371038.64574945,88000000.0,True,30,要人手査定
31124,13121,東京都足立区梅田,中古マンション等,65,26.0,6.0,53000000,0.32239209628038845,1.3223920962803883,32.23920962803884,高値,中度,49589703.61051457,37500000.0,True,30,要人手査定
7799,13106,東京都台東区千束,中古マンション等,30,51.0,13.0,12000000,0.3223787728787737,0.6776212271212263,-32.23787728787737,安値,中度,12874803.3153033,19000000.0,True,30,要人手査定
27427,13119,東京都板橋区若木,中古マンション等,30,53.0,16.0,8800000,0.3223610381982951,0.6776389618017049,-32.23610381982951,安値,中度,8470487.022521311,12500000.0,True,30,要人手査定
25583,13117,東京都北区赤羽,中古マンション等,75,23.0,7.0,78000000,0.3223533491818041,1.322353349181804,32.235334918180406,高値,中度,79341200.95090824,60000000.0,True,30,要人手査定
21838,13114,東京都中野区中央,中古マンション等,70,13.0,6.0,120000000,0.32234952406530504,1.322349524065305,32.2349524065305,高値,中度,126945554.31026928,96000000.0,True,30,要人手査定
29816,13120,東京都練馬区立野町,中古マンション等,60,10.0,21.0,50000000,0.32234421508751226,1.3223442150875122,32.234421508751225,高値,中度,64133694.431744345,48500000.0,True,30,要人手査定
9912,13107,東京都墨田区東向島,中古マンション等,45,31.0,8.0,28000000,0.3223176447247375,0.6776823552752625,-32.23176447247375,安値,中度,30834547.165024444,45500000.0,True,30,要人手査定
37515,13212,東京都日野市多摩平,中古マンション等,60,28.0,19.0,14000000,0.32229330407967016,0.6777066959203298,-32.22933040796702,安値,中度,16942667.398008246,25000000.0,True,30,要人手査定
391,13101,東京都千代田区岩本町,中古マンション等,15,45.0,4.0,17000000,0.32227984891999567,0.6777201510800043,-32.22798489199957,安値,中度,13554403.021600086,20000000.0,True,30,要人手査定
2960,13103,東京都港区南青山,中古マンション等,65,9.0,8.0,230000000,0.3222780597364983,1.3222780597364983,32.22780597364983,高値,中度,224787270.1552047,170000000.0,True,30,要人手査定
9592,13107,東京都墨田区両国,中古マンション等,55,43.0,5.0,41000000,0.322232304392784,1.322232304392784,32.2232304392784,高値,中度,46939246.80594383,35500000.0,True,30,要人手査定
21485,13113,東京都渋谷区渋谷,中古マンション等,50,25.0,9.0,59000000,0.32219842484365596,1.322198424843656,32.21984248436559,高値,中度,127592147.9974128,96500000.0,True,30,要人手査定
12148,13108,東京都江東区有明,中古マンション等,80,17.0,9.0,120000000,0.3221983440242172,1.322198344024217,32.21983440242172,高値,中度,124286644.33827642,94000000.0,True,30,要人手査定
34672,13203,東京都武蔵野市吉祥寺本町,中古マンション等,50,50.0,5.0,44000000,0.3221800114079644,1.3221800114079645,32.21800114079644,高値,中度,43631940.376462825,33000000.0,True,30,要人手査定
9029,13107,東京都墨田区京島,中古マンション等,25,59.0,4.0,5900000,0.32208898914294104,0.677911010857059,-32.2088989142941,安値,中度,10168665.162855884,15000000.0,True,30,要人手査定
30535,13121,東京都足立区扇,中古マンション等,65,44.0,8.0,20000000,0.322056258743211,0.677943741256789,-32.2056258743211,安値,中度,19999340.367075276,29500000.0,True,30,要人手査定
32411,13122,東京都葛飾区東堀切,中古マンション等,60,36.0,12.0,35000000,0.3220005599392244,1.3220005599392244,32.20005599392244,高値,中度,35694015.11835906,27000000.0,True,30,要人手査定
24106,13115,東京都杉並区和田,中古マンション等,55,26.0,8.0,70000000,0.3219654192350015,1.3219654192350014,32.19654192350015,高値,中度,70064167.21945508,53000000.0,True,30,要人手査定
12823,13108,東京都江東区東砂,中古マンション等,60,11.0,9.0,60000000,0.32195199741223646,0.6780480025877635,-32.19519974122365,安値,中度,57973104.22125378,85500000.0,True,30,要人手査定
22903,13115,東京都杉並区井草,中古マンション等,15,42.0,4.0,6000000,0.3218901120180208,0.6781098879819791,-32.18901120180208,安値,中度,7459208.767801771,11000000.0,True,30,要人手査定
3325,13103,東京都港区芝,中古マンション等,50,15.0,4.0,110000000,0.321883655052606,0.678116344947394,-32.1883655052606,安値,中度,111889196.91632001,165000000.0,True,30,要人手査定
31330,13121,東京都足立区千住寿町,中古マンション等,25,1.0,10.0,39000000,0.3218413293461761,1.3218413293461762,32.18413293461761,高値,中度,38333398.55103911,29000000.0,True,30,要人手査定
31328,13121,東京都足立区千住寿町,中古マンション等,25,1.0,10.0,39000000,0.3218413293461761,1.3218413293461762,32.18413293461761,高値,中度,38333398.55103911,29000000.0,True,30,要人手査定
25312,13117,東京都北区浮間,中古マンション等,70,28.0,8.0,45000000,0.32176626789706225,0.6782337321029377,-32.176626789706226,安値,中度,40015790.19407333,59000000.0,True,30,要人手査定
14628,13109,東京都品川区東五反田,中古マンション等,80,28.0,4.0,150000000,0.3217396963000498,1.3217396963000498,32.173969630004976,高値,中度,130852229.93370493,99000000.0,True,30,要人手査定
37531,13212,東京都日野市多摩平,中古マンション等,75,3.0,9.0,60000000,0.32169185963846614,1.3216918596384661,32.169185963846616,高値,中度,60797825.54336944,46000000.0,True,30,要人手査定
37533,13212,東京都日野市多摩平,中古マンション等,75,3.0,9.0,61000000,0.32169185963846614,1.3216918596384661,32.169185963846616,高値,中度,60797825.54336944,46000000.0,True,30,要人手査定
24253,13116,東京都豊島区西巣鴨,中古マンション等,60,21.0,1.0,63000000,0.3216877158850999,0.6783122841149001,-32.16877158850999,安値,中度,67492072.26943256,99500000.0,True,30,要人手査定
15810,13110,東京都目黒区碑文谷,中古マンション等,50,23.0,16.0,53000000,0.3215993494527104,0.6784006505472896,-32.15993494527104,安値,中度,51897649.76686765,76500000.0,True,30,要人手査定
10639,13108,東京都江東区亀戸,中古マンション等,35,6.0,5.0,53000000,0.3215923039997233,1.3215923039997233,32.15923039997233,高値,中度,46255730.639990315,35000000.0,True,30,要人手査定
15433,13110,東京都目黒区東山,中古マンション等,80,57.0,10.0,93000000,0.3215795374702217,1.3215795374702217,32.15795374702217,高値,中度,87224249.47303464,66000000.0,True,30,要人手査定
24183,13116,東京都豊島区南池袋,中古マンション等,85,11.0,1.0,220000000,0.3215777180809248,1.3215777180809247,32.15777180809248,高値,中度,237883989.25456646,180000000.0,True,30,要人手査定
13895,13109,東京都品川区八潮,中古マンション等,80,42.0,8.0,46000000,0.32155360301094055,0.6784463969890594,-32.155360301094056,安値,中度,40706783.81934357,60000000.0,True,30,要人手査定
30943,13121,東京都足立区千住関屋町,中古マンション等,80,26.0,13.0,53000000,0.3215526797663355,1.3215526797663355,32.15526797663355,高値,中度,52862107.19065342,40000000.0,True,30,要人手査定
4483,13103,東京都港区南青山,中古マンション等,60,11.0,4.0,230000000,0.3214548924997465,1.3214548924997465,32.14548924997465,高値,中度,218040057.26245818,165000000.0,True,30,要人手査定
32018,13122,東京都葛飾区堀切,中古マンション等,45,42.0,14.0,11000000,0.32142566158841407,0.6785743384115859,-32.142566158841404,安値,中度,13232199.599025926,19500000.0,True,30,要人手査定
37049,13209,東京都町田市中町,中古マンション等,65,9.0,8.0,65000000,0.32139040785009404,1.321390407850094,32.139040785009406,高値,中度,64087434.78072956,48500000.0,True,30,要人手査定
34222,13201,東京都八王子市松木,中古マンション等,95,41.0,15.0,28000000,0.3213462322582897,1.3213462322582896,32.13462322582897,高値,中度,27748270.877424084,21000000.0,True,30,要人手査定
25217,13116,東京都豊島区目白,中古マンション等,30,16.0,10.0,58000000,0.3213261535103433,1.3213261535103433,32.13261535103433,高値,中度,35015143.0680241,26500000.0,True,30,要人手査定
18610,13112,東京都世田谷区北沢,中古マンション等,30,38.0,4.0,20000000,0.3213222892349754,1.3213222892349754,32.13222892349754,高値,中度,23123140.06161207,17500000.0,True,30,要人手査定
30375,13121,東京都足立区小台,中古マンション等,75,14.0,5.0,48000000,0.3212988517365274,0.6787011482634726,-32.12988517365274,安値,中度,44794275.78538919,66000000.0,True,30,要人手査定
8446,13106,東京都台東区浅草,中古マンション等,30,9.0,9.0,43000000,0.3212961859500075,1.3212961859500074,32.12961859500075,高値,中度,41620829.857425235,31500000.0,True,30,要人手査定
30684,13121,東京都足立区鹿浜,中古マンション等,60,39.0,15.0,14000000,0.3212059172928635,0.6787940827071365,-32.12059172928635,安値,中度,15272866.86091057,22500000.0,True,30,要人手査定
24013,13115,東京都杉並区浜田山,中古マンション等,70,3.0,9.0,120000000,0.32119620368088436,1.3211962036808844,32.119620368088434,高値,中度,120228854.53496048,91000000.0,True,30,要人手査定
19705,13112,東京都世田谷区池尻,中古マンション等,75,14.0,8.0,160000000,0.32114571903226374,1.3211457190322637,32.11457190322638,高値,中度,145326029.093549,110000000.0,True,30,要人手査定
24169,13116,東京都豊島区高田,中古マンション等,80,18.0,12.0,170000000,0.3211019311624374,1.3211019311624375,32.11019311624374,高値,中度,120220275.7357818,91000000.0,True,30,要人手査定
14623,13109,東京都品川区東五反田,中古マンション等,70,29.0,6.0,100000000,0.32109994288599336,1.3210999428859933,32.10999428859934,高値,中度,115596245.00252442,87500000.0,True,30,要人手査定
24369,13116,東京都豊島区西巣鴨,中古マンション等,95,26.0,1.0,100000000,0.32107600135467756,0.6789239986453224,-32.107600135467756,安値,中度,101838599.79679836,150000000.0,True,30,要人手査定
27781,13119,東京都板橋区蓮根,中古マンション等,60,32.0,7.0,33000000,0.32104448418418136,0.6789555158158187,-32.10444841841814,安値,中度,28855609.422172293,42500000.0,True,30,要人手査定
3545,13103,東京都港区白金台,中古マンション等,75,9.0,2.0,180000000,0.32104040073777873,0.6789595992622213,-32.104040073777874,安値,中度,186713889.79711086,275000000.0,True,30,要人手査定
25099,13116,東京都豊島区西巣鴨,中古マンション等,70,19.0,1.0,79000000,0.3210398403661274,0.6789601596338726,-32.103984036612744,安値,中度,88264820.75240344,130000000.0,True,30,要人手査定
32975,13123,東京都江戸川区西葛西,中古マンション等,65,26.0,13.0,55000000,0.32095931110110293,1.3209593111011029,32.09593111011029,高値,中度,48875494.51074081,37000000.0,True,30,要人手査定
13231,13109,東京都品川区上大崎,中古マンション等,75,26.0,9.0,150000000,0.32089891306800816,1.3208989130680082,32.089891306800816,高値,中度,145298880.4374809,110000000.0,True,30,要人手査定
21372,13113,東京都渋谷区鶯谷町,中古マンション等,45,55.0,6.0,65000000,0.3208135475004983,1.3208135475004983,32.081354750049826,高値,中度,59436609.63752242,45000000.0,True,30,要人手査定
27385,13119,東京都板橋区高島平,中古マンション等,60,32.0,3.0,39000000,0.32081292550094237,0.6791870744990577,-32.08129255009424,安値,中度,33280166.650453825,49000000.0,True,30,要人手査定
13694,13109,東京都品川区東五反田,中古マンション等,25,7.0,8.0,33000000,0.3207515470830708,1.3207515470830709,32.07515470830708,高値,中度,40282922.18603366,30500000.0,True,30,要人手査定
31922,13122,東京都葛飾区金町,中古マンション等,75,5.0,2.0,120000000,0.32072232480895646,1.3207223248089566,32.07223248089564,高値,中度,107638869.47192995,81500000.0,True,30,要人手査定
24589,13116,東京都豊島区巣鴨,中古マンション等,55,20.0,5.0,63000000,0.3207174013986044,0.6792825986013956,-32.07174013986044,安値,中度,52984042.69090886,78000000.0,True,30,要人手査定
14866,13109,東京都品川区南品川,中古マンション等,90,26.0,5.0,95000000,0.3207030763815572,0.6792969236184427,-32.07030763815572,安値,中度,95101569.30658199,140000000.0,True,30,要人手査定
29400,13120,東京都練馬区高松,中古マンション等,45,43.0,17.0,12000000,0.3205510941494557,0.6794489058505443,-32.05510941494557,安値,中度,18345120.457964696,27000000.0,True,30,要人手査定
14470,13109,東京都品川区西五反田,中古マンション等,35,46.0,7.0,31000000,0.3205476440547407,1.3205476440547406,32.05476440547407,高値,中度,33673964.92339589,25500000.0,True,30,要人手査定
14251,13109,東京都品川区荏原,中古マンション等,25,7.0,10.0,44000000,0.3205398666457773,1.3205398666457773,32.053986664577735,高値,中度,40276465.93269621,30500000.0,True,30,要人手査定
36914,13209,東京都町田市原町田,中古マンション等,70,14.0,5.0,59000000,0.32051338018756304,1.320513380187563,32.051338018756304,高値,中度,54141048.587690085,41000000.0,True,30,要人手査定
39044,13224,東京都多摩市永山,中古マンション等,50,54.0,4.0,7500000,0.3205090999860914,0.6794909000139087,-32.05090999860914,安値,中度,9512872.60019472,14000000.0,True,30,要人手査定
20066,13112,東京都世田谷区桜丘,中古マンション等,95,23.0,10.0,100000000,0.3204988431391348,0.6795011568608652,-32.04988431391348,安値,中度,88335150.39191248,130000000.0,True,30,要人手査定
19787,13112,東京都世田谷区玉堤,中古マンション等,45,46.0,18.0,12000000,0.3203938012102849,0.6796061987897152,-32.039380121028486,安値,中度,20388185.963691454,30000000.0,True,30,要人手査定
30972,13121,東京都足立区東綾瀬,中古マンション等,55,32.0,13.0,24000000,0.3203831039399801,1.32038310393998,32.03831039399801,高値,中度,29048428.286679562,22000000.0,True,30,要人手査定
11160,13108,東京都江東区豊洲,中古マンション等,100,26.0,10.0,130000000,0.3203638644160773,1.3203638644160773,32.036386441607725,高値,中度,132036386.44160773,100000000.0,True,30,要人手査定
10151,13107,東京都墨田区両国,中古マンション等,55,43.0,8.0,59000000,0.3203451735401771,1.320345173540177,32.03451735401771,高値,中度,55454497.28868744,42000000.0,True,30,要人手査定
28002,13119,東京都板橋区小豆沢,中古マンション等,60,41.0,10.0,45000000,0.3203356575532216,1.3203356575532215,32.03356575532216,高値,中度,42250741.04170309,32000000.0,True,30,要人手査定
13823,13109,東京都品川区東大井,中古マンション等,45,48.0,3.0,18000000,0.3203241393800675,0.6796758606199325,-32.03241393800675,安値,中度,29905737.86727703,44000000.0,True,30,要人手査定
24647,13116,東京都豊島区南長崎,中古マンション等,25,27.0,3.0,18000000,0.3202544961637504,0.6797455038362495,-32.02544961637504,安値,中度,18353128.60357874,27000000.0,True,30,要人手査定
24476,13116,東京都豊島区目白,中古マンション等,75,20.0,7.0,180000000,0.32024346449005414,1.3202434644900543,32.024346449005414,高値,中度,124763007.39431012,94500000.0,True,30,要人手査定
5106,13104,東京都新宿区西落合,中古マンション等,45,22.0,3.0,50000000,0.3202355292841581,0.6797644707158419,-32.02355292841581,安値,中度,45884101.77331933,67500000.0,True,30,要人手査定
25235,13117,東京都北区浮間,中古マンション等,70,28.0,9.0,38000000,0.32014428546744533,0.6798557145325547,-32.01442854674453,安値,中度,39771559.30015445,58500000.0,True,30,要人手査定
25758,13117,東京都北区上十条,中古マンション等,80,2.0,1.0,130000000,0.3201251408145897,1.3201251408145898,32.01251408145897,高値,中度,132012514.08145897,100000000.0,True,30,要人手査定
10084,13107,東京都墨田区向島,中古マンション等,45,44.0,10.0,33000000,0.3200898832926772,1.3200898832926773,32.008988329267716,高値,中度,36302471.79054862,27500000.0,True,30,要人手査定
18966,13112,東京都世田谷区北烏山,中古マンション等,75,19.0,10.0,67000000,0.32007949876007036,0.6799205012399296,-32.00794987600703,安値,中度,66972169.37213307,98500000.0,True,30,要人手査定
19205,13112,東京都世田谷区上野毛,中古マンション等,55,33.0,8.0,43000000,0.3200465082883545,0.6799534917116455,-32.00465082883545,安値,中度,43857000.215401135,64500000.0,True,30,要人手査定
1584,13102,東京都中央区佃,中古マンション等,40,35.0,7.0,55000000,0.32003427453358496,0.679965725466415,-32.0034274533585,安値,中度,39438012.07705207,58000000.0,True,30,要人手査定
37898,13213,東京都東村山市栄町,中古マンション等,70,2.0,3.0,52000000,0.32001896474865654,1.3200189647486567,32.00189647486565,高値,中度,52800758.58994626,40000000.0,True,30,要人手査定
34473,13202,東京都立川市錦町,中古マンション等,60,43.0,5.0,38000000,0.32001454191403594,1.3200145419140359,32.001454191403596,高値,中度,26400290.83828072,20000000.0,True,30,要人手査定
31232,13121,東京都足立区皿沼,中古マンション等,65,12.0,4.0,27000000,0.31999365486719694,0.680006345132803,-31.999365486719693,安値,中度,38760361.672569774,57000000.0,True,30,要人手査定
24623,13116,東京都豊島区東池袋,中古マンション等,80,7.0,5.0,180000000,0.3199585979808727,1.3199585979808728,31.995859798087274,高値,中度,171594617.73751345,130000000.0,True,30,要人手査定
18832,13112,東京都世田谷区北烏山,中古マンション等,70,32.0,11.0,52000000,0.31993990402100775,0.6800600959789922,-31.993990402100774,安値,中度,52364627.3903824,77000000.0,True,30,要人手査定
3132,13103,東京都港区南麻布,中古マンション等,95,25.0,8.0,310000000,0.3198880427090212,1.3198880427090212,31.988804270902122,高値,中度,283775929.18243957,215000000.0,True,30,要人手査定
26560,13118,東京都荒川区西日暮里,中古マンション等,55,15.0,3.0,68000000,0.31980625611437113,1.319806256114371,31.980625611437112,高値,中度,76548762.85463353,58000000.0,True,30,要人手査定
22231,13114,東京都中野区本町,中古マンション等,30,52.0,5.0,16000000,0.3197493060315304,0.6802506939684696,-31.97493060315304,安値,中度,14965515.267306332,22000000.0,True,30,要人手査定
4148,13103,東京都港区港南,中古マンション等,85,21.0,6.0,200000000,0.319727794113301,0.680272205886699,-31.972779411330098,安値,中度,166666690.44224125,245000000.0,True,30,要人手査定
6600,13105,東京都文京区本駒込,中古マンション等,30,39.0,11.0,21000000,0.31970938002975163,0.6802906199702484,-31.970938002975164,安値,中度,20408718.59910745,30000000.0,True,30,要人手査定
36146,13208,東京都調布市染地,中古マンション等,75,10.0,5.0,45000000,0.31962568588305146,0.6803743141169485,-31.962568588305146,安値,中度,53409383.65818046,78500000.0,True,30,要人手査定
13557,13109,東京都品川区西五反田,中古マンション等,30,21.0,2.0,44000000,0.3196241969289756,1.3196241969289755,31.96241969289756,高値,中度,36949477.514011316,28000000.0,True,30,要人手査定
27033,13119,東京都板橋区板橋,中古マンション等,50,43.0,1.0,37000000,0.31959201052561037,1.3195920105256103,31.95920105256104,高値,中度,34969188.278928675,26500000.0,True,30,要人手査定
22752,13114,東京都中野区弥生町,中古マンション等,15,43.0,3.0,13000000,0.31949778495101894,0.6805022150489811,-31.949778495101892,安値,中度,10207533.225734716,15000000.0,True,30,要人手査定
15754,13110,東京都目黒区中目黒,中古マンション等,65,10.0,12.0,180000000,0.3194860921391902,1.3194860921391902,31.94860921391902,高値,中度,158338331.05670282,120000000.0,True,30,要人手査定
4931,13104,東京都新宿区四谷本塩町,中古マンション等,55,7.0,5.0,130000000,0.31947404589495093,1.319474045894951,31.947404589495093,高値,中度,129968193.52065267,98500000.0,True,30,要人手査定
2899,13103,東京都港区高輪,中古マンション等,15,48.0,1.0,16000000,0.31947153211735085,0.6805284678826491,-31.947153211735085,安値,中度,15992418.995242255,23500000.0,True,30,要人手査定
39656,13303,東京都西多摩郡瑞穂町むさし野,中古マンション等,45,37.0,19.0,4200000,0.3194111202691946,1.3194111202691947,31.94111202691946,高値,中度,5805408.929184456,4400000.0,True,3,要人手査定
38824,13224,東京都多摩市落合,中古マンション等,75,48.0,13.0,12000000,0.31935931614758545,1.3193593161475854,31.935931614758545,高値,中度,17811350.767992403,13500000.0,True,30,要人手査定
11111,13108,東京都江東区豊洲,中古マンション等,85,5.0,5.0,250000000,0.3192727582059286,1.3192727582059285,31.92727582059286,高値,中度,217680005.10397822,165000000.0,True,30,要人手査定
15193,13110,東京都目黒区五本木,中古マンション等,35,55.0,5.0,30000000,0.31926150834445516,0.6807384916555448,-31.926150834445515,安値,中度,23825847.20794407,35000000.0,True,30,要人手査定
21193,13113,東京都渋谷区恵比寿,中古マンション等,65,3.0,12.0,160000000,0.31920200946701144,1.3192020094670114,31.920200946701144,高値,中度,164900251.18337643,125000000.0,True,30,要人手査定
22250,13114,東京都中野区白鷺,中古マンション等,85,19.0,5.0,70000000,0.31919807017489654,0.6808019298251035,-31.919807017489653,安値,中度,68080192.98251034,100000000.0,True,30,要人手査定
7946,13106,東京都台東区千束,中古マンション等,30,9.0,12.0,23000000,0.319188633509548,0.680811366490452,-31.9188633509548,安値,中度,25530426.24339195,37500000.0,True,30,要人手査定
5,13101,東京都千代田区隼町,中古マンション等,30,43.0,2.0,21000000,0.3191874257686351,0.6808125742313649,-31.91874257686351,安値,中度,21445596.088287994,31500000.0,True,30,要人手査定
35707,13206,東京都府中市西府町,中古マンション等,65,13.0,1.0,42000000,0.31916400239461495,0.680835997605385,-31.916400239461495,安値,中度,46296847.83716618,68000000.0,True,30,要人手査定
5921,13104,東京都新宿区大久保,中古マンション等,30,26.0,5.0,33000000,0.31916374064171604,1.319163740641716,31.916374064171606,高値,中度,33638675.38636376,25500000.0,True,30,要人手査定
11497,13108,東京都江東区東砂,中古マンション等,70,30.0,16.0,36000000,0.3190750236528085,0.6809249763471915,-31.90750236528085,安値,中度,33365323.841012385,49000000.0,True,30,要人手査定
35019,13204,東京都三鷹市下連雀,中古マンション等,40,43.0,8.0,14000000,0.3190407685493064,1.3190407685493064,31.90407685493064,高値,中度,19126091.143964943,14500000.0,True,30,要人手査定
26982,13119,東京都板橋区志村,中古マンション等,60,52.0,7.0,16000000,0.3189690241892322,0.6810309758107679,-31.89690241892322,安値,中度,18728351.834796116,27500000.0,True,30,要人手査定
26164,13117,東京都北区東十条,中古マンション等,15,35.0,5.0,15000000,0.3189675252049241,0.6810324747950759,-31.89675252049241,安値,中度,11237035.834118752,16500000.0,True,30,要人手査定
6293,13104,東京都新宿区西新宿,中古マンション等,65,25.0,4.0,130000000,0.3189406359237317,1.3189406359237317,31.89406359237317,高値,中度,118704657.23313585,90000000.0,True,30,要人手査定
36179,13208,東京都調布市布田,中古マンション等,45,42.0,2.0,20000000,0.31893958152863555,0.6810604184713644,-31.893958152863554,安値,中度,20431812.554140933,30000000.0,True,30,要人手査定
24604,13116,東京都豊島区東池袋,中古マンション等,35,19.0,1.0,79000000,0.3189382181130015,1.3189382181130014,31.89382181130015,高値,中度,53416997.83357656,40500000.0,True,30,要人手査定
5776,13104,東京都新宿区住吉町,中古マンション等,95,45.0,2.0,120000000,0.3189088317888962,1.3189088317888962,31.890883178889617,高値,中度,119361249.2768951,90500000.0,True,30,要人手査定
32449,13122,東京都葛飾区南水元,中古マンション等,85,21.0,13.0,57000000,0.31889358232576526,1.3188935823257653,31.889358232576527,高値,中度,58690764.413496554,44500000.0,True,30,要人手査定
25051,13116,東京都豊島区高田,中古マンション等,35,49.0,11.0,22000000,0.31888673715980087,1.318886737159801,31.888673715980087,高値,中度,33631611.79757492,25500000.0,True,30,要人手査定
13705,13109,東京都品川区東五反田,中古マンション等,65,27.0,4.0,52000000,0.31884541177081405,1.318845411770814,31.884541177081406,高値,中度,107485901.05932134,81500000.0,True,30,要人手査定
2331,13102,東京都中央区日本橋浜町,中古マンション等,65,27.0,1.0,130000000,0.31879196705042945,1.3187919670504293,31.879196705042943,高値,中度,131879196.70504294,100000000.0,True,30,要人手査定
2328,13102,東京都中央区日本橋浜町,中古マンション等,65,27.0,1.0,140000000,0.31879196705042945,1.3187919670504293,31.879196705042943,高値,中度,131879196.70504294,100000000.0,True,30,要人手査定
104,13101,東京都千代田区三番町,中古マンション等,140,15.0,5.0,390000000,0.31878486902867725,1.3187848690286772,31.878486902867724,高値,中度,422011158.0891767,320000000.0,True,30,要人手査定
8747,13106,東京都台東区東上野,中古マンション等,25,6.0,3.0,46000000,0.3187749698240564,1.3187749698240563,31.87749698240564,高値,中度,42200799.034369804,32000000.0,True,30,要人手査定
38877,13224,東京都多摩市豊ケ丘,中古マンション等,80,25.0,7.0,40000000,0.31876802850755703,0.681231971492443,-31.876802850755702,安値,中度,26568046.888205275,39000000.0,True,30,要人手査定
21071,13113,東京都渋谷区渋谷,中古マンション等,85,61.0,7.0,99000000,0.3187547146183346,1.3187547146183345,31.87547146183346,高値,中度,121984811.10219595,92500000.0,True,30,要人手査定
36930,13209,東京都町田市小山ヶ丘,中古マンション等,80,23.0,5.0,27000000,0.31872210673732165,0.6812778932626784,-31.872210673732166,安値,中度,29294949.41029517,43000000.0,True,30,要人手査定
22734,13114,東京都中野区南台,中古マンション等,20,40.0,13.0,15000000,0.3186830304852277,0.6813169695147723,-31.868303048522773,安値,中度,11923046.966508515,17500000.0,True,30,要人手査定
30350,13121,東京都足立区西新井本町,中古マンション等,55,38.0,10.0,10000000,0.3186323364989762,0.6813676635010238,-31.86323364989762,安値,中度,17715559.25102662,26000000.0,True,30,要人手査定
4546,13103,東京都港区六本木,中古マンション等,20,25.0,6.0,32000000,0.318584798120552,1.318584798120552,31.8584798120552,高値,中度,36261081.94831518,27500000.0,True,30,要人手査定
21021,13113,東京都渋谷区代々木,中古マンション等,25,48.0,2.0,21000000,0.3185209869673809,0.6814790130326192,-31.85209869673809,安値,中度,18740672.858397026,27500000.0,True,30,要人手査定
33852,13201,東京都八王子市元横山町,中古マンション等,80,45.0,6.0,28000000,0.31848342123334483,1.3184834212333447,31.848342123334483,高値,中度,19777251.318500172,15000000.0,True,30,要人手査定
39222,13225,東京都稲城市大丸,中古マンション等,60,52.0,10.0,12000000,0.31847367148420525,1.3184736714842051,31.847367148420524,高値,中度,15162447.22206836,11500000.0,True,30,要人手査定
29058,13120,東京都練馬区貫井,中古マンション等,55,52.0,9.0,23000000,0.31843850488780107,0.6815614951121989,-31.843850488780106,安値,中度,20787625.600922067,30500000.0,True,30,要人手査定
11344,13108,東京都江東区豊洲,中古マンション等,80,29.0,12.0,98000000,0.31842882368378533,1.3184288236837853,31.842882368378532,高値,中度,92290017.65786497,70000000.0,True,30,要人手査定
34597,13202,東京都立川市高松町,中古マンション等,65,10.0,19.0,54000000,0.31839708640338327,1.3183970864033832,31.839708640338326,高値,中度,57350273.25854717,43500000.0,True,30,要人手査定
11963,13108,東京都江東区東陽,中古マンション等,90,48.0,11.0,70000000,0.31839433461529437,1.3183943346152944,31.83943346152944,高値,中度,69874899.7346106,53000000.0,True,30,要人手査定
22654,13114,東京都中野区本町,中古マンション等,10,42.0,9.0,10000000,0.3183942487985514,1.3183942487985514,31.839424879855137,高値,中度,14502336.736784065,11000000.0,True,30,要人手査定
9451,13107,東京都墨田区両国,中古マンション等,55,17.0,5.0,71000000,0.3183577606878529,1.318357760687853,31.835776068785286,高値,中度,67236245.7950805,51000000.0,True,30,要人手査定
33620,13201,東京都八王子市別所,中古マンション等,105,14.0,8.0,49000000,0.3183366828469995,1.3183366828469996,31.83366828469995,高値,中度,60643487.41096198,46000000.0,True,30,要人手査定
13989,13109,東京都品川区小山,中古マンション等,55,18.0,3.0,140000000,0.31833515352321895,1.3183351535232188,31.833515352321896,高値,中度,117331828.66356649,89000000.0,True,30,要人手査定
22776,13114,東京都中野区弥生町,中古マンション等,25,13.0,7.0,31000000,0.3183141333269972,1.3183141333269972,31.83141333269972,高値,中度,31639539.199847933,24000000.0,True,30,要人手査定
10431,13108,東京都江東区北砂,中古マンション等,75,10.0,8.0,75000000,0.31831056621561454,0.6816894337843854,-31.831056621561455,安値,中度,74985837.7162824,110000000.0,True,30,要人手査定
29052,13120,東京都練馬区豊玉南,中古マンション等,80,24.0,18.0,65000000,0.31830819565525886,1.318308195655259,31.830819565525886,高値,中度,62619639.293624796,47500000.0,True,30,要人手査定
39172,13224,東京都多摩市永山,中古マンション等,50,55.0,11.0,8900000,0.3183047401685932,0.6816952598314068,-31.830474016859323,安値,中度,8862038.377808288,13000000.0,True,30,要人手査定
15110,13110,東京都目黒区洗足,中古マンション等,60,57.0,2.0,53000000,0.31825045942413627,0.6817495405758637,-31.825045942413627,安値,中度,29996979.785338003,44000000.0,True,30,要人手査定
35781,13206,東京都府中市押立町,中古マンション等,45,51.0,8.0,12000000,0.31823564567397034,0.6817643543260297,-31.823564567397035,安値,中度,10908229.669216475,16000000.0,True,30,要人手査定
4150,13103,東京都港区港南,中古マンション等,80,21.0,6.0,150000000,0.31822682928277785,0.6817731707172222,-31.822682928277786,安値,中度,149990097.55778888,220000000.0,True,30,要人手査定
3161,13103,東京都港区六本木,中古マンション等,40,23.0,6.0,160000000,0.3181277616853045,1.3181277616853044,31.812776168530448,高値,中度,88973623.91375805,67500000.0,True,30,要人手査定
38187,13215,東京都国立市中,中古マンション等,100,25.0,17.0,72000000,0.31811147904610104,1.318111479046101,31.811147904610102,高値,中度,70518964.1289664,53500000.0,True,30,要人手査定
4408,13103,東京都港区西麻布,中古マンション等,40,23.0,5.0,93000000,0.31809653556192274,1.3180965355619227,31.809653556192274,高値,中度,88312467.88264883,67000000.0,True,30,要人手査定
34118,13201,東京都八王子市千人町,中古マンション等,75,35.0,6.0,35000000,0.3180870090705497,1.3180870090705497,31.80870090705497,高値,中度,26361740.181410994,20000000.0,True,30,要人手査定
5220,13104,東京都新宿区西落合,中古マンション等,30,12.0,6.0,22000000,0.31808564572673675,0.6819143542732633,-31.808564572673674,安値,中度,23867002.399564214,35000000.0,True,30,要人手査定
19751,13112,東京都世田谷区三軒茶屋,中古マンション等,35,5.0,6.0,74000000,0.318085007990398,1.318085007990398,31.808500799039802,高値,中度,65245207.8955247,49500000.0,True,30,要人手査定
16479,13111,東京都大田区大森北,中古マンション等,45,20.0,4.0,53000000,0.3180678035738639,1.3180678035738638,31.806780357386387,高値,中度,54699813.84831535,41500000.0,True,30,要人手査定
22166,13114,東京都中野区江古田,中古マンション等,45,54.0,12.0,19000000,0.31804874172320485,0.6819512582767951,-31.804874172320485,安値,中度,19094635.231750265,28000000.0,True,30,要人手査定
4356,13103,東京都港区高輪,中古マンション等,45,15.0,4.0,78000000,0.3180443927954706,0.6819556072045294,-31.804439279547058,安値,中度,81834672.86454353,120000000.0,True,30,要人手査定
7355,13105,東京都文京区音羽,中古マンション等,80,40.0,5.0,100000000,0.3179750337835045,1.3179750337835046,31.79750337835045,高値,中度,106096990.21957211,80500000.0,True,30,要人手査定
10326,13108,東京都江東区北砂,中古マンション等,70,31.0,13.0,41000000,0.31796620090683114,0.6820337990931689,-31.796620090683113,安値,中度,40922027.94559013,60000000.0,True,30,要人手査定
6443,13104,東京都新宿区弁天町,中古マンション等,70,12.0,7.0,98000000,0.31795787641672896,0.6820421235832711,-31.795787641672895,安値,中度,115947161.00915608,170000000.0,True,30,要人手査定
27837,13119,東京都板橋区小茂根,中古マンション等,65,2.0,5.0,92000000,0.31794798843183436,1.3179479884318344,31.794798843183436,高値,中度,92915333.18444432,70500000.0,True,30,要人手査定
27335,13119,東京都板橋区高島平,中古マンション等,40,52.0,8.0,5500000,0.3179272932408821,0.6820727067591179,-31.79272932408821,安値,中度,12959381.42842324,19000000.0,True,30,要人手査定
20768,13113,東京都渋谷区恵比寿西,中古マンション等,50,40.0,3.0,100000000,0.3179152013551216,1.3179152013551216,31.791520135512158,高値,中度,79733869.68198486,60500000.0,True,30,要人手査定
3958,13103,東京都港区麻布十番,中古マンション等,50,45.0,1.0,88000000,0.3178998966785144,1.3178998966785145,31.789989667851444,高値,中度,77756093.90403235,59000000.0,True,30,要人手査定
21833,13114,東京都中野区上鷺宮,中古マンション等,30,12.0,6.0,30000000,0.3178838447640142,0.6821161552359858,-31.788384476401422,安値,中度,24556181.58849549,36000000.0,True,30,要人手査定
38114,13214,東京都国分寺市東恋ケ窪,中古マンション等,60,13.0,10.0,40000000,0.3178805525141306,0.6821194474858694,-31.788055251413063,安値,中度,41950346.02038097,61500000.0,True,30,要人手査定
35193,13204,東京都三鷹市下連雀,中古マンション等,70,27.0,6.0,83000000,0.31786370865050806,1.317863708650508,31.786370865050806,高値,中度,76436095.10172947,58000000.0,True,30,要人手査定
22567,13114,東京都中野区中野,中古マンション等,85,33.0,10.0,86000000,0.31784208753093424,1.3178420875309342,31.784208753093424,高値,中度,102132761.7836474,77500000.0,True,30,要人手査定
12288,13108,東京都江東区亀戸,中古マンション等,60,10.0,9.0,63000000,0.31780272490221434,0.6821972750977856,-31.780272490221435,安値,中度,59010064.29595846,86500000.0,True,30,要人手査定
29782,13120,東京都練馬区高野台,中古マンション等,60,49.0,5.0,42000000,0.3177781571887562,1.3177781571887561,31.77781571887562,高値,中度,42168901.0300402,32000000.0,True,30,要人手査定
6060,13104,東京都新宿区白銀町,中古マンション等,35,22.0,4.0,55000000,0.3177664832359488,1.3177664832359488,31.77664832359488,高値,中度,53369542.57105593,40500000.0,True,30,要人手査定
27834,13119,東京都板橋区小茂根,中古マンション等,70,2.0,5.0,110000000,0.31774884820555094,1.3177488482055508,31.774884820555094,高値,中度,102784410.16003297,78000000.0,True,30,要人手査定
10259,13108,東京都江東区平野,中古マンション等,40,21.0,7.0,42000000,0.3177169522359813,0.6822830477640187,-31.77169522359813,安値,中度,47759813.34348131,70000000.0,True,30,要人手査定
14364,13109,東京都品川区北品川,中古マンション等,65,44.0,7.0,60000000,0.3176869072688893,1.3176869072688893,31.76869072688893,高値,中度,75766997.16796114,57500000.0,True,30,要人手査定
18721,13112,東京都世田谷区成城,中古マンション等,110,17.0,16.0,150000000,0.3176588167237945,1.3176588167237946,31.765881672379447,高値,中度,131765881.67237945,100000000.0,True,30,要人手査定
19255,13112,東京都世田谷区太子堂,中古マンション等,70,18.0,11.0,150000000,0.3176526005195764,1.3176526005195763,31.76526005195764,高値,中度,122541691.8483206,93000000.0,True,30,要人手査定
506,13101,東京都千代田区外神田,中古マンション等,30,12.0,6.0,50000000,0.3176012265582645,0.6823987734417355,-31.76012265582645,安値,中度,42649923.34010847,62500000.0,True,30,要人手査定
34000,13201,東京都八王子市松が谷,中古マンション等,90,48.0,2.0,23000000,0.31756934496677425,1.3175693449667742,31.756934496677424,高値,中度,20422324.846985,15500000.0,True,30,要人手査定
35504,13206,東京都府中市住吉町,中古マンション等,55,28.0,4.0,20000000,0.3175670089024146,0.6824329910975854,-31.75670089024146,安値,中度,27979752.635001,41000000.0,True,30,要人手査定
25042,13116,東京都豊島区高田,中古マンション等,65,47.0,4.0,65000000,0.31753556296319885,1.3175355629631988,31.753556296319886,高値,中度,60606635.89630715,46000000.0,True,30,要人手査定
16869,13111,東京都大田区矢口,中古マンション等,50,52.0,5.0,10000000,0.31752474802830405,0.6824752519716959,-31.752474802830406,安値,中度,21156732.811122574,31000000.0,True,30,要人手査定
10332,13108,東京都江東区北砂,中古マンション等,55,52.0,6.0,27000000,0.31749315371511105,0.682506846284889,-31.749315371511106,安値,中度,27982780.697680447,41000000.0,True,30,要人手査定
15957,13111,東京都大田区池上,中古マンション等,20,49.0,8.0,8000000,0.3174669753067752,0.6825330246932249,-31.74669753067752,安値,中度,8190396.296318698,12000000.0,True,30,要人手査定
31057,13121,東京都足立区青井,中古マンション等,60,29.0,14.0,37000000,0.3174580468251422,1.3174580468251422,31.745804682514223,高値,中度,32936451.170628555,25000000.0,True,30,要人手査定
11915,13108,東京都江東区東雲,中古マンション等,75,14.0,12.0,130000000,0.3173845209133514,1.3173845209133515,31.73845209133514,高値,中度,111318992.0171782,84500000.0,True,30,要人手査定
30631,13121,東京都足立区鹿浜,中古マンション等,60,19.0,18.0,24000000,0.31738283106525544,0.6826171689347446,-31.738283106525543,安値,中度,22867675.159313943,33500000.0,True,30,要人手査定
26748,13118,東京都荒川区西尾久,中古マンション等,55,20.0,5.0,32000000,0.317382723421404,0.682617276578596,-31.7382723421404,安値,中度,38909184.76497997,57000000.0,True,30,要人手査定
4777,13104,東京都新宿区西早稲田,中古マンション等,50,4.0,6.0,93000000,0.3173424315641157,0.6826575684358843,-31.73424315641157,安値,中度,75092332.52794728,110000000.0,True,30,要人手査定
30939,13121,東京都足立区千住寿町,中古マンション等,35,3.0,7.0,48000000,0.3173415928078009,1.317341592807801,31.734159280780087,高値,中度,44789614.15546523,34000000.0,True,30,要人手査定
36641,13208,東京都調布市多摩川,中古マンション等,25,54.0,2.0,7300000,0.31732041710374836,0.6826795828962516,-31.732041710374837,安値,中度,9216174.369099397,13500000.0,True,30,要人手査定
27526,13119,東京都板橋区大和町,中古マンション等,50,49.0,5.0,32000000,0.3173101512103115,1.3173101512103116,31.73101512103115,高値,中度,30298133.477837164,23000000.0,True,30,要人手査定
28648,13119,東京都板橋区四葉,中古マンション等,75,26.0,14.0,34000000,0.31728895069754093,0.6827110493024591,-31.728895069754092,安値,中度,34135552.46512295,50000000.0,True,30,要人手査定
37110,13210,東京都小金井市貫井北町,中古マンション等,60,42.0,18.0,20000000,0.3172795883301531,0.682720411669847,-31.727958833015308,安値,中度,20140252.144260485,29500000.0,True,30,要人手査定
20616,13113,東京都渋谷区幡ケ谷,中古マンション等,55,22.0,5.0,77000000,0.31726284011054295,0.682737159889457,-31.726284011054297,安値,中度,78514773.38728756,115000000.0,True,30,要人手査定
4176,13103,東京都港区芝,中古マンション等,15,46.0,9.0,12000000,0.31723089877485855,0.6827691012251415,-31.723089877485855,安値,中度,11948459.271439975,17500000.0,True,30,要人手査定
33516,13201,東京都八王子市別所,中古マンション等,95,36.0,5.0,29000000,0.3172140377657794,1.3172140377657793,31.72140377657794,高値,中度,25027066.71754981,19000000.0,True,30,要人手査定
1892,13102,東京都中央区月島,中古マンション等,30,53.0,3.0,21000000,0.3172134328176587,1.3172134328176588,31.72134328176587,高値,中度,21734021.64149137,16500000.0,True,30,要人手査定
4008,13103,東京都港区芝浦,中古マンション等,60,20.0,12.0,100000000,0.31717576919483315,1.3171757691948331,31.717576919483314,高値,中度,121838758.65052207,92500000.0,True,30,要人手査定
11690,13108,東京都江東区東砂,中古マンション等,60,11.0,10.0,57000000,0.3171677000325392,0.6828322999674609,-31.71677000325392,安値,中度,57016497.04728298,83500000.0,True,30,要人手査定
34438,13202,東京都立川市錦町,中古マンション等,15,41.0,10.0,6000000,0.3170513208504938,0.6829486791495062,-31.70513208504938,安値,中度,3722070.301364809,5450000.0,True,30,要人手査定
9754,13107,東京都墨田区江東橋,中古マンション等,70,24.0,8.0,82000000,0.3170500454419606,1.3170500454419607,31.705004544196058,高値,中度,89559403.09005332,68000000.0,True,30,要人手査定
17176,13111,東京都大田区大森北,中古マンション等,75,21.0,8.0,90000000,0.31703757350438877,1.3170375735043887,31.703757350438877,高値,中度,90217073.78505063,68500000.0,True,30,要人手査定
20464,13113,東京都渋谷区神宮前,中古マンション等,90,13.0,7.0,250000000,0.3170284410211072,1.3170284410211073,31.70284410211072,高値,中度,250235403.79401037,190000000.0,True,30,要人手査定
19956,13112,東京都世田谷区上用賀,中古マンション等,60,48.0,20.0,46000000,0.31702731587136396,1.317027315871364,31.702731587136395,高値,中度,45437442.39756206,34500000.0,True,30,要人手査定
32119,13122,東京都葛飾区東金町,中古マンション等,45,53.0,11.0,9000000,0.3169588875842928,0.6830411124157072,-31.69588875842928,安値,中度,11611698.911067022,17000000.0,True,30,要人手査定
35833,13206,東京都府中市日鋼町,中古マンション等,70,60.0,10.0,17000000,0.31695707864807077,0.6830429213519292,-31.695707864807076,安値,中度,15368465.730418408,22500000.0,True,30,要人手査定
28504,13119,東京都板橋区東坂下,中古マンション等,55,26.0,11.0,52000000,0.31692163001648344,1.3169216300164834,31.692163001648343,高値,中度,52018404.3856511,39500000.0,True,30,要人手査定
27766,13119,東京都板橋区坂下,中古マンション等,70,49.0,8.0,29000000,0.3168714477849508,0.6831285522150492,-31.68714477849508,安値,中度,23909499.327526722,35000000.0,True,30,要人手査定
5259,13104,東京都新宿区荒木町,中古マンション等,40,2.0,2.0,67000000,0.3168409466776951,1.3168409466776951,31.684094667769507,高値,中度,87569922.95406672,66500000.0,True,30,要人手査定
22446,13114,東京都中野区上高田,中古マンション等,50,56.0,9.0,35000000,0.31683649935456853,1.3168364993545685,31.683649935456852,高値,中度,38188258.48128249,29000000.0,True,30,要人手査定
29125,13120,東京都練馬区豊玉北,中古マンション等,40,56.0,5.0,16000000,0.31682141807408776,0.6831785819259122,-31.682141807408776,安値,中度,15713107.384295981,23000000.0,True,30,要人手査定
35939,13206,東京都府中市四谷,中古マンション等,75,24.0,7.0,32000000,0.31681187419328827,0.6831881258067117,-31.681187419328825,安値,中度,28010713.15807518,41000000.0,True,30,要人手査定
21624,13113,東京都渋谷区初台,中古マンション等,75,9.0,8.0,150000000,0.31680189033504513,0.6831981096649549,-31.68018903350451,安値,中度,129807640.83634143,190000000.0,True,30,要人手査定
23910,13115,東京都杉並区松庵,中古マンション等,70,4.0,11.0,120000000,0.31676047111429895,1.3167604711142988,31.676047111429895,高値,中度,107974358.63137251,82000000.0,True,30,要人手査定
13688,13109,東京都品川区旗の台,中古マンション等,40,49.0,2.0,19000000,0.3167477102319574,0.6832522897680425,-31.674771023195742,安値,中度,24597082.431649532,36000000.0,True,30,要人手査定
10755,13108,東京都江東区豊洲,中古マンション等,60,12.0,12.0,98000000,0.3167335068639961,1.316733506863996,31.67335068639961,高値,中度,95463179.24763972,72500000.0,True,30,要人手査定
25669,13117,東京都北区東十条,中古マンション等,15,42.0,10.0,9000000,0.31669361492681203,0.683306385073188,-31.669361492681205,安値,中度,8541329.81341485,12500000.0,True,30,要人手査定
13563,13109,東京都品川区西五反田,中古マンション等,60,8.0,4.0,140000000,0.3166035135449602,1.31660351354496,31.66035135449602,高値,中度,144826386.48994562,110000000.0,True,30,要人手査定
22439,13114,東京都中野区上高田,中古マンション等,45,55.0,8.0,2000000,0.3165857641621932,0.6834142358378068,-31.65857641621932,安値,中度,19819012.839296397,29000000.0,True,30,要人手査定
29780,13120,東京都練馬区関町南,中古マンション等,15,34.0,8.0,12000000,0.31656808957105514,1.3165680895710552,31.656808957105515,高値,中度,12178254.82853226,9250000.0,True,30,要人手査定
14909,13109,東京都品川区豊町,中古マンション等,30,42.0,4.0,34000000,0.3165476203615734,1.3165476203615734,31.65476203615734,高値,中度,32255416.698858548,24500000.0,True,30,要人手査定
28085,13119,東京都板橋区大谷口北町,中古マンション等,35,4.0,13.0,39000000,0.31651978530679387,1.3165197853067938,31.651978530679386,高値,中度,34229514.41797664,26000000.0,True,30,要人手査定
30521,13121,東京都足立区東伊興,中古マンション等,75,19.0,5.0,31000000,0.3164729031601062,0.6835270968398939,-31.64729031601062,安値,中度,37252226.777774215,54500000.0,True,30,要人手査定
12720,13108,東京都江東区東陽,中古マンション等,70,43.0,6.0,57000000,0.31645254160200637,1.3164525416020063,31.645254160200636,高値,中度,59240364.37209029,45000000.0,True,30,要人手査定
5299,13104,東京都新宿区西落合,中古マンション等,20,38.0,7.0,8100000,0.31642535583487724,0.6835746441651227,-31.642535583487724,安値,中度,9570045.018311718,14000000.0,True,30,要人手査定
8503,13106,東京都台東区池之端,中古マンション等,35,42.0,5.0,30000000,0.31635074557592796,1.316350745575928,31.635074557592795,高値,中度,32908768.6393982,25000000.0,True,30,要人手査定
24526,13116,東京都豊島区目白,中古マンション等,20,36.0,2.0,14000000,0.31633511885997606,0.6836648811400239,-31.633511885997606,安値,中度,10938638.098240383,16000000.0,True,30,要人手査定
31868,13122,東京都葛飾区金町,中古マンション等,30,36.0,7.0,10000000,0.31633334874938834,1.3163333487493882,31.633334874938836,高値,中度,11517916.801557148,8750000.0,True,30,要人手査定
27671,13119,東京都板橋区坂下,中古マンション等,40,35.0,6.0,23000000,0.31633300675683995,0.68366699324316,-31.633300675683994,安値,中度,20851843.293916382,30500000.0,True,30,要人手査定
4099,13103,東京都港区海岸,中古マンション等,20,20.0,10.0,29000000,0.3162696956719255,0.6837303043280746,-31.626969567192546,安値,中度,24272425.803646646,35500000.0,True,30,要人手査定
4100,13103,東京都港区海岸,中古マンション等,20,20.0,10.0,28000000,0.3162696956719255,0.6837303043280746,-31.626969567192546,安値,中度,24272425.803646646,35500000.0,True,30,要人手査定
37523,13212,東京都日野市三沢,中古マンション等,70,18.0,5.0,22000000,0.31626400366943835,0.6837359963305617,-31.626400366943834,安値,中度,26323835.858726624,38500000.0,True,30,要人手査定
34263,13201,東京都八王子市明神町,中古マンション等,70,23.0,1.0,44000000,0.31622479701817496,1.3162247970181749,31.622479701817497,高値,中度,42777305.903090686,32500000.0,True,30,要人手査定
30433,13121,東京都足立区西新井本町,中古マンション等,65,35.0,11.0,20000000,0.31620108539868297,0.683798914601317,-31.620108539868298,安値,中度,20513967.43803951,30000000.0,True,30,要人手査定
13360,13109,東京都品川区南品川,中古マンション等,80,17.0,5.0,170000000,0.31613321839984654,0.6838667816001535,-31.613321839984653,安値,中度,129934688.50402915,190000000.0,True,30,要人手査定
17632,13111,東京都大田区中央,中古マンション等,55,28.0,17.0,54000000,0.31608696218409643,1.3160869621840965,31.608696218409644,高値,中度,53959565.449547954,41000000.0,True,30,要人手査定
13632,13109,東京都品川区北品川,中古マンション等,80,11.0,6.0,250000000,0.3160774508140766,1.3160774508140767,31.60774508140766,高値,中度,217152779.38432264,165000000.0,True,30,要人手査定
34404,13202,東京都立川市曙町,中古マンション等,40,3.0,6.0,44000000,0.31607553378645686,1.316075533786457,31.607553378645687,高値,中度,45404605.91563276,34500000.0,True,30,要人手査定
38216,13215,東京都国立市富士見台,中古マンション等,65,20.0,1.0,38000000,0.3160665227201392,0.6839334772798608,-31.606652272013918,安値,中度,35564540.81855276,52000000.0,True,30,要人手査定
4261,13103,東京都港区芝大門,中古マンション等,60,5.0,3.0,150000000,0.3160294493397003,0.6839705506602997,-31.60294493397003,安値,中度,150473521.14526594,220000000.0,True,30,要人手査定
29517,13120,東京都練馬区春日町,中古マンション等,80,50.0,8.0,35000000,0.316028266729273,0.683971733270727,-31.602826672927296,安値,中度,33856600.79690099,49500000.0,True,30,要人手査定
38861,13224,東京都多摩市貝取,中古マンション等,100,43.0,19.0,15000000,0.3159866066357506,0.6840133933642494,-31.59866066357506,安値,中度,15048294.654013487,22000000.0,True,30,要人手査定
2596,13103,東京都港区高輪,中古マンション等,80,26.0,6.0,160000000,0.31597464800367697,0.6840253519963231,-31.597464800367696,安値,中度,143645323.91922784,210000000.0,True,30,要人手査定
22251,13114,東京都中野区白鷺,中古マンション等,70,30.0,10.0,69000000,0.3159681976788267,0.6840318023211732,-31.59681976788267,安値,中度,44462067.15087626,65000000.0,False,30,要人手査定
7765,13106,東京都台東区三ノ輪,中古マンション等,55,8.0,4.0,60000000,0.3158702185888259,0.6841297814111741,-31.58702185888259,安値,中度,56782771.85712745,83000000.0,True,30,要人手査定
15129,13110,東京都目黒区目黒本町,中古マンション等,20,33.0,7.0,12000000,0.31580920141603375,0.6841907985839663,-31.580920141603375,安値,中度,12657529.773803376,18500000.0,True,30,要人手査定
11688,13108,東京都江東区東砂,中古マンション等,50,47.0,15.0,18000000,0.31580159202862107,0.6841984079713789,-31.580159202862106,安値,中度,19841753.83116999,29000000.0,True,30,要人手査定
2330,13102,東京都中央区日本橋浜町,中古マンション等,65,26.0,4.0,160000000,0.31578259727954583,1.3157825972795458,31.57825972795458,高値,中度,131578259.72795458,100000000.0,True,30,要人手査定
31311,13121,東京都足立区千住大川町,中古マンション等,15,36.0,13.0,14000000,0.3157586855006502,1.3157586855006502,31.575868550065024,高値,中度,10526069.484005202,8000000.0,True,30,要人手査定
38315,13218,東京都福生市武蔵野台,中古マンション等,55,36.0,5.0,15000000,0.315751048368168,0.684248951631832,-31.5751048368168,安値,中度,11974356.65355706,17500000.0,True,30,要人手査定
13682,13109,東京都品川区西五反田,中古マンション等,45,14.0,8.0,80000000,0.3157127093329867,1.3157127093329866,31.571270933298667,高値,中度,78942762.5599792,60000000.0,True,30,要人手査定
13191,13109,東京都品川区荏原,中古マンション等,100,25.0,9.0,170000000,0.31570068749492963,1.3157006874949295,31.570068749492965,高値,中度,157884082.49939156,120000000.0,True,30,要人手査定
491,13101,東京都千代田区三番町,中古マンション等,70,11.0,6.0,800000000,0.3156229863161575,1.3156229863161575,31.562298631615747,高値,中度,210499677.8105852,160000000.0,True,30,要人手査定
31329,13121,東京都足立区千住寿町,中古マンション等,25,1.0,10.0,38000000,0.3155599159970466,1.3155599159970466,31.555991599704658,高値,中度,38151237.56391435,29000000.0,True,30,要人手査定
31332,13121,東京都足立区千住寿町,中古マンション等,25,1.0,10.0,39000000,0.3155599159970466,1.3155599159970466,31.555991599704658,高値,中度,38151237.56391435,29000000.0,True,30,要人手査定
37184,13210,東京都小金井市本町,中古マンション等,90,6.0,3.0,160000000,0.31551933988562264,1.3155193398856226,31.551933988562265,高値,中度,109845864.88044949,83500000.0,True,30,要人手査定
27313,13119,東京都板橋区幸町,中古マンション等,35,49.0,6.0,20000000,0.3155162996557152,1.3155162996557153,31.55162996557152,高値,中度,19074986.34500787,14500000.0,True,30,要人手査定
96,13101,東京都千代田区神田東松下町,中古マンション等,70,8.0,2.0,110000000,0.31547545936484755,0.6845245406351524,-31.547545936484756,安値,中度,119791794.61115168,175000000.0,True,30,要人手査定
5879,13104,東京都新宿区市谷左内町,中古マンション等,60,29.0,6.0,94000000,0.3154715860929986,1.3154715860929986,31.547158609299856,高値,中度,100633576.33611439,76500000.0,True,30,要人手査定
35512,13206,東京都府中市宮西町,中古マンション等,20,39.0,6.0,7000000,0.3154639860389084,0.6845360139610915,-31.54639860389084,安値,中度,7392988.950779789,10800000.0,True,30,要人手査定
22905,13115,東京都杉並区井草,中古マンション等,50,47.0,8.0,26000000,0.3154460695388369,0.6845539304611631,-31.54460695388369,安値,中度,26355326.322754778,38500000.0,True,30,要人手査定
12320,13108,東京都江東区亀戸,中古マンション等,25,15.0,9.0,32000000,0.31538585645622447,1.3153858564562244,31.538585645622447,高値,中度,34200032.267861836,26000000.0,True,30,要人手査定
9455,13107,東京都墨田区錦糸,中古マンション等,80,29.0,5.0,85000000,0.3153214363445744,1.3153214363445744,31.532143634457437,高値,中度,84838232.64422505,64500000.0,True,30,要人手査定
19952,13112,東京都世田谷区上野毛,中古マンション等,80,43.0,9.0,77000000,0.31526786459590805,1.315267864595908,31.526786459590806,高値,中度,76285536.14656267,58000000.0,True,30,要人手査定
4055,13103,東京都港区赤坂,中古マンション等,50,48.0,5.0,73000000,0.3151136452182096,1.3151136452182095,31.511364521820962,高値,中度,75619034.60004705,57500000.0,True,30,要人手査定
5755,13104,東京都新宿区上落合,中古マンション等,20,42.0,2.0,11000000,0.3150989851728589,0.6849010148271412,-31.50989851728589,安値,中度,12328218.26688854,18000000.0,True,30,要人手査定
37207,13210,東京都小金井市中町,中古マンション等,35,9.0,9.0,42000000,0.3150720668378008,0.6849279331621992,-31.50720668378008,安値,中度,35273788.55785326,51500000.0,True,30,要人手査定
35550,13206,東京都府中市宮西町,中古マンション等,115,35.0,6.0,44000000,0.3150564020228462,1.3150564020228461,31.505640202284617,高値,中度,59177538.09102808,45000000.0,True,30,要人手査定
3931,13103,東京都港区西麻布,中古マンション等,70,26.0,9.0,180000000,0.3150525034193614,1.3150525034193614,31.50525034193614,高値,中度,170956825.444517,130000000.0,True,30,要人手査定
3257,13103,東京都港区三田,中古マンション等,75,17.0,5.0,330000000,0.3150365954776365,1.3150365954776364,31.50365954776365,高値,中度,322183965.89202094,245000000.0,True,30,要人手査定
31305,13121,東京都足立区千住東,中古マンション等,70,13.0,9.0,67000000,0.3150248847388677,1.3150248847388677,31.50248847388677,高値,中度,68381294.00642112,52000000.0,True,30,要人手査定
34154,13201,東京都八王子市西片倉,中古マンション等,20,19.0,9.0,14000000,0.3150240943005183,0.6849759056994817,-31.50240943005183,安値,中度,11987078.34974093,17500000.0,True,30,要人手査定
19278,13112,東京都世田谷区野沢,中古マンション等,80,18.0,15.0,110000000,0.31500184907204887,1.315001849072049,31.500184907204886,高値,中度,110460155.3220521,84000000.0,True,30,要人手査定
29815,13120,東京都練馬区立野町,中古マンション等,70,30.0,19.0,63000000,0.3149617227390287,1.3149617227390287,31.49617227390287,高値,中度,52598468.90956115,40000000.0,True,30,要人手査定
37472,13211,東京都小平市小川東町,中古マンション等,105,20.0,4.0,56000000,0.3149186139627305,1.3149186139627305,31.491861396273052,高値,中度,58513878.32134151,44500000.0,True,30,要人手査定
38886,13224,東京都多摩市貝取,中古マンション等,70,50.0,5.0,8500000,0.31491369101120353,0.6850863089887965,-31.491369101120352,安値,中度,9933751.480337549,14500000.0,True,30,要人手査定
23961,13115,東京都杉並区成田東,中古マンション等,30,53.0,1.0,21000000,0.31489273814192065,1.3148927381419206,31.489273814192064,高値,中度,23668069.28655457,18000000.0,True,30,要人手査定
3166,13103,東京都港区六本木,中古マンション等,25,24.0,3.0,36000000,0.3148693912510294,1.3148693912510294,31.486939125102943,高値,中度,43390689.91128397,33000000.0,True,30,要人手査定
10700,13108,東京都江東区豊洲,中古マンション等,85,5.0,4.0,200000000,0.3148692781332779,1.314869278133278,31.486927813327792,高値,中度,203804738.11065808,155000000.0,True,30,要人手査定
14007,13109,東京都品川区東大井,中古マンション等,55,21.0,2.0,120000000,0.3148382115574993,1.3148382115574992,31.48382115574993,高値,中度,97955446.7610337,74500000.0,True,30,要人手査定
21837,13114,東京都中野区鷺宮,中古マンション等,20,21.0,8.0,11000000,0.31481743630032566,0.6851825636996743,-31.481743630032565,安値,中度,15416607.683242673,22500000.0,True,30,要人手査定
33599,13201,東京都八王子市椚田町,中古マンション等,65,10.0,3.0,34000000,0.31479285769060256,0.6852071423093975,-31.479285769060255,安値,中度,33917753.544315174,49500000.0,True,30,要人手査定
1991,13102,東京都中央区勝どき,中古マンション等,40,3.0,4.0,110000000,0.31471048091083137,1.3147104809108314,31.471048091083137,高値,中度,99917996.54922318,76000000.0,True,30,要人手査定
31121,13121,東京都足立区梅島,中古マンション等,55,26.0,4.0,30000000,0.3146701288780171,1.3146701288780172,31.467012887801708,高値,中度,42726779.188535556,32500000.0,True,30,要人手査定
1324,13102,東京都中央区東日本橋,中古マンション等,20,29.0,2.0,18000000,0.31465225111929285,0.6853477488807072,-31.465225111929286,安値,中度,17819041.470898386,26000000.0,True,30,要人手査定
21348,13113,東京都渋谷区南平台町,中古マンション等,80,63.0,9.0,110000000,0.31465166770316855,1.3146516677031685,31.465166770316856,高値,中度,105829459.25010507,80500000.0,True,30,要人手査定
17355,13111,東京都大田区蒲田,中古マンション等,35,23.0,7.0,32000000,0.31464956345951917,1.3146495634595192,31.464956345951915,高値,中度,40754136.467245094,31000000.0,True,30,要人手査定
12090,13108,東京都江東区千石,中古マンション等,65,12.0,15.0,85000000,0.314645499874406,1.314645499874406,31.4645499874406,高値,中度,86109280.24177359,65500000.0,True,30,要人手査定
21115,13113,東京都渋谷区恵比寿,中古マンション等,60,28.0,8.0,130000000,0.3146427524989098,1.3146427524989097,31.464275249890978,高値,中度,126863025.61614479,96500000.0,True,30,要人手査定
24356,13116,東京都豊島区高田,中古マンション等,75,18.0,12.0,140000000,0.3146190148310244,1.3146190148310244,31.461901483102437,高値,中度,119630330.34962322,91000000.0,True,30,要人手査定
29269,13120,東京都練馬区関町東,中古マンション等,20,21.0,12.0,13000000,0.31460166429413156,0.6853983357058685,-31.460166429413157,安値,中度,14050665.881970303,20500000.0,True,30,要人手査定
28319,13119,東京都板橋区高島平,中古マンション等,50,52.0,6.0,14000000,0.3146015453274195,0.6853984546725805,-31.460154532741953,安値,中度,15078766.002796771,22000000.0,True,30,要人手査定
14519,13109,東京都品川区西品川,中古マンション等,10,41.0,6.0,6500000,0.3145117010676829,0.6854882989323171,-31.451170106768288,安値,中度,9596836.18505244,14000000.0,True,30,要人手査定
3051,13103,東京都港区新橋,中古マンション等,70,15.0,3.0,200000000,0.31451161172513636,0.6854883882748636,-31.451161172513636,安値,中度,157662329.30321863,230000000.0,True,30,要人手査定
22234,13114,東京都中野区本町,中古マンション等,75,54.0,7.0,73000000,0.3145029743513051,1.314502974351305,31.45029743513051,高値,中度,65725148.71756525,50000000.0,True,30,要人手査定
11659,13108,東京都江東区東陽,中古マンション等,50,54.0,5.0,28000000,0.3144501371915357,0.6855498628084643,-31.445013719153568,安値,中度,27421994.51233857,40000000.0,True,30,要人手査定
27043,13119,東京都板橋区大原町,中古マンション等,60,43.0,5.0,24000000,0.31441258722955384,0.6855874127704462,-31.441258722955386,安値,中度,23995559.446965616,35000000.0,True,30,要人手査定
21684,13113,東京都渋谷区円山町,中古マンション等,50,22.0,8.0,140000000,0.31438385307625544,1.3143838530762555,31.438385307625545,高値,中度,116322970.9972486,88500000.0,True,30,要人手査定
9272,13107,東京都墨田区石原,中古マンション等,75,23.0,11.0,95000000,0.3143543271768556,1.3143543271768556,31.435432717685558,高値,中度,89376094.24802618,68000000.0,True,30,要人手査定
14804,13109,東京都品川区南大井,中古マンション等,40,15.0,7.0,55000000,0.31433512924792995,0.68566487075207,-31.433512924792993,安値,中度,44568216.59888455,65000000.0,True,30,要人手査定
14587,13109,東京都品川区東五反田,中古マンション等,80,25.0,6.0,160000000,0.31432354625585485,1.314323546255855,31.432354625585486,高値,中度,144575590.08814403,110000000.0,True,30,要人手査定
35773,13206,東京都府中市押立町,中古マンション等,45,51.0,9.0,16000000,0.31431594234720267,1.3143159423472026,31.43159423472027,高値,中度,21029055.077555243,16000000.0,True,30,要人手査定
28194,13119,東京都板橋区幸町,中古マンション等,60,14.0,6.0,78000000,0.3142827598390425,1.3142827598390425,31.428275983904253,高値,中度,76228400.07066447,58000000.0,True,30,要人手査定
13987,13109,東京都品川区小山,中古マンション等,65,5.0,2.0,170000000,0.3142781246509758,1.3142781246509758,31.42781246509758,高値,中度,157713374.9581171,120000000.0,True,30,要人手査定
35574,13206,東京都府中市宮町,中古マンション等,75,26.0,3.0,70000000,0.3142688431197721,1.314268843119772,31.42688431197721,高値,中度,59799232.36194963,45500000.0,True,30,要人手査定
32059,13122,東京都葛飾区水元,中古マンション等,65,31.0,24.0,18000000,0.3142062014715922,0.6857937985284078,-31.420620147159216,安値,中度,20230917.05658803,29500000.0,True,30,要人手査定
10246,13108,東京都江東区新大橋,中古マンション等,60,2.0,5.0,90000000,0.31408221359174326,0.6859177864082567,-31.408221359174327,安値,中度,96028490.09715594,140000000.0,True,30,要人手査定
37048,13209,東京都町田市中町,中古マンション等,55,23.0,14.0,47000000,0.31404408554235397,1.314044085542354,31.404408554235395,高値,中度,39421322.56627062,30000000.0,True,30,要人手査定
27730,13119,東京都板橋区加賀,中古マンション等,80,43.0,8.0,66000000,0.314023313161888,1.314023313161888,31.402331316188796,高値,中度,59788060.7488659,45500000.0,True,30,要人手査定
21118,13113,東京都渋谷区恵比寿,中古マンション等,35,43.0,3.0,46000000,0.31402162418411,1.31402162418411,31.402162418411,高値,中度,46647767.658535905,35500000.0,True,30,要人手査定
25869,13117,東京都北区赤羽西,中古マンション等,70,34.0,9.0,62000000,0.31400709594111054,1.3140070959411105,31.400709594111053,高値,中度,63072340.605173305,48000000.0,True,30,要人手査定
38134,13214,東京都国分寺市本多,中古マンション等,60,57.0,7.0,29000000,0.3139956815932009,0.6860043184067991,-31.39956815932009,安値,中度,17836112.278576776,26000000.0,True,30,要人手査定
8449,13106,東京都台東区浅草,中古マンション等,30,5.0,8.0,43000000,0.3139925143657301,1.31399251436573,31.39925143657301,高値,中度,45989738.002800554,35000000.0,True,30,要人手査定
20792,13113,東京都渋谷区本町,中古マンション等,20,20.0,8.0,19000000,0.31398924442842174,0.6860107555715783,-31.398924442842173,安値,中度,20237317.28936156,29500000.0,True,30,要人手査定
1406,13102,東京都中央区明石町,中古マンション等,95,48.0,6.0,110000000,0.31396210401985264,1.3139621040198526,31.396210401985265,高値,中度,119570551.46580659,91000000.0,True,30,要人手査定
3005,13103,東京都港区六本木,中古マンション等,60,47.0,4.0,77000000,0.3138962199023725,1.3138962199023725,31.38962199023725,高値,中度,102483905.15238506,78000000.0,True,30,要人手査定
4986,13104,東京都新宿区中井,中古マンション等,20,18.0,4.0,21000000,0.31385568922529183,0.6861443107747082,-31.385568922529185,安値,中度,20584329.323241245,30000000.0,True,30,要人手査定
34345,13202,東京都立川市富士見町,中古マンション等,45,58.0,5.0,5000000,0.3138207343907973,0.6861792656092027,-31.382073439079726,安値,中度,6381467.170165585,9300000.0,True,30,要人手査定
24876,13116,東京都豊島区池袋,中古マンション等,25,4.0,9.0,41000000,0.31380145503138124,1.3138014550313812,31.380145503138124,高値,中度,41384745.83348851,31500000.0,True,30,要人手査定
19579,13112,東京都世田谷区鎌田,中古マンション等,80,30.0,17.0,52000000,0.3137705263630925,0.6862294736369074,-31.377052636309248,安値,中度,50437866.3123127,73500000.0,True,30,要人手査定
21179,13113,東京都渋谷区初台,中古マンション等,15,43.0,6.0,9000000,0.31373918426489894,0.686260815735101,-31.373918426489894,安値,中度,9607651.420291414,14000000.0,True,30,要人手査定
21177,13113,東京都渋谷区初台,中古マンション等,15,43.0,6.0,9000000,0.31373918426489894,0.686260815735101,-31.373918426489894,安値,中度,9607651.420291414,14000000.0,True,30,要人手査定
4260,13103,東京都港区芝大門,中古マンション等,80,33.0,2.0,130000000,0.31373536885013387,0.6862646311498661,-31.373536885013387,安値,中度,130390279.91847457,190000000.0,True,30,要人手査定
31987,13122,東京都葛飾区亀有,中古マンション等,70,22.0,10.0,55000000,0.31370260608254014,1.31370260608254,31.370260608254014,高値,中度,54518658.152425416,41500000.0,True,30,要人手査定
13800,13109,東京都品川区二葉,中古マンション等,45,44.0,7.0,35000000,0.31370213244336687,0.6862978675566331,-31.370213244336686,安値,中度,24363574.298260476,35500000.0,True,30,要人手査定
18243,13112,東京都世田谷区千歳台,中古マンション等,60,50.0,18.0,20000000,0.31369495130286884,0.6863050486971312,-31.369495130286886,安値,中度,24706981.753096722,36000000.0,True,30,要人手査定
27086,13119,東京都板橋区南町,中古マンション等,70,39.0,13.0,52000000,0.3136729821229214,1.3136729821229214,31.367298212292138,高値,中度,42037535.427933484,32000000.0,True,30,要人手査定
4568,13104,東京都新宿区市谷左内町,中古マンション等,65,29.0,6.0,94000000,0.3136515654256949,1.3136515654256948,31.36515654256949,高値,中度,110346731.49575837,84000000.0,True,30,要人手査定
11357,13108,東京都江東区豊洲,中古マンション等,50,18.0,6.0,94000000,0.3136357167835289,1.3136357167835289,31.36357167835289,高値,中度,95238589.46680585,72500000.0,True,30,要人手査定
313,13101,東京都千代田区神田猿楽町,中古マンション等,30,13.0,4.0,32000000,0.3136153772960058,0.6863846227039941,-31.36153772960058,安値,中度,39123923.49412767,57000000.0,True,30,要人手査定
13069,13109,東京都品川区西大井,中古マンション等,65,24.0,11.0,60000000,0.31361382961912326,0.6863861703808768,-31.361382961912327,安値,中度,60058789.908326715,87500000.0,True,30,要人手査定
4331,13103,東京都港区高輪,中古マンション等,60,28.0,9.0,140000000,0.31360678222891974,1.3136067822289197,31.360678222891973,高値,中度,130047071.44066305,99000000.0,True,30,要人手査定
36725,13209,東京都町田市山崎町,中古マンション等,80,39.0,5.0,17000000,0.31360364685634756,0.6863963531436524,-31.360364685634757,安値,中度,15787116.122304006,23000000.0,True,30,要人手査定
512,13101,東京都千代田区二番町,中古マンション等,35,29.0,3.0,51000000,0.3135738967531564,1.3135738967531563,31.357389675315638,高値,中度,61081186.19902177,46500000.0,True,30,要人手査定
29423,13120,東京都練馬区谷原,中古マンション等,60,44.0,5.0,1500000,0.31355746375578697,0.686442536244213,-31.355746375578697,安値,中度,26771258.913524307,39000000.0,True,30,要人手査定
39321,13225,東京都稲城市百村,中古マンション等,60,29.0,2.0,40000000,0.3135541108156345,1.3135541108156346,31.35541108156345,高値,中度,38093069.2136534,29000000.0,True,30,要人手査定
20138,13112,東京都世田谷区成城,中古マンション等,45,40.0,15.0,42000000,0.3135040421361113,1.3135040421361113,31.35040421361113,高値,中度,40718625.30621945,31000000.0,True,30,要人手査定
3900,13103,東京都港区芝浦,中古マンション等,65,20.0,12.0,98000000,0.31350319801618143,1.3135031980161815,31.35031980161814,高値,中度,131350319.80161814,100000000.0,True,30,要人手査定
31153,13121,東京都足立区扇,中古マンション等,60,44.0,8.0,11000000,0.3134599587747678,0.6865400412252322,-31.345995877476778,安値,中度,20252931.21614435,29500000.0,True,30,要人手査定
31889,13122,東京都葛飾区高砂,中古マンション等,75,8.0,10.0,37000000,0.31344260490740955,0.6865573950925905,-31.344260490740954,安値,中度,43253115.8908332,63000000.0,True,30,要人手査定
31893,13122,東京都葛飾区高砂,中古マンション等,75,8.0,10.0,37000000,0.31344260490740955,0.6865573950925905,-31.344260490740954,安値,中度,43253115.8908332,63000000.0,True,30,要人手査定
11689,13108,東京都江東区東砂,中古マンション等,65,11.0,9.0,60000000,0.31343998613970386,0.6865600138602961,-31.343998613970385,安値,中度,59044161.191985466,86000000.0,True,30,要人手査定
30707,13121,東京都足立区千住緑町,中古マンション等,55,7.0,9.0,58000000,0.31339810570127263,1.3133981057012727,31.339810570127263,高値,中度,53849322.33375218,41000000.0,True,30,要人手査定
34416,13202,東京都立川市錦町,中古マンション等,75,11.0,17.0,46000000,0.31331211717431506,1.313312117174315,31.331211717431508,高値,中度,57129077.097082704,43500000.0,True,30,要人手査定
34565,13202,東京都立川市一番町,中古マンション等,60,22.0,11.0,20000000,0.3132829936712211,0.6867170063287789,-31.32829936712211,安値,中度,23348378.215178482,34000000.0,True,30,要人手査定
12144,13108,東京都江東区有明,中古マンション等,80,20.0,10.0,100000000,0.31328180773622083,1.3132818077362207,31.328180773622083,高値,中度,103749262.81116144,79000000.0,True,30,要人手査定
37162,13210,東京都小金井市緑町,中古マンション等,60,32.0,8.0,35000000,0.31327352704153066,0.6867264729584693,-31.327352704153068,安値,中度,35023050.12088194,51000000.0,True,30,要人手査定
12568,13108,東京都江東区東雲,中古マンション等,95,17.0,10.0,170000000,0.3132685771991469,1.3132685771991468,31.326857719914692,高値,中度,131326857.71991469,100000000.0,True,30,要人手査定
29205,13120,東京都練馬区豊玉北,中古マンション等,70,20.0,4.0,80000000,0.31325516407245635,1.3132551640724563,31.325516407245637,高値,中度,82078447.75452852,62500000.0,True,30,要人手査定
29204,13120,東京都練馬区豊玉北,中古マンション等,70,20.0,4.0,87000000,0.31325516407245635,1.3132551640724563,31.325516407245637,高値,中度,82078447.75452852,62500000.0,True,30,要人手査定
24259,13116,東京都豊島区南池袋,中古マンション等,70,39.0,7.0,59000000,0.31324609007139587,1.3132460900713958,31.324609007139586,高値,中度,84704372.80960503,64500000.0,True,30,要人手査定
28401,13119,東京都板橋区中台,中古マンション等,60,48.0,9.0,42000000,0.31319738182924944,1.3131973818292495,31.319738182924944,高値,中度,38082724.073048234,29000000.0,True,30,要人手査定
32712,13123,東京都江戸川区船堀,中古マンション等,90,24.0,2.0,84000000,0.3131735890163057,1.3131735890163057,31.31735890163057,高値,中度,82073349.3135191,62500000.0,True,30,要人手査定
34762,13203,東京都武蔵野市中町,中古マンション等,50,61.0,6.0,23000000,0.31316517987877107,0.6868348201212289,-31.316517987877106,安値,中度,22322131.65393994,32500000.0,True,30,要人手査定
21874,13114,東京都中野区沼袋,中古マンション等,55,56.0,6.0,26000000,0.31315325929780163,0.6868467407021984,-31.315325929780162,安値,中度,27130446.257736836,39500000.0,True,30,要人手査定
29970,13120,東京都練馬区中村北,中古マンション等,55,31.0,7.0,57000000,0.3131424449422851,1.313142444942285,31.31424449422851,高値,中度,57121696.3549894,43500000.0,True,30,要人手査定
20917,13113,東京都渋谷区恵比寿西,中古マンション等,65,13.0,2.0,220000000,0.3131322842210489,1.3131322842210489,31.31322842210489,高値,中度,203535504.05426258,155000000.0,True,30,要人手査定
34884,13203,東京都武蔵野市西久保,中古マンション等,50,49.0,5.0,32000000,0.31312405010951355,0.6868759498904865,-31.312405010951355,安値,中度,23353782.29627654,34000000.0,True,30,要人手査定
10928,13108,東京都江東区豊洲,中古マンション等,75,12.0,8.0,98000000,0.3131124880961673,1.3131124880961673,31.311248809616732,高値,中度,131311248.80961673,100000000.0,True,30,要人手査定
29133,13120,東京都練馬区豊玉北,中古マンション等,40,49.0,4.0,16000000,0.3131112778134475,0.6868887221865525,-31.31112778134475,安値,中度,16141884.971383983,23500000.0,True,30,要人手査定
15488,13110,東京都目黒区八雲,中古マンション等,30,56.0,10.0,23000000,0.3130415683777058,0.6869584316222942,-31.30415683777058,安値,中度,19234836.085424237,28000000.0,True,30,要人手査定
3343,13103,東京都港区白金台,中古マンション等,185,37.0,1.0,320000000,0.31302542150305696,0.6869745784969431,-31.302542150305694,安値,中度,398445255.528227,580000000.0,True,30,要人手査定
14167,13109,東京都品川区南大井,中古マンション等,75,14.0,7.0,79000000,0.31300157889627483,0.6869984211037252,-31.300157889627485,安値,中度,89309794.74348427,130000000.0,True,30,要人手査定
17924,13111,東京都大田区東雪谷,中古マンション等,30,18.0,15.0,31000000,0.3129870920319849,1.3129870920319848,31.298709203198488,高値,中度,31511690.208767638,24000000.0,True,30,要人手査定
19614,13112,東京都世田谷区三軒茶屋,中古マンション等,25,45.0,6.0,11000000,0.31297653324540187,1.312976533245402,31.297653324540185,高値,中度,17068694.932190225,13000000.0,True,30,要人手査定
34553,13202,東京都立川市曙町,中古マンション等,25,3.0,10.0,33000000,0.3129688691625722,1.3129688691625723,31.296886916257222,高値,中度,33480706.16364559,25500000.0,True,30,要人手査定
1304,13102,東京都中央区銀座,中古マンション等,30,14.0,3.0,55000000,0.3129342257723187,1.3129342257723187,31.293422577231873,高値,中度,55143237.48243739,42000000.0,True,30,要人手査定
4166,13103,東京都港区芝,中古マンション等,70,9.0,5.0,210000000,0.312897000164765,0.687102999835235,-31.289700016476502,安値,中度,168340234.95963258,245000000.0,True,30,要人手査定
2494,13103,東京都港区東新橋,中古マンション等,100,24.0,3.0,370000000,0.31289103970806215,1.3128910397080622,31.289103970806213,高値,中度,426689587.9051202,325000000.0,True,30,要人手査定
11861,13108,東京都江東区牡丹,中古マンション等,35,53.0,5.0,17000000,0.3128723762265323,1.3128723762265322,31.28723762265323,高値,中度,26257447.524530645,20000000.0,True,30,要人手査定
38795,13224,東京都多摩市中沢,中古マンション等,60,29.0,6.0,21000000,0.3128674244011209,0.6871325755988791,-31.286742440112093,安値,中度,20957543.55576581,30500000.0,True,30,要人手査定
34638,13202,東京都立川市西砂町,中古マンション等,70,12.0,2.0,37000000,0.31284931447965825,0.6871506855203418,-31.284931447965825,安値,中度,36762561.67533828,53500000.0,True,30,要人手査定
18967,13112,東京都世田谷区北烏山,中古マンション等,70,27.0,4.0,54000000,0.3128436338897095,0.6871563661102905,-31.28436338897095,安値,中度,58408291.11937469,85000000.0,True,30,要人手査定
18401,13112,東京都世田谷区桜,中古マンション等,30,5.0,12.0,27000000,0.31283693977075133,0.6871630602292487,-31.28369397707513,安値,中度,28860848.529628444,42000000.0,True,30,要人手査定
33706,13201,東京都八王子市明神町,中古マンション等,20,18.0,3.0,12000000,0.3128179017342011,0.6871820982657989,-31.28179017342011,安値,中度,12712868.81791728,18500000.0,True,30,要人手査定
14709,13109,東京都品川区平塚,中古マンション等,25,2.0,5.0,45000000,0.31273579210403074,1.3127357921040308,31.273579210403074,高値,中度,43976649.03548503,33500000.0,True,30,要人手査定
14707,13109,東京都品川区平塚,中古マンション等,25,2.0,5.0,46000000,0.31273579210403074,1.3127357921040308,31.273579210403074,高値,中度,43976649.03548503,33500000.0,True,30,要人手査定
14708,13109,東京都品川区平塚,中古マンション等,25,2.0,5.0,46000000,0.31273579210403074,1.3127357921040308,31.273579210403074,高値,中度,43976649.03548503,33500000.0,True,30,要人手査定
19494,13112,東京都世田谷区三軒茶屋,中古マンション等,60,28.0,1.0,110000000,0.3127113024207269,1.3127113024207269,31.271130242072694,高値,中度,97140636.37913379,74000000.0,True,30,要人手査定
37040,13209,東京都町田市鶴間,中古マンション等,75,19.0,8.0,49000000,0.3127090275648153,1.3127090275648152,31.27090275648153,高値,中度,53821070.130157426,41000000.0,True,30,要人手査定
15658,13110,東京都目黒区上目黒,中古マンション等,15,40.0,6.0,11000000,0.31267744972914246,0.6873225502708575,-31.267744972914247,安値,中度,10997160.80433372,16000000.0,True,30,要人手査定
15659,13110,東京都目黒区上目黒,中古マンション等,15,40.0,6.0,11000000,0.31267744972914246,0.6873225502708575,-31.267744972914247,安値,中度,10997160.80433372,16000000.0,True,30,要人手査定
33230,13123,東京都江戸川区中葛西,中古マンション等,75,23.0,10.0,62000000,0.3126554728714915,1.3126554728714914,31.265547287149147,高値,中度,62351134.961395845,47500000.0,True,30,要人手査定
30549,13121,東京都足立区新田,中古マンション等,115,18.0,16.0,98000000,0.3125901408925796,1.3125901408925795,31.25901408925796,高値,中度,70879867.6081993,54000000.0,True,30,要人手査定
3834,13103,東京都港区赤坂,中古マンション等,80,13.0,6.0,300000000,0.3125690801080823,1.3125690801080823,31.256908010808232,高値,中度,275639506.8226973,210000000.0,True,30,要人手査定
6787,13105,東京都文京区本駒込,中古マンション等,60,13.0,3.0,80000000,0.3125354345904505,0.6874645654095495,-31.25354345904505,安値,中度,82495747.84914593,120000000.0,True,30,要人手査定
6379,13104,東京都新宿区西早稲田,中古マンション等,25,36.0,8.0,21000000,0.3125231440904797,1.3125231440904797,31.252314409047973,高値,中度,21000370.305447675,16000000.0,True,30,要人手査定
36611,13208,東京都調布市染地,中古マンション等,75,28.0,16.0,23000000,0.3125152880702589,0.6874847119297411,-31.251528807025892,安値,中度,29905584.968943737,43500000.0,True,30,要人手査定
1806,13102,東京都中央区月島,中古マンション等,20,30.0,7.0,20000000,0.31251156810617586,0.6874884318938241,-31.251156810617587,安値,中度,18218443.44518634,26500000.0,True,30,要人手査定
6164,13104,東京都新宿区大京町,中古マンション等,65,15.0,4.0,140000000,0.31250774695192196,1.312507746951922,31.250774695192195,高値,中度,144375852.16471142,110000000.0,True,30,要人手査定
33824,13201,東京都八王子市鹿島,中古マンション等,55,50.0,5.0,6500000,0.3124270652822912,0.6875729347177088,-31.24270652822912,安値,中度,7150758.521064172,10400000.0,True,30,要人手査定
4999,13104,東京都新宿区西新宿,中古マンション等,85,21.0,2.0,200000000,0.3124153206582193,1.3124153206582192,31.241532065821932,高値,中度,177176068.2888596,135000000.0,True,30,要人手査定
37119,13210,東京都小金井市本町,中古マンション等,45,55.0,7.0,17000000,0.31238236245644907,0.687617637543551,-31.238236245644906,安値,中度,13064735.113327468,19000000.0,True,30,要人手査定
9485,13107,東京都墨田区東向島,中古マンション等,55,14.0,5.0,47000000,0.3123522684588274,0.6876477315411726,-31.235226845882742,安値,中度,44009454.81863505,64000000.0,True,30,要人手査定
25135,13116,東京都豊島区東池袋,中古マンション等,40,18.0,14.0,68000000,0.31235214733248046,1.3123521473324804,31.235214733248046,高値,中度,56431142.33529666,43000000.0,True,30,要人手査定
14833,13109,東京都品川区南大井,中古マンション等,55,32.0,5.0,50000000,0.31235066297981545,0.6876493370201846,-31.235066297981547,安値,中度,51229875.60800375,74500000.0,True,30,要人手査定
6080,13104,東京都新宿区新宿,中古マンション等,20,41.0,3.0,19000000,0.3123148772498523,1.3123148772498523,31.23148772498523,高値,中度,20340880.59737271,15500000.0,True,30,要人手査定
9388,13107,東京都墨田区錦糸,中古マンション等,80,48.0,7.0,73000000,0.312309403532164,1.312309403532164,31.2309403532164,高値,中度,57741613.755415216,44000000.0,True,30,要人手査定
37247,13210,東京都小金井市貫井南町,中古マンション等,35,20.0,20.0,19000000,0.31230780762126953,0.6876921923787305,-31.230780762126955,安値,中度,19943073.578983184,29000000.0,True,30,要人手査定
37143,13210,東京都小金井市貫井南町,中古マンション等,80,23.0,5.0,50000000,0.3122620920981864,0.6877379079018137,-31.226209209818638,安値,中度,45046832.96756879,65500000.0,True,30,要人手査定
510,13101,東京都千代田区二番町,中古マンション等,15,54.0,2.0,30000000,0.312249633576227,1.312249633576227,31.2249633576227,高値,中度,26244992.67152454,20000000.0,True,30,要人手査定
22046,13114,東京都中野区東中野,中古マンション等,80,11.0,1.0,200000000,0.3122314054468652,1.3122314054468651,31.22314054468652,高値,中度,157467768.65362382,120000000.0,True,30,要人手査定
37479,13211,東京都小平市学園東町,中古マンション等,15,19.0,3.0,13000000,0.31218823995819606,0.6878117600418039,-31.218823995819605,安値,中度,12724517.560773373,18500000.0,True,30,要人手査定
17037,13111,東京都大田区鵜の木,中古マンション等,75,9.0,5.0,120000000,0.31207781874389856,1.3120778187438986,31.207781874389855,高値,中度,110214536.77448748,84000000.0,True,30,要人手査定
17036,13111,東京都大田区鵜の木,中古マンション等,75,9.0,5.0,110000000,0.31207781874389856,1.3120778187438986,31.207781874389855,高値,中度,110214536.77448748,84000000.0,True,30,要人手査定
17039,13111,東京都大田区鵜の木,中古マンション等,75,9.0,5.0,110000000,0.31207781874389856,1.3120778187438986,31.207781874389855,高値,中度,110214536.77448748,84000000.0,True,30,要人手査定
33199,13123,東京都江戸川区小松川,中古マンション等,65,38.0,1.0,49000000,0.3119915509975709,1.3119915509975708,31.199155099757093,高値,中度,52479662.039902836,40000000.0,True,30,要人手査定
31154,13121,東京都足立区扇,中古マンション等,70,10.0,7.0,43000000,0.31198781445649665,0.6880121855435034,-31.198781445649665,安値,中度,44032779.87478422,64000000.0,True,30,要人手査定
19887,13112,東京都世田谷区粕谷,中古マンション等,45,49.0,14.0,40000000,0.3119615283806607,0.6880384716193393,-31.19615283806607,安値,中度,24425365.742486544,35500000.0,True,30,要人手査定
35653,13206,東京都府中市若松町,中古マンション等,95,26.0,3.0,63000000,0.31192675667082687,1.3119267566708268,31.192675667082685,高値,中度,59036704.05018721,45000000.0,True,30,要人手査定
34858,13203,東京都武蔵野市境南町,中古マンション等,70,49.0,5.0,43000000,0.31192202026638816,0.6880779797336118,-31.192202026638817,安値,中度,33027743.02721337,48000000.0,True,30,要人手査定
24591,13116,東京都豊島区巣鴨,中古マンション等,30,36.0,2.0,16000000,0.31191245552453,1.31191245552453,31.191245552453,高値,中度,20990599.28839248,16000000.0,True,30,要人手査定
38505,13220,東京都東大和市南街,中古マンション等,60,50.0,12.0,12000000,0.3118309365159999,0.6881690634840001,-31.18309365159999,安値,中度,9978451.420518002,14500000.0,True,30,要人手査定
37491,13211,東京都小平市鈴木町,中古マンション等,55,31.0,18.0,30000000,0.3117970287230552,1.3117970287230551,31.17970287230552,高値,中度,28203636.117545687,21500000.0,True,30,要人手査定
19677,13112,東京都世田谷区三宿,中古マンション等,20,39.0,10.0,13000000,0.3117200587607323,1.3117200587607323,31.17200587607323,高値,中度,15084780.67574842,11500000.0,True,30,要人手査定
21629,13113,東京都渋谷区東,中古マンション等,20,25.0,13.0,30000000,0.3117187513844027,0.6882812486155974,-31.17187513844027,安値,中度,23401562.45293031,34000000.0,True,30,要人手査定
20964,13113,東京都渋谷区上原,中古マンション等,90,42.0,2.0,140000000,0.3116994211144973,1.3116994211144972,31.16994211144973,高値,中度,144286936.3225947,110000000.0,True,30,要人手査定
33544,13201,東京都八王子市椚田町,中古マンション等,65,10.0,3.0,34000000,0.3116674100571088,0.6883325899428911,-31.16674100571088,安値,中度,34072463.202173114,49500000.0,True,30,要人手査定
33548,13201,東京都八王子市椚田町,中古マンション等,65,10.0,3.0,39000000,0.3116674100571088,0.6883325899428911,-31.16674100571088,安値,中度,34072463.202173114,49500000.0,True,30,要人手査定
38356,13218,東京都福生市武蔵野台,中古マンション等,50,44.0,11.0,7500000,0.3116614368956617,0.6883385631043383,-31.166143689566173,安値,中度,7915893.47569989,11500000.0,True,30,要人手査定
4795,13104,東京都新宿区弁天町,中古マンション等,75,3.0,5.0,150000000,0.31161360073153876,0.6883863992684612,-31.161360073153876,安値,中度,151445007.83906147,220000000.0,True,30,要人手査定
15324,13110,東京都目黒区中目黒,中古マンション等,50,27.0,4.0,110000000,0.3116038160210673,1.3116038160210672,31.160381602106728,高値,中度,106239909.09770645,81000000.0,True,30,要人手査定
15732,13110,東京都目黒区中央町,中古マンション等,65,25.0,8.0,140000000,0.31158233008970826,1.3115823300897083,31.158233008970825,高値,中度,131158233.00897083,100000000.0,True,30,要人手査定
9324,13107,東京都墨田区押上,中古マンション等,50,34.0,2.0,47000000,0.31151020463473805,1.311510204634738,31.151020463473806,高値,中度,54427673.49234163,41500000.0,True,30,要人手査定
13708,13109,東京都品川区東五反田,中古マンション等,100,28.0,4.0,200000000,0.3114904522037023,1.3114904522037023,31.14904522037023,高値,中度,196723567.83055535,150000000.0,True,30,要人手査定
4556,13103,東京都港区六本木,中古マンション等,20,21.0,1.0,45000000,0.31147558747963044,1.3114755874796304,31.147558747963046,高値,中度,43278694.386827804,33000000.0,True,30,要人手査定
5568,13104,東京都新宿区大京町,中古マンション等,30,6.0,7.0,47000000,0.31146941229989084,1.311469412299891,31.146941229989082,高値,中度,47868633.548946016,36500000.0,True,30,要人手査定
28262,13119,東京都板橋区志村,中古マンション等,55,47.0,5.0,38000000,0.3114683695058535,1.3114683695058535,31.14683695058535,高値,中度,33442443.422399264,25500000.0,True,30,要人手査定
9049,13107,東京都墨田区墨田,中古マンション等,60,49.0,6.0,28000000,0.3114670490820916,0.6885329509179083,-31.14670490820916,安値,中度,25131452.708503656,36500000.0,True,30,要人手査定
33803,13201,東京都八王子市堀之内,中古マンション等,70,24.0,4.0,36000000,0.3114548766609896,1.3114548766609897,31.14548766609896,高値,中度,36720736.54650771,28000000.0,True,30,要人手査定
14117,13109,東京都品川区南大井,中古マンション等,80,46.0,3.0,46000000,0.3114255217637524,0.6885744782362476,-31.142552176375236,安値,中度,47855926.23741921,69500000.0,True,30,要人手査定
24397,13116,東京都豊島区池袋本町,中古マンション等,25,52.0,5.0,15000000,0.31142025952968116,0.6885797404703189,-31.142025952968115,安値,中度,11361565.717760261,16500000.0,True,30,要人手査定
30952,13121,東京都足立区中央本町,中古マンション等,60,50.0,11.0,16000000,0.31136720964857845,0.6886327903514216,-31.136720964857844,安値,中度,17215819.75878554,25000000.0,True,30,要人手査定
12878,13108,東京都江東区深川,中古マンション等,50,53.0,6.0,45000000,0.3113553296089248,1.3113553296089249,31.13553296089248,高値,中度,47864469.530725755,36500000.0,True,30,要人手査定
14325,13109,東京都品川区上大崎,中古マンション等,20,7.0,13.0,38000000,0.31134200889324043,1.3113420088932404,31.134200889324042,高値,中度,39995931.27124383,30500000.0,True,30,要人手査定
19495,13112,東京都世田谷区三軒茶屋,中古マンション等,45,48.0,8.0,45000000,0.31132277288744975,1.3113227728874497,31.132277288744977,高値,中度,45240635.66461702,34500000.0,True,30,要人手査定
35711,13206,東京都府中市晴見町,中古マンション等,75,15.0,3.0,58000000,0.31131739714942147,0.6886826028505785,-31.131739714942146,安値,中度,47519099.59668992,69000000.0,True,30,要人手査定
23411,13115,東京都杉並区下井草,中古マンション等,35,55.0,3.0,8900000,0.3112529147512478,0.6887470852487522,-31.12529147512478,安値,中度,12741821.077101916,18500000.0,True,30,要人手査定
32002,13122,東京都葛飾区立石,中古マンション等,30,34.0,7.0,9000000,0.3112330646511325,1.3112330646511325,31.12330646511325,高値,中度,11932220.888325306,9100000.0,True,30,要人手査定
37161,13210,東京都小金井市緑町,中古マンション等,70,43.0,14.0,32000000,0.3112163678566423,0.6887836321433577,-31.12163678566423,安値,中度,24107427.12501752,35000000.0,True,30,要人手査定
12284,13108,東京都江東区大島,中古マンション等,50,37.0,2.0,32000000,0.3112154847399193,0.6887845152600808,-31.12154847399193,安値,中度,32028479.959593754,46500000.0,True,30,要人手査定
36262,13208,東京都調布市染地,中古マンション等,45,60.0,15.0,8000000,0.3112119356805347,0.6887880643194653,-31.121193568053467,安値,中度,8265456.771833584,12000000.0,True,30,要人手査定
8248,13106,東京都台東区池之端,中古マンション等,60,13.0,6.0,120000000,0.31120771987533347,1.3112077198753334,31.120771987533345,高値,中度,113419467.76921634,86500000.0,True,30,要人手査定
35849,13206,東京都府中市晴見町,中古マンション等,80,16.0,13.0,59000000,0.3112061387949417,1.3112061387949416,31.12061387949417,高値,中度,59004276.24577238,45000000.0,True,30,要人手査定
13866,13109,東京都品川区東品川,中古マンション等,45,19.0,1.0,53000000,0.3111819181157668,0.6888180818842332,-31.11819181157668,安値,中度,45806402.44530151,66500000.0,True,30,要人手査定
5102,13104,東京都新宿区中落合,中古マンション等,20,40.0,7.0,11000000,0.31111230621406943,0.6888876937859306,-31.111230621406943,安値,中度,9644427.713003028,14000000.0,True,30,要人手査定
19889,13112,東京都世田谷区粕谷,中古マンション等,45,49.0,14.0,21000000,0.31099615941647274,0.6890038405835273,-31.099615941647272,安値,中度,25837644.021882273,37500000.0,True,30,要人手査定
32736,13123,東京都江戸川区東小松川,中古マンション等,40,52.0,6.0,13000000,0.3109901958127423,0.6890098041872578,-31.099019581274227,安値,中度,14469205.887932412,21000000.0,True,30,要人手査定
7968,13106,東京都台東区日本堤,中古マンション等,60,3.0,7.0,65000000,0.3109110744567347,0.6890889255432653,-31.091107445673472,安値,中度,64774359.00106694,94000000.0,True,30,要人手査定
2146,13102,東京都中央区築地,中古マンション等,50,21.0,1.0,110000000,0.31090530020354973,1.3109053002035498,31.090530020354972,高値,中度,108805139.91689463,83000000.0,True,30,要人手査定
13158,13109,東京都品川区上大崎,中古マンション等,35,9.0,2.0,93000000,0.3108990306735664,1.3108990306735664,31.089903067356637,高値,中度,93729280.69316,71500000.0,True,30,要人手査定
9260,13107,東京都墨田区千歳,中古マンション等,70,9.0,3.0,120000000,0.3108864015176324,1.3108864015176325,31.08864015176324,高値,中度,111425344.12899876,85000000.0,True,30,要人手査定
21092,13113,東京都渋谷区南平台町,中古マンション等,115,7.0,8.0,550000000,0.3108828072541368,1.3108828072541368,31.088280725413682,高値,中度,393264842.17624104,300000000.0,True,30,要人手査定
25782,13117,東京都北区赤羽西,中古マンション等,55,44.0,11.0,21000000,0.3108596177228219,0.6891403822771781,-31.08596177228219,安値,中度,21018781.659453932,30500000.0,True,30,要人手査定
12739,13108,東京都江東区富岡,中古マンション等,55,49.0,1.0,57000000,0.3108577954085196,1.3108577954085197,31.08577954085196,高値,中度,51123454.020932265,39000000.0,True,30,要人手査定
23783,13115,東京都杉並区上荻,中古マンション等,30,56.0,9.0,27000000,0.31084789012016617,1.3108478901201661,31.084789012016618,高値,中度,22284414.132042825,17000000.0,True,30,要人手査定
27329,13119,東京都板橋区高島平,中古マンション等,55,32.0,10.0,29000000,0.31080965487630724,0.6891903451236928,-31.080965487630724,安値,中度,26878423.45982402,39000000.0,True,30,要人手査定
27318,13119,東京都板橋区高島平,中古マンション等,55,32.0,10.0,30000000,0.31080965487630724,0.6891903451236928,-31.080965487630724,安値,中度,26878423.45982402,39000000.0,True,30,要人手査定
6519,13105,東京都文京区小石川,中古マンション等,35,27.0,8.0,28000000,0.31076369036048573,1.3107636903604858,31.076369036048572,高値,中度,38667528.86563433,29500000.0,True,30,要人手査定
16826,13111,東京都大田区田園調布,中古マンション等,90,12.0,7.0,85000000,0.3107069336641048,1.3107069336641048,31.070693366410477,高値,中度,115342210.16244122,88000000.0,True,30,要人手査定
15379,13110,東京都目黒区中目黒,中古マンション等,35,48.0,7.0,33000000,0.3106484292083845,0.6893515707916156,-31.064842920838448,安値,中度,31020820.6856227,45000000.0,True,30,要人手査定
30989,13121,東京都足立区青井,中古マンション等,85,17.0,5.0,50000000,0.3105975276121155,0.6894024723878845,-31.059752761211552,安値,中度,49981679.24812163,72500000.0,True,30,要人手査定
1585,13102,東京都中央区佃,中古マンション等,55,6.0,2.0,96000000,0.3105548727518621,0.6894451272481379,-31.05548727518621,安値,中度,96522317.8147393,140000000.0,True,30,要人手査定
22699,13114,東京都中野区丸山,中古マンション等,15,31.0,5.0,9600000,0.3105324785008249,0.6894675214991751,-31.05324785008249,安値,中度,11376214.10473639,16500000.0,True,30,要人手査定
31773,13122,東京都葛飾区高砂,中古マンション等,45,51.0,6.0,12000000,0.31051572954233253,0.6894842704576675,-31.051572954233254,安値,中度,13100201.138695681,19000000.0,True,30,要人手査定
2777,13103,東京都港区浜松町,中古マンション等,65,7.0,5.0,250000000,0.310506112979596,1.310506112979596,31.050611297959602,高値,中度,275206283.72571516,210000000.0,True,30,要人手査定
18549,13112,東京都世田谷区玉川,中古マンション等,100,42.0,3.0,110000000,0.3104712977618865,1.3104712977618864,31.047129776188648,高値,中度,115321474.20304601,88000000.0,True,30,要人手査定
37200,13210,東京都小金井市緑町,中古マンション等,75,8.0,11.0,80000000,0.3104487408982696,1.3104487408982697,31.044874089826962,高値,中度,79937373.19479445,61000000.0,True,30,要人手査定
38999,13224,東京都多摩市永山,中古マンション等,50,54.0,11.0,9000000,0.31044398347403007,0.6895560165259699,-31.044398347403007,安値,中度,8964228.214837609,13000000.0,True,30,要人手査定
21413,13113,東京都渋谷区大山町,中古マンション等,80,11.0,10.0,250000000,0.3104151360687296,1.3104151360687295,31.04151360687296,高値,中度,242426800.17271498,185000000.0,True,30,要人手査定
35196,13204,東京都三鷹市下連雀,中古マンション等,75,22.0,15.0,86000000,0.3104047598605315,1.3104047598605315,31.040475986053153,高値,中度,77313880.83177136,59000000.0,True,30,要人手査定
24042,13115,東京都杉並区堀ノ内,中古マンション等,55,32.0,14.0,34000000,0.310400331811751,0.689599668188249,-31.040033181175097,安値,中度,34479983.40941245,50000000.0,True,30,要人手査定
18028,13111,東京都大田区南雪谷,中古マンション等,75,23.0,1.0,85000000,0.31038255809662,1.31038255809662,31.038255809662,高値,中度,91726779.0667634,70000000.0,True,30,要人手査定
19637,13112,東京都世田谷区世田谷,中古マンション等,45,35.0,2.0,28000000,0.3103765451637756,0.6896234548362243,-31.03765451637756,安値,中度,35170796.19664744,51000000.0,True,30,要人手査定
16531,13111,東京都大田区上池台,中古マンション等,70,22.0,5.0,84000000,0.3103523732283575,1.3103523732283575,31.03523732283575,高値,中度,77310790.0204731,59000000.0,True,30,要人手査定
23254,13115,東京都杉並区桃井,中古マンション等,20,38.0,14.0,6800000,0.31033500018415927,0.6896649998158407,-31.03350001841593,安値,中度,8275979.997790089,12000000.0,True,30,要人手査定
18512,13112,東京都世田谷区経堂,中古マンション等,60,47.0,8.0,30000000,0.31033264280873724,0.6896673571912627,-31.033264280873723,安値,中度,30000530.03781993,43500000.0,True,30,要人手査定
29131,13120,東京都練馬区豊玉北,中古マンション等,65,34.0,5.0,70000000,0.31032006553863684,1.310320065538637,31.032006553863685,高値,中度,64860843.24416252,49500000.0,True,30,要人手査定
38176,13215,東京都国立市中,中古マンション等,100,25.0,16.0,60000000,0.3102758419086006,1.3102758419086007,31.027584190860058,高値,中度,64858654.17447573,49500000.0,True,30,要人手査定
4012,13103,東京都港区芝浦,中古マンション等,95,20.0,14.0,190000000,0.3102509110725408,1.3102509110725409,31.02509110725408,高値,中度,222742654.88233194,170000000.0,True,30,要人手査定
35097,13204,東京都三鷹市上連雀,中古マンション等,20,44.0,8.0,7800000,0.3101330563043348,0.6898669436956651,-31.01330563043348,安値,中度,8278403.324347982,12000000.0,True,30,要人手査定
31337,13121,東京都足立区千住寿町,中古マンション等,25,1.0,10.0,38000000,0.3101281903864695,1.3101281903864694,31.01281903864695,高値,中度,37993717.521207616,29000000.0,True,30,要人手査定
28922,13120,東京都練馬区南大泉,中古マンション等,60,32.0,7.0,29000000,0.31010390993812614,0.6898960900618739,-31.010390993812614,安値,中度,31045324.052784324,45000000.0,True,30,要人手査定
24181,13116,東京都豊島区南池袋,中古マンション等,25,10.0,7.0,35000000,0.31009585276447904,1.310095852764479,31.009585276447904,高値,中度,37992779.73016989,29000000.0,True,30,要人手査定
31070,13121,東京都足立区足立,中古マンション等,55,44.0,8.0,11000000,0.31006047807881665,0.6899395219211834,-31.006047807881664,安値,中度,18628367.09187195,27000000.0,True,30,要人手査定
29909,13120,東京都練馬区豊玉中,中古マンション等,60,53.0,10.0,34000000,0.3100502990839479,1.310050299083948,31.00502990839479,高値,中度,39301508.97251844,30000000.0,True,30,要人手査定
31995,13122,東京都葛飾区立石,中古マンション等,70,10.0,13.0,45000000,0.31004598260797117,0.6899540173920288,-31.004598260797117,安値,中度,44157057.113089845,64000000.0,True,30,要人手査定
20286,13112,東京都世田谷区中町,中古マンション等,45,59.0,15.0,21000000,0.309983763006051,0.690016236993949,-30.998376300605102,安値,中度,22425527.702303343,32500000.0,True,30,要人手査定
20592,13113,東京都渋谷区神宮前,中古マンション等,75,13.0,7.0,210000000,0.3099792402757363,1.3099792402757364,30.99792402757363,高値,中度,209596678.4441178,160000000.0,True,30,要人手査定
35763,13206,東京都府中市緑町,中古マンション等,75,22.0,10.0,48000000,0.3098851973345045,1.3098851973345045,30.98851973345045,高値,中度,52395407.89338018,40000000.0,True,30,要人手査定
31318,13121,東京都足立区千住河原町,中古マンション等,25,2.0,3.0,34000000,0.3098703838776615,1.3098703838776615,30.98703838776615,高値,中度,36021435.55663569,27500000.0,True,30,要人手査定
15041,13110,東京都目黒区青葉台,中古マンション等,70,27.0,8.0,130000000,0.3098475861867225,1.3098475861867225,30.98475861867225,高値,中度,144083234.48053947,110000000.0,True,30,要人手査定
830,13102,東京都中央区日本橋馬喰町,中古マンション等,30,15.0,2.0,31000000,0.30982255945078324,0.6901774405492167,-30.982255945078325,安値,中度,31057984.824714754,45000000.0,True,30,要人手査定
8855,13106,東京都台東区竜泉,中古マンション等,50,27.0,4.0,44000000,0.3097929303313632,0.6902070696686369,-30.97929303313632,安値,中度,46588977.202632986,67500000.0,True,30,要人手査定
6192,13104,東京都新宿区筑土八幡町,中古マンション等,60,5.0,5.0,170000000,0.30974706686616343,1.3097470668661635,30.974706686616344,高値,中度,157169648.0239396,120000000.0,True,30,要人手査定
38054,13214,東京都国分寺市本町,中古マンション等,50,27.0,3.0,40000000,0.309726195316648,0.690273804683352,-30.9726195316648,安値,中度,40035880.67163441,58000000.0,True,30,要人手査定
4606,13104,東京都新宿区高田馬場,中古マンション等,50,56.0,7.0,26000000,0.3097119714590252,0.6902880285409748,-30.97119714590252,安値,中度,25195513.04174558,36500000.0,True,30,要人手査定
14494,13109,東京都品川区西五反田,中古マンション等,60,35.0,4.0,71000000,0.30968283722910406,1.309682837229104,30.968283722910407,高値,中度,81200335.90820445,62000000.0,True,30,要人手査定
2441,13102,東京都中央区東日本橋,中古マンション等,35,23.0,1.0,77000000,0.3096298894539866,1.3096298894539866,30.962988945398664,高値,中度,60897789.85961038,46500000.0,True,30,要人手査定
13051,13109,東京都品川区上大崎,中古マンション等,30,39.0,4.0,26000000,0.3096297415290208,1.3096297415290208,30.962974152902078,高値,中度,28157039.442873947,21500000.0,True,30,要人手査定
19318,13112,東京都世田谷区上北沢,中古マンション等,60,13.0,4.0,66000000,0.30962275709797166,0.6903772429020284,-30.962275709797165,安値,中度,61098385.99682951,88500000.0,True,30,要人手査定
179,13101,東京都千代田区神田東松下町,中古マンション等,80,8.0,2.0,160000000,0.3096225606070485,0.6903774393929515,-30.962256060704853,安値,中度,155334923.86341408,225000000.0,True,30,要人手査定
37982,13214,東京都国分寺市泉町,中古マンション等,70,14.0,9.0,70000000,0.3096116328539631,1.309611632853963,30.96116328539631,高値,中度,65480581.642698154,50000000.0,True,30,要人手査定
24886,13116,東京都豊島区池袋,中古マンション等,25,4.0,9.0,42000000,0.3096085828107106,1.3096085828107107,30.960858281071058,高値,中度,41252670.35853738,31500000.0,True,30,要人手査定
31702,13122,東京都葛飾区東新小岩,中古マンション等,65,21.0,5.0,63000000,0.3096084683413304,1.3096084683413303,30.960846834133037,高値,中度,58932381.075359866,45000000.0,True,30,要人手査定
35629,13206,東京都府中市美好町,中古マンション等,55,31.0,7.0,25000000,0.30960660813494145,0.6903933918650585,-30.960660813494144,安値,中度,27615735.67460234,40000000.0,True,30,要人手査定
11724,13108,東京都江東区南砂,中古マンション等,35,52.0,8.0,12000000,0.30950228117174283,0.6904977188282572,-30.950228117174284,安値,中度,16226696.392464044,23500000.0,True,30,要人手査定
33822,13201,東京都八王子市大和田町,中古マンション等,30,33.0,20.0,6500000,0.309501548211273,1.309501548211273,30.950154821127303,高値,中度,7333208.669983129,5600000.0,True,30,要人手査定
3237,13103,東京都港区白金台,中古マンション等,40,48.0,4.0,30000000,0.30948023303089084,0.6905197669691091,-30.948023303089084,安値,中度,31418649.397094466,45500000.0,True,30,要人手査定
4567,13104,東京都新宿区市谷加賀町,中古マンション等,70,5.0,6.0,130000000,0.30945241745036817,0.6905475825496319,-30.945241745036817,安値,中度,120845826.94618557,175000000.0,True,30,要人手査定
14140,13109,東京都品川区南大井,中古マンション等,50,53.0,13.0,19000000,0.3094289466777918,0.6905710533222083,-30.942894667779182,安値,中度,23824701.339616183,34500000.0,True,30,要人手査定
10512,13108,東京都江東区北砂,中古マンション等,75,10.0,8.0,69000000,0.30939253777479314,0.6906074622252069,-30.939253777479315,安値,中度,75966820.84477276,110000000.0,True,30,要人手査定
36704,13209,東京都町田市相原町,中古マンション等,70,30.0,14.0,12000000,0.309341843735023,0.690658156264977,-30.934184373502298,安値,中度,23137048.23487673,33500000.0,True,30,要人手査定
34418,13202,東京都立川市錦町,中古マンション等,75,8.0,9.0,65000000,0.3093356361220073,1.3093356361220074,30.933563612200732,高値,中度,70704124.3505884,54000000.0,True,30,要人手査定
22810,13115,東京都杉並区上荻,中古マンション等,35,52.0,9.0,15000000,0.30930877552034053,1.3093087755203405,30.930877552034055,高値,中度,26186175.51040681,20000000.0,True,30,要人手査定
12025,13108,東京都江東区南砂,中古マンション等,50,52.0,8.0,26000000,0.30927406693783943,0.6907259330621606,-30.927406693783944,安値,中度,24175407.65717562,35000000.0,True,30,要人手査定
6824,13105,東京都文京区小石川,中古マンション等,45,23.0,3.0,80000000,0.3092563959046717,1.3092563959046717,30.92563959046717,高値,中度,73318358.17066161,56000000.0,True,30,要人手査定
14220,13109,東京都品川区南大井,中古マンション等,55,47.0,5.0,27000000,0.309253355531433,0.690746644468567,-30.925335553143302,安値,中度,32810465.612256933,47500000.0,True,30,要人手査定
2324,13102,東京都中央区日本橋浜町,中古マンション等,65,22.0,6.0,140000000,0.309251920276524,1.309251920276524,30.925192027652397,高値,中度,144017711.23041764,110000000.0,True,30,要人手査定
34815,13203,東京都武蔵野市中町,中古マンション等,70,26.0,6.0,69000000,0.3092418462855073,1.3092418462855073,30.924184628550734,高値,中度,85100720.00855798,65000000.0,True,30,要人手査定
3333,13103,東京都港区白金台,中古マンション等,60,24.0,1.0,83000000,0.3092250931596554,0.6907749068403446,-30.92250931596554,安値,中度,103616236.02605169,150000000.0,True,30,要人手査定
4516,13103,東京都港区南麻布,中古マンション等,135,13.0,2.0,850000000,0.3091715238298837,1.3091715238298838,30.917152382988373,高値,中度,785502914.2979302,600000000.0,True,30,要人手査定
28735,13120,東京都練馬区大泉学園町,中古マンション等,75,29.0,5.0,35000000,0.30916137883860095,0.690838621161399,-30.916137883860095,安値,中度,36614446.92155415,53000000.0,True,30,要人手査定
20108,13112,東京都世田谷区三軒茶屋,中古マンション等,65,22.0,12.0,91000000,0.30915489401400276,1.3091548940140028,30.915489401400276,高値,中度,93604574.9220012,71500000.0,True,30,要人手査定
31198,13121,東京都足立区加平,中古マンション等,15,37.0,6.0,8700000,0.3091513074244887,1.3091513074244887,30.91513074244887,高値,中度,8836771.325115299,6750000.0,True,30,要人手査定
35632,13206,東京都府中市若松町,中古マンション等,25,18.0,10.0,12000000,0.30914686356513565,0.6908531364348643,-30.914686356513567,安値,中度,15889622.13800188,23000000.0,True,30,要人手査定
28664,13120,東京都練馬区大泉学園町,中古マンション等,50,43.0,5.0,18000000,0.3091357326700132,0.6908642673299867,-30.913573267001322,安値,中度,21416792.28722959,31000000.0,True,30,要人手査定
21570,13113,東京都渋谷区富ケ谷,中古マンション等,50,19.0,5.0,140000000,0.30905455492553935,1.3090545549255395,30.905455492553934,高値,中度,116505855.388373,89000000.0,True,30,要人手査定
24588,13116,東京都豊島区巣鴨,中古マンション等,50,45.0,5.0,25000000,0.3090526185145127,0.6909473814854873,-30.90526185145127,安値,中度,29019790.022390466,42000000.0,True,30,要人手査定
26792,13118,東京都荒川区東尾久,中古マンション等,55,35.0,9.0,47000000,0.30903028424961926,1.3090302842496193,30.903028424961924,高値,中度,47125090.232986294,36000000.0,True,30,要人手査定
28863,13120,東京都練馬区関町南,中古マンション等,40,47.0,15.0,9900000,0.3090152316648784,0.6909847683351217,-30.901523166487838,安値,中度,14510680.135037554,21000000.0,True,30,要人手査定
23971,13115,東京都杉並区西荻北,中古マンション等,75,26.0,9.0,89000000,0.3089705815454504,1.3089705815454504,30.897058154545036,高値,中度,92282425.99895425,70500000.0,True,30,要人手査定
5310,13104,東京都新宿区南元町,中古マンション等,60,48.0,7.0,60000000,0.3089499407852429,1.308949940785243,30.89499407852429,高値,中度,66101972.00965477,50500000.0,True,30,要人手査定
25899,13117,東京都北区浮間,中古マンション等,60,28.0,8.0,31000000,0.30893769813242905,0.6910623018675709,-30.893769813242905,安値,中度,36626301.99898126,53000000.0,True,30,要人手査定
36162,13208,東京都調布市染地,中古マンション等,45,60.0,16.0,12000000,0.3089271939058213,0.6910728060941788,-30.89271939058213,安値,中度,8638410.076177234,12500000.0,True,30,要人手査定
22772,13114,東京都中野区弥生町,中古マンション等,15,44.0,3.0,6500000,0.3089218877573278,0.6910781122426722,-30.89218877573278,安値,中度,10020632.627518747,14500000.0,True,30,要人手査定
9274,13107,東京都墨田区石原,中古マンション等,45,6.0,12.0,51000000,0.3089173727341369,1.3089173727341368,30.89173727341369,高値,中度,58901281.77303616,45000000.0,True,30,要人手査定
38889,13224,東京都多摩市関戸,中古マンション等,70,54.0,4.0,8000000,0.3089104003369575,1.3089104003369574,30.89104003369575,高値,中度,19633656.005054362,15000000.0,True,30,要人手査定
30319,13121,東京都足立区千住旭町,中古マンション等,70,23.0,5.0,54000000,0.3088914172437326,1.3088914172437327,30.88914172437326,高値,中度,56282330.9414805,43000000.0,True,30,要人手査定
9111,13107,東京都墨田区江東橋,中古マンション等,55,31.0,7.0,63000000,0.30882855436739326,1.3088285543673932,30.882855436739327,高値,中度,64787013.441185966,49500000.0,True,30,要人手査定
3687,13103,東京都港区芝浦,中古マンション等,20,46.0,8.0,14000000,0.3088137133248386,0.6911862866751614,-30.88137133248386,安値,中度,12786946.303490486,18500000.0,True,30,要人手査定
3254,13103,東京都港区三田,中古マンション等,80,17.0,5.0,350000000,0.3087862232779572,1.3087862232779572,30.878622327795718,高値,中度,340284418.05226886,260000000.0,True,30,要人手査定
19717,13112,東京都世田谷区上北沢,中古マンション等,40,52.0,3.0,30000000,0.30877004449348655,0.6912299555065134,-30.877004449348654,安値,中度,20391283.687442146,29500000.0,True,30,要人手査定
20151,13112,東京都世田谷区世田谷,中古マンション等,50,54.0,1.0,50000000,0.30871778707581393,1.308717787075814,30.87177870758139,高値,中度,50385634.802418835,38500000.0,True,30,要人手査定
12985,13108,東京都江東区毛利,中古マンション等,60,31.0,3.0,87000000,0.3086971026306716,1.3086971026306715,30.869710263067162,高値,中度,78521826.1578403,60000000.0,True,30,要人手査定
36887,13209,東京都町田市原町田,中古マンション等,70,3.0,4.0,71000000,0.3086866025620894,1.3086866025620894,30.86866025620894,高値,中度,71977763.14091492,55000000.0,True,30,要人手査定
14302,13109,東京都品川区大崎,中古マンション等,20,23.0,6.0,40000000,0.30858952651589594,1.308589526515896,30.858952651589593,高値,中度,31406148.636381503,24000000.0,True,30,要人手査定
38661,13222,東京都東久留米市ひばりが丘団地,中古マンション等,75,11.0,19.0,45000000,0.30857531028585655,1.3085753102858566,30.857531028585655,高値,中度,45145848.20486205,34500000.0,True,30,要人手査定
37883,13213,東京都東村山市美住町,中古マンション等,75,33.0,16.0,18000000,0.3085695434362352,0.6914304565637648,-30.85695434362352,安値,中度,19360052.783785414,28000000.0,True,30,要人手査定
1536,13102,東京都中央区新川,中古マンション等,110,40.0,6.0,100000000,0.30856698023573864,0.6914330197642614,-30.856698023573863,安値,中度,124457943.55756705,180000000.0,True,30,要人手査定
32235,13122,東京都葛飾区亀有,中古マンション等,40,41.0,8.0,18000000,0.30854578220021234,1.3085457822002124,30.854578220021235,高値,中度,22899551.188503716,17500000.0,True,30,要人手査定
38663,13222,東京都東久留米市ひばりが丘団地,中古マンション等,70,11.0,18.0,42000000,0.30849252275742295,1.308492522757423,30.849252275742295,高値,中度,43180253.25099496,33000000.0,True,30,要人手査定
11528,13108,東京都江東区南砂,中古マンション等,60,45.0,4.0,30000000,0.3084152834995346,0.6915847165004654,-30.841528349953464,安値,中度,30083935.167770244,43500000.0,True,30,要人手査定
31432,13121,東京都足立区東和,中古マンション等,55,34.0,8.0,31000000,0.3083985810731443,0.6916014189268557,-30.839858107314427,安値,中度,21093843.2772691,30500000.0,True,30,要人手査定
29664,13120,東京都練馬区桜台,中古マンション等,50,41.0,1.0,23000000,0.3083696942343924,1.3083696942343923,30.836969423439243,高値,中度,38596905.979914576,29500000.0,True,30,要人手査定
31336,13121,東京都足立区千住寿町,中古マンション等,25,1.0,10.0,38000000,0.3083077977674858,1.3083077977674857,30.830779776748578,高値,中度,37940926.13525709,29000000.0,True,30,要人手査定
22753,13114,東京都中野区弥生町,中古マンション等,25,2.0,8.0,46000000,0.30828955544364806,1.308289555443648,30.828955544364806,高値,中度,47098423.99597133,36000000.0,True,30,要人手査定
38605,13221,東京都清瀬市中里,中古マンション等,70,41.0,5.0,12000000,0.3082708061277171,0.6917291938722828,-30.827080612771713,安値,中度,16947365.24987093,24500000.0,True,30,要人手査定
16256,13111,東京都大田区大森北,中古マンション等,35,5.0,9.0,40000000,0.30826739312308693,1.3082673931230868,30.826739312308693,高値,中度,46443492.455869585,35500000.0,True,30,要人手査定
7884,13106,東京都台東区台東,中古マンション等,70,25.0,5.0,88000000,0.30825040177049107,1.308250401770491,30.825040177049107,高値,中度,107276532.94518027,82000000.0,True,30,要人手査定
21876,13114,東京都中野区東中野,中古マンション等,40,61.0,3.0,18000000,0.3082031788282483,0.6917968211717517,-30.82031788282483,安値,中度,17640818.939879667,25500000.0,True,30,要人手査定
31747,13122,東京都葛飾区金町,中古マンション等,55,33.0,10.0,23000000,0.3081604465748668,0.6918395534251333,-30.816044657486678,安値,中度,20409266.82604143,29500000.0,True,30,要人手査定
10684,13108,東京都江東区潮見,中古マンション等,85,24.0,4.0,76000000,0.3081251453475454,0.6918748546524546,-30.81251453475454,安値,中度,72646859.73850773,105000000.0,True,30,要人手査定
9177,13107,東京都墨田区立花,中古マンション等,55,42.0,3.0,29000000,0.30804534950713286,0.6919546504928672,-30.804534950713286,安値,中度,29754049.971193288,43000000.0,True,30,要人手査定
25953,13117,東京都北区王子,中古マンション等,70,8.0,6.0,95000000,0.30800741340093113,1.3080074134009312,30.80074134009311,高値,中度,87636496.69786239,67000000.0,True,30,要人手査定
6516,13105,東京都文京区小石川,中古マンション等,80,46.0,10.0,69000000,0.3079908105768818,1.3079908105768818,30.799081057688184,高値,中度,85673398.09278576,65500000.0,True,30,要人手査定
4017,13103,東京都港区芝浦,中古マンション等,40,28.0,9.0,37000000,0.3079867978620446,0.6920132021379555,-30.79867978620446,安値,中度,56745082.575312346,82000000.0,True,30,要人手査定
2558,13103,東京都港区白金,中古マンション等,85,12.0,5.0,210000000,0.3079605634863812,0.6920394365136189,-30.796056348638118,安値,中度,231833211.2320623,335000000.0,True,30,要人手査定
13008,13108,東京都江東区門前仲町,中古マンション等,70,22.0,2.0,95000000,0.30791863970052746,1.3079186397005274,30.791863970052745,高値,中度,103979531.85619193,79500000.0,True,30,要人手査定
20925,13113,東京都渋谷区猿楽町,中古マンション等,35,6.0,7.0,71000000,0.3079110647952845,1.3079110647952845,30.79110647952845,高値,中度,84360263.67929585,64500000.0,True,30,要人手査定
20921,13113,東京都渋谷区猿楽町,中古マンション等,35,6.0,7.0,83000000,0.3079110647952845,1.3079110647952845,30.79110647952845,高値,中度,84360263.67929585,64500000.0,True,30,要人手査定
13669,13109,東京都品川区西五反田,中古マンション等,110,22.0,5.0,270000000,0.3078854175027785,1.3078854175027785,30.788541750277847,高値,中度,261577083.5005557,200000000.0,True,30,要人手査定
9096,13107,東京都墨田区亀沢,中古マンション等,75,27.0,11.0,82000000,0.3078849572107832,1.3078849572107831,30.78849572107832,高値,中度,82396752.30427934,63000000.0,True,30,要人手査定
18891,13112,東京都世田谷区野沢,中古マンション等,50,54.0,13.0,53000000,0.30788236396274243,1.3078823639627424,30.788236396274243,高値,中度,49699529.83058421,38000000.0,True,30,要人手査定
32031,13122,東京都葛飾区立石,中古マンション等,65,10.0,12.0,45000000,0.3078447267833373,0.6921552732166627,-30.784472678333728,安値,中度,44990092.75908308,65000000.0,True,30,要人手査定
23477,13115,東京都杉並区高円寺南,中古マンション等,65,26.0,8.0,90000000,0.30782420655110165,1.3078242065511017,30.782420655110165,高値,中度,86970309.73564826,66500000.0,True,30,要人手査定
26038,13117,東京都北区滝野川,中古マンション等,40,17.0,5.0,49000000,0.30777716066433386,1.3077771606643338,30.777716066433385,高値,中度,48387754.944580354,37000000.0,True,30,要人手査定
6483,13104,東京都新宿区四谷本塩町,中古マンション等,45,7.0,5.0,62000000,0.30776767639079844,1.3077676763907984,30.776767639079843,高値,中度,100698111.08209148,77000000.0,True,30,要人手査定
37661,13212,東京都日野市神明,中古マンション等,100,45.0,15.0,27000000,0.3077489006246234,0.6922510993753765,-30.77489006246234,安値,中度,19729156.332198232,28500000.0,True,30,要人手査定
35639,13206,東京都府中市東芝町,中古マンション等,95,12.0,13.0,53000000,0.3077297384169306,1.3077297384169306,30.77297384169306,高値,中度,63424892.313221134,48500000.0,True,30,要人手査定
10387,13108,東京都江東区有明,中古マンション等,80,5.0,9.0,120000000,0.30768791204934326,1.3076879120493432,30.768791204934328,高値,中度,150384109.88567448,115000000.0,True,30,要人手査定
26520,13118,東京都荒川区東日暮里,中古マンション等,55,6.0,10.0,84000000,0.3076792355330141,1.307679235533014,30.767923553301408,高値,中度,77806914.51421434,59500000.0,True,30,要人手査定
23625,13115,東京都杉並区堀ノ内,中古マンション等,35,35.0,9.0,25000000,0.3076555680954741,0.6923444319045259,-30.765556809547412,安値,中度,21462677.389040302,31000000.0,True,30,要人手査定
19045,13112,東京都世田谷区大原,中古マンション等,15,43.0,2.0,6500000,0.3076135258175647,0.6923864741824353,-30.76135258175647,安値,中度,8308637.690189224,12000000.0,True,30,要人手査定
22058,13114,東京都中野区丸山,中古マンション等,55,30.0,7.0,35000000,0.3075721765939506,0.6924278234060495,-30.75721765939506,安値,中度,43622952.87458111,63000000.0,True,30,要人手査定
29540,13120,東京都練馬区練馬,中古マンション等,55,5.0,1.0,80000000,0.30756626921657254,1.3075662692165726,30.756626921657254,高値,中度,84991807.49907722,65000000.0,True,30,要人手査定
22777,13114,東京都中野区弥生町,中古マンション等,20,31.0,8.0,17000000,0.30754481647478044,1.3075448164747805,30.754481647478045,高値,中度,16998082.614172146,13000000.0,True,30,要人手査定
35474,13206,東京都府中市宮西町,中古マンション等,80,23.0,5.0,61000000,0.30752255768316317,1.3075225576831633,30.752255768316317,高値,中度,62761082.76879183,48000000.0,True,30,要人手査定
22032,13114,東京都中野区東中野,中古マンション等,70,24.0,8.0,100000000,0.30751809419423437,1.3075180941942344,30.751809419423438,高値,中度,103293929.44134451,79000000.0,True,30,要人手査定
36681,13208,東京都調布市布田,中古マンション等,50,11.0,2.0,80000000,0.30749181649781804,1.307491816497818,30.749181649781804,高値,中度,77795763.08162017,59500000.0,True,30,要人手査定
38361,13218,東京都福生市武蔵野台,中古マンション等,40,40.0,10.0,5500000,0.3074859946983112,0.6925140053016887,-30.748599469831124,安値,中度,7271397.055667732,10500000.0,True,30,要人手査定
36630,13208,東京都調布市多摩川,中古マンション等,60,27.0,10.0,39000000,0.30747823165138455,0.6925217683486155,-30.747823165138456,安値,中度,31163479.575687695,45000000.0,True,30,要人手査定
18495,13112,東京都世田谷区北沢,中古マンション等,55,28.0,5.0,67000000,0.3074254330564638,1.3074254330564639,30.74254330564638,高値,中度,84328940.43214191,64500000.0,True,30,要人手査定
2621,13103,東京都港区浜松町,中古マンション等,65,7.0,5.0,260000000,0.3074139503876476,1.3074139503876476,30.741395038764765,高値,中度,274556929.581406,210000000.0,True,30,要人手査定
35902,13206,東京都府中市宮西町,中古マンション等,75,23.0,6.0,75000000,0.3073857900802112,1.3073857900802113,30.738579008021123,高値,中度,51641738.70816834,39500000.0,True,30,要人手査定
33266,13123,東京都江戸川区西葛西,中古マンション等,65,46.0,8.0,41000000,0.3073292307549612,1.307329230754961,30.73292307549612,高値,中度,44449193.84566868,34000000.0,True,30,要人手査定
36491,13208,東京都調布市上石原,中古マンション等,60,24.0,9.0,26000000,0.3073099272847082,0.6926900727152918,-30.730992728470817,安値,中度,32210088.38126107,46500000.0,True,30,要人手査定
5632,13104,東京都新宿区神楽坂,中古マンション等,45,3.0,1.0,97000000,0.30724560316976346,1.3072456031697635,30.724560316976344,高値,中度,94121683.42822297,72000000.0,True,30,要人手査定
34864,13203,東京都武蔵野市西久保,中古マンション等,25,36.0,13.0,12000000,0.30718380651469185,0.6928161934853081,-30.718380651469186,安値,中度,13163507.676220855,19000000.0,True,30,要人手査定
37507,13212,東京都日野市多摩平,中古マンション等,75,3.0,9.0,60000000,0.30717748150820073,1.3071774815082007,30.717748150820075,高値,中度,60130164.149377234,46000000.0,True,30,要人手査定
37543,13212,東京都日野市三沢,中古マンション等,70,30.0,5.0,20000000,0.30717635629544066,0.6928236437045593,-30.717635629544066,安値,中度,20438297.4892845,29500000.0,True,30,要人手査定
1476,13102,東京都中央区入船,中古マンション等,35,28.0,3.0,24000000,0.3071611649909096,1.3071611649909096,30.716116499090962,高値,中度,49672124.269654565,38000000.0,True,30,要人手査定
19695,13112,東京都世田谷区池尻,中古マンション等,70,14.0,8.0,150000000,0.3070469321594732,1.3070469321594733,30.70469321594732,高値,中度,137239927.8767447,105000000.0,True,30,要人手査定
20327,13112,東京都世田谷区深沢,中古マンション等,70,31.0,16.0,86000000,0.30703888004866026,1.3070388800486603,30.703888004866027,高値,中度,80382891.1229926,61500000.0,True,30,要人手査定
20726,13113,東京都渋谷区円山町,中古マンション等,20,43.0,6.0,17000000,0.3069960808443249,1.3069960808443248,30.69960808443249,高値,中度,18297945.13182055,14000000.0,True,30,要人手査定
24775,13116,東京都豊島区東池袋,中古マンション等,30,25.0,12.0,44000000,0.3069605807179229,1.306960580717923,30.696058071792294,高値,中度,34634455.38902496,26500000.0,True,30,要人手査定
14706,13109,東京都品川区平塚,中古マンション等,25,2.0,5.0,46000000,0.30695375643502576,1.3069537564350258,30.695375643502576,高値,中度,43782950.84057336,33500000.0,True,30,要人手査定
36748,13209,東京都町田市小川,中古マンション等,105,23.0,11.0,60000000,0.3069105169737848,1.306910516973785,30.69105169737848,高値,中度,47048778.61105625,36000000.0,True,30,要人手査定
19302,13112,東京都世田谷区池尻,中古マンション等,80,19.0,8.0,110000000,0.3068980534210197,1.3068980534210197,30.689805342101973,高値,中度,121541518.96815483,93000000.0,True,30,要人手査定
18336,13112,東京都世田谷区深沢,中古マンション等,70,26.0,16.0,130000000,0.30688579298095087,1.3068857929809508,30.688579298095085,高値,中度,88214791.02621418,67500000.0,True,30,要人手査定
5035,13104,東京都新宿区西早稲田,中古マンション等,30,36.0,8.0,29000000,0.3068771829114052,1.3068771829114052,30.68771829114052,高値,中度,22870350.70094959,17500000.0,True,30,要人手査定
16746,13111,東京都大田区田園調布,中古マンション等,40,59.0,10.0,19000000,0.30685996598543513,0.6931400340145649,-30.685996598543515,安値,中度,18021640.884378687,26000000.0,True,30,要人手査定
22631,13114,東京都中野区本町,中古マンション等,55,33.0,4.0,78000000,0.30683268069565217,1.3068326806956523,30.683268069565216,高値,中度,75796295.48034783,58000000.0,True,30,要人手査定
18905,13112,東京都世田谷区用賀,中古マンション等,55,40.0,7.0,54000000,0.3068067047705699,1.30680670477057,30.680670477056992,高値,中度,57499495.00990508,44000000.0,True,30,要人手査定
31271,13121,東京都足立区神明,中古マンション等,35,35.0,23.0,12000000,0.30677672845386406,0.6932232715461359,-30.677672845386404,安値,中度,10398349.07319204,15000000.0,True,30,要人手査定
21127,13113,東京都渋谷区笹塚,中古マンション等,35,6.0,7.0,44000000,0.30677544824536734,0.6932245517546326,-30.677544824536735,安値,中度,47139269.51931502,68000000.0,True,30,要人手査定
21344,13113,東京都渋谷区千駄ケ谷,中古マンション等,60,28.0,3.0,110000000,0.30672537528125027,1.3067253752812502,30.672537528125027,高値,中度,122178822.5887969,93500000.0,True,30,要人手査定
12092,13108,東京都江東区千石,中古マンション等,70,12.0,15.0,91000000,0.3067228698726976,1.3067228698726976,30.672286987269757,高値,中度,90817239.45615248,69500000.0,True,30,要人手査定
32342,13122,東京都葛飾区新宿,中古マンション等,65,10.0,16.0,67000000,0.3066880104586027,1.3066880104586027,30.66880104586027,高値,中度,62721024.50201293,48000000.0,True,30,要人手査定
34428,13202,東京都立川市曙町,中古マンション等,65,19.0,8.0,53000000,0.30666645759865974,1.3066664575986597,30.666645759865972,高値,中度,52919991.53274572,40500000.0,True,30,要人手査定
26755,13118,東京都荒川区西尾久,中古マンション等,35,44.0,4.0,13000000,0.3066402873427609,0.6933597126572391,-30.664028734276087,安値,中度,13520514.396816162,19500000.0,True,30,要人手査定
39343,13227,東京都羽村市神明台,中古マンション等,55,50.0,10.0,7100000,0.30662307279728956,0.6933769272027105,-30.662307279728957,安値,中度,7280457.73562846,10500000.0,True,30,要人手査定
35352,13205,東京都青梅市河辺町,中古マンション等,15,35.0,4.0,5400000,0.30660761306239265,1.3066076130623927,30.660761306239266,高値,中度,4573126.645718374,3500000.0,True,30,要人手査定
26032,13117,東京都北区滝野川,中古マンション等,35,17.0,5.0,32000000,0.30660032311992436,1.3066003231199244,30.660032311992435,高値,中度,33971608.40111803,26000000.0,True,30,要人手査定
29440,13120,東京都練馬区練馬,中古マンション等,20,32.0,5.0,16000000,0.3065899787799967,1.3065899787799968,30.65899787799967,高値,中度,15679079.745359961,12000000.0,True,30,要人手査定
22583,13114,東京都中野区野方,中古マンション等,35,21.0,12.0,41000000,0.3065454689755247,1.3065454689755247,30.65454689755247,高値,中度,39849636.8037535,30500000.0,True,30,要人手査定
27738,13119,東京都板橋区熊野町,中古マンション等,20,35.0,12.0,11000000,0.30646986158771256,1.3064698615877126,30.646986158771256,高値,中度,10451758.8927017,8000000.0,True,30,要人手査定
2384,13102,東京都中央区晴海,中古マンション等,95,11.0,10.0,310000000,0.3064635845354393,1.3064635845354393,30.646358453543932,高値,中度,235163445.21637908,180000000.0,True,30,要人手査定
3605,13103,東京都港区赤坂,中古マンション等,105,47.0,5.0,170000000,0.3064567318454459,1.3064567318454459,30.64567318454459,高値,中度,235162211.73218027,180000000.0,True,30,要人手査定
24245,13116,東京都豊島区千早,中古マンション等,45,38.0,9.0,30000000,0.30645044750847106,0.6935495524915289,-30.645044750847106,安値,中度,29475855.98088998,42500000.0,True,30,要人手査定
31241,13121,東京都足立区島根,中古マンション等,55,41.0,10.0,18000000,0.30643780134194387,0.6935621986580561,-30.643780134194387,安値,中度,18726179.363767516,27000000.0,True,30,要人手査定
30191,13121,東京都足立区千住桜木,中古マンション等,45,36.0,14.0,11000000,0.30642851361186424,0.6935714863881358,-30.642851361186423,安値,中度,15605358.443733055,22500000.0,True,30,要人手査定
35562,13206,東京都府中市幸町,中古マンション等,25,19.0,11.0,16000000,0.3064199587942949,0.6935800412057052,-30.64199587942949,安値,中度,15952340.947731217,23000000.0,True,30,要人手査定
15681,13110,東京都目黒区下目黒,中古マンション等,50,21.0,8.0,110000000,0.3064055999275496,1.3064055999275497,30.640559992754962,高値,中度,100593231.19442132,77000000.0,True,30,要人手査定
11283,13108,東京都江東区猿江,中古マンション等,85,38.0,5.0,95000000,0.3064055199840369,1.306405519984037,30.64055199840369,高値,中度,79037533.95903423,60500000.0,True,30,要人手査定
26570,13118,東京都荒川区西日暮里,中古マンション等,75,17.0,2.0,130000000,0.30640273883784236,1.3064027388378423,30.640273883784236,高値,中度,115616642.38714905,88500000.0,True,30,要人手査定
27294,13119,東京都板橋区若木,中古マンション等,70,30.0,14.0,35000000,0.3063890819564546,0.6936109180435454,-30.63890819564546,安値,中度,31212491.311959542,45000000.0,True,30,要人手査定
5099,13104,東京都新宿区中落合,中古マンション等,60,55.0,7.0,32000000,0.3063729393024113,0.6936270606975887,-30.63729393024113,安値,中度,30519590.670693904,44000000.0,True,30,要人手査定
31000,13121,東京都足立区千住関屋町,中古マンション等,70,47.0,7.0,30000000,0.3063432391434729,1.3063432391434728,30.634323914347288,高値,中度,32658580.978586823,25000000.0,True,30,要人手査定
37034,13209,東京都町田市鶴川,中古マンション等,50,57.0,25.0,4500000,0.3063320310889861,0.6936679689110139,-30.63320310889861,安値,中度,6104278.126416923,8800000.0,True,30,要人手査定
14659,13109,東京都品川区東品川,中古マンション等,60,7.0,3.0,90000000,0.3063160754792632,0.6936839245207368,-30.631607547926322,安値,中度,83242070.94248842,120000000.0,True,30,要人手査定
18828,13112,東京都世田谷区北烏山,中古マンション等,60,44.0,12.0,31000000,0.3062974343208146,0.6937025656791854,-30.629743432081458,安値,中度,29829210.324204974,43000000.0,True,30,要人手査定
27485,13119,東京都板橋区若木,中古マンション等,50,42.0,10.0,19000000,0.30625846903629655,0.6937415309637035,-30.625846903629654,安値,中度,19077892.101501845,27500000.0,True,30,要人手査定
20502,13113,東京都渋谷区広尾,中古マンション等,45,55.0,5.0,47000000,0.30623428149014204,1.306234281490142,30.623428149014202,高値,中度,55514956.963331036,42500000.0,True,30,要人手査定
29774,13120,東京都練馬区関町南,中古マンション等,15,34.0,8.0,14000000,0.30623150468508636,1.3062315046850863,30.623150468508637,高値,中度,12082641.418337049,9250000.0,True,30,要人手査定
24173,13116,東京都豊島区千早,中古マンション等,20,41.0,8.0,9800000,0.30622798825815545,0.6937720117418446,-30.622798825815543,安値,中度,9712808.164385824,14000000.0,True,30,要人手査定
36898,13209,東京都町田市原町田,中古マンション等,75,26.0,4.0,50000000,0.30621192137099096,1.3062119213709908,30.621192137099097,高値,中度,50942264.93346865,39000000.0,True,30,要人手査定
38010,13214,東京都国分寺市西町,中古マンション等,60,31.0,18.0,25000000,0.30616413725616165,0.6938358627438383,-30.616413725616166,安値,中度,26712680.715637777,38500000.0,True,30,要人手査定
19693,13112,東京都世田谷区赤堤,中古マンション等,45,52.0,9.0,25000000,0.30612161894011497,0.693878381059885,-30.612161894011496,安値,中度,24979621.71815586,36000000.0,True,30,要人手査定
15752,13110,東京都目黒区中目黒,中古マンション等,65,14.0,7.0,93000000,0.3061119967725287,1.3061119967725288,30.61119967725287,高値,中度,156733439.61270344,120000000.0,True,30,要人手査定
10861,13108,東京都江東区猿江,中古マンション等,70,15.0,5.0,79000000,0.3060976738982996,0.6939023261017004,-30.609767389829962,安値,中度,90207302.39322105,130000000.0,True,30,要人手査定
33629,13201,東京都八王子市南大沢,中古マンション等,105,43.0,8.0,25000000,0.306069746193617,1.306069746193617,30.606974619361697,高値,中度,24815325.177678723,19000000.0,True,30,要人手査定
12347,13108,東京都江東区亀戸,中古マンション等,40,9.0,9.0,43000000,0.3060560435410038,0.6939439564589962,-30.60560435410038,安値,中度,44759385.191605255,64500000.0,True,30,要人手査定
23788,13115,東京都杉並区上荻,中古マンション等,70,31.0,15.0,66000000,0.30603093386604263,1.3060309338660427,30.603093386604264,高値,中度,67913608.56103422,52000000.0,True,30,要人手査定
14522,13109,東京都品川区西品川,中古マンション等,10,41.0,7.0,9700000,0.30602382949054174,0.6939761705094583,-30.602382949054174,安値,中度,9715666.387132416,14000000.0,True,30,要人手査定
34381,13202,東京都立川市曙町,中古マンション等,75,18.0,12.0,42000000,0.30597793245902183,1.3059779324590217,30.59779324590218,高値,中度,48974172.46721332,37500000.0,True,30,要人手査定
21983,13114,東京都中野区鷺宮,中古マンション等,65,25.0,8.0,54000000,0.30596847805924965,0.6940315219407504,-30.596847805924966,安値,中度,51011316.86264515,73500000.0,True,30,要人手査定
4433,13103,東京都港区東新橋,中古マンション等,65,24.0,3.0,180000000,0.3059046070415588,1.3059046070415588,30.59046070415588,高値,中度,208944737.1266494,160000000.0,True,30,要人手査定
37561,13212,東京都日野市三沢,中古マンション等,90,33.0,14.0,23000000,0.3058807505300764,0.6941192494699236,-30.58807505300764,安値,中度,21864756.358302593,31500000.0,True,30,要人手査定
29127,13120,東京都練馬区豊玉北,中古マンション等,70,40.0,4.0,64000000,0.3058743178577184,1.3058743178577183,30.58743178577184,高値,中度,69211338.84645908,53000000.0,True,30,要人手査定
24130,13116,東京都豊島区上池袋,中古マンション等,75,21.0,3.0,90000000,0.30586942232679626,0.6941305776732037,-30.586942232679625,安値,中度,83295669.32078445,120000000.0,True,30,要人手査定
18216,13112,東京都世田谷区松原,中古マンション等,45,16.0,2.0,58000000,0.3058674029873366,0.6941325970126634,-30.586740298733663,安値,中度,43730353.611797795,63000000.0,True,30,要人手査定
27390,13119,東京都板橋区高島平,中古マンション等,60,32.0,3.0,35000000,0.3058445044145917,0.6941554955854083,-30.584450441459172,安値,中度,34013619.283685006,49000000.0,True,30,要人手査定
16999,13111,東京都大田区東六郷,中古マンション等,95,25.0,8.0,60000000,0.3057878276072043,0.6942121723927956,-30.57878276072043,安値,中度,59702246.82578043,86000000.0,True,30,要人手査定
39255,13225,東京都稲城市東長沼,中古マンション等,80,28.0,3.0,38000000,0.305786723741748,1.305786723741748,30.578672374174797,高値,中度,37867814.98851069,29000000.0,True,30,要人手査定
23241,13115,東京都杉並区浜田山,中古マンション等,85,3.0,9.0,170000000,0.3057484049229348,1.3057484049229349,30.574840492293482,高値,中度,143632324.54152283,110000000.0,True,30,要人手査定
19644,13112,東京都世田谷区玉堤,中古マンション等,60,34.0,21.0,35000000,0.3056832925205143,0.6943167074794857,-30.56832925205143,安値,中度,35410152.08145377,51000000.0,True,30,要人手査定
38016,13214,東京都国分寺市西町,中古マンション等,65,7.0,22.0,62000000,0.3056714642100121,0.6943285357899879,-30.567146421001212,安値,中度,40618219.34371429,58500000.0,True,30,要人手査定
10864,13108,東京都江東区潮見,中古マンション等,75,24.0,5.0,61000000,0.3056625334936896,0.6943374665063103,-30.56625334936896,安値,中度,63184709.452074245,91000000.0,True,30,要人手査定
1280,13102,東京都中央区勝どき,中古マンション等,45,3.0,2.0,130000000,0.30562595204811643,1.3056259520481164,30.562595204811643,高値,中度,120770400.56445077,92500000.0,True,30,要人手査定
23899,13115,東京都杉並区下高井戸,中古マンション等,30,23.0,4.0,27000000,0.30560545911980275,1.3056054591198027,30.560545911980274,高値,中度,33292939.20755497,25500000.0,True,30,要人手査定
39418,13229,東京都西東京市東町,中古マンション等,30,46.0,5.0,13000000,0.3056032264867468,0.6943967735132531,-30.56032264867468,安値,中度,10763149.989455424,15500000.0,True,30,要人手査定
13010,13108,東京都江東区門前仲町,中古マンション等,25,6.0,4.0,39000000,0.3056028929190591,1.305602892919059,30.560289291905914,高値,中度,39168086.78757177,30000000.0,True,30,要人手査定
2660,13103,東京都港区南麻布,中古マンション等,55,8.0,5.0,140000000,0.30558536827651617,0.6944146317234838,-30.558536827651615,安値,中度,128466706.86884451,185000000.0,True,30,要人手査定
11235,13108,東京都江東区亀戸,中古マンション等,55,45.0,13.0,31000000,0.305578660438263,0.694421339561737,-30.557866043826298,安値,中度,27082432.242907744,39000000.0,True,30,要人手査定
14654,13109,東京都品川区東品川,中古マンション等,60,7.0,4.0,110000000,0.30556773885796557,0.6944322611420345,-30.556773885796556,安値,中度,83331871.33704413,120000000.0,True,30,要人手査定
4476,13103,東京都港区南青山,中古マンション等,20,51.0,7.0,22000000,0.3055458501520205,1.3055458501520205,30.55458501520205,高値,中度,22194279.45258435,17000000.0,True,30,要人手査定
31323,13121,東京都足立区千住河原町,中古マンション等,25,2.0,3.0,35000000,0.3055309265833099,1.30553092658331,30.55309265833099,高値,中度,35902100.48104102,27500000.0,True,30,要人手査定
14704,13109,東京都品川区平塚,中古マンション等,25,53.0,4.0,13000000,0.30550391064768845,0.6944960893523116,-30.550391064768846,安値,中度,17015154.189131632,24500000.0,True,30,要人手査定
9249,13107,東京都墨田区立花,中古マンション等,60,31.0,8.0,41000000,0.3054988240678467,0.6945011759321533,-30.54988240678467,安値,中度,40975569.379997045,59000000.0,True,30,要人手査定
14550,13109,東京都品川区東大井,中古マンション等,80,22.0,7.0,150000000,0.30544854423580686,1.3054485442358068,30.544854423580688,高値,中度,150126582.5871178,115000000.0,True,30,要人手査定
12152,13108,東京都江東区海辺,中古マンション等,35,37.0,14.0,35000000,0.30538955260216233,1.3053895526021624,30.538955260216234,高値,中度,34592823.1439573,26500000.0,True,30,要人手査定
36439,13208,東京都調布市国領町,中古マンション等,85,22.0,2.0,79000000,0.3053521494681464,1.3053521494681464,30.535214946814644,高値,中度,77668452.89335471,59500000.0,True,30,要人手査定
12274,13108,東京都江東区大島,中古マンション等,55,26.0,7.0,52000000,0.30533318409150806,0.694666815908492,-30.533318409150805,安値,中度,45153343.03405198,65000000.0,True,30,要人手査定
10343,13108,東京都江東区新大橋,中古マンション等,55,22.0,7.0,52000000,0.3053183352652427,0.6946816647347573,-30.53183352652427,安値,中度,60784645.66429126,87500000.0,True,30,要人手査定
37108,13210,東京都小金井市梶野町,中古マンション等,65,20.0,6.0,44000000,0.30530169897015164,0.6946983010298484,-30.530169897015163,安値,中度,42723945.513335675,61500000.0,True,30,要人手査定
12314,13108,東京都江東区亀戸,中古マンション等,30,23.0,7.0,34000000,0.3052591743089225,1.3052591743089226,30.525917430892253,高値,中度,33284108.944877524,25500000.0,True,30,要人手査定
24131,13116,東京都豊島区上池袋,中古マンション等,80,21.0,3.0,110000000,0.3052558451062992,0.6947441548937008,-30.525584510629923,安値,中度,90316740.1361811,130000000.0,True,30,要人手査定
13381,13109,東京都品川区北品川,中古マンション等,35,62.0,4.0,20000000,0.30524939328383427,0.6947506067161657,-30.524939328383425,安値,中度,21537268.808201138,31000000.0,True,30,要人手査定
15700,13110,東京都目黒区下目黒,中古マンション等,55,31.0,8.0,72000000,0.3052186376313071,0.6947813623686929,-30.521863763130707,安値,中度,67393792.14976321,97000000.0,True,30,要人手査定
24780,13116,東京都豊島区東池袋,中古マンション等,60,25.0,9.0,90000000,0.305183630060423,1.305183630060423,30.5183630060423,高値,中度,92668037.73429003,71000000.0,True,30,要人手査定
36850,13209,東京都町田市原町田,中古マンション等,75,11.0,6.0,55000000,0.30512804203804356,1.3051280420380436,30.512804203804357,高値,中度,61993581.99680707,47500000.0,True,30,要人手査定
34265,13201,東京都八王子市明神町,中古マンション等,65,46.0,3.0,14000000,0.30512560901879116,1.3051256090187913,30.512560901879116,高値,中度,25449949.375866428,19500000.0,True,30,要人手査定
29344,13120,東京都練馬区田柄,中古マンション等,40,47.0,1.0,13000000,0.30505279239864314,0.6949472076013569,-30.505279239864315,安値,中度,15636312.171030529,22500000.0,True,30,要人手査定
24028,13115,東京都杉並区方南,中古マンション等,80,9.0,2.0,130000000,0.3049565278637325,1.3049565278637325,30.49565278637325,高値,中度,129843174.52244139,99500000.0,True,30,要人手査定
36366,13208,東京都調布市下石原,中古マンション等,50,52.0,10.0,3500000,0.3049397676958181,0.6950602323041819,-30.49397676958181,安値,中度,13206144.413779456,19000000.0,True,30,要人手査定
5274,13104,東京都新宿区富久町,中古マンション等,40,11.0,5.0,83000000,0.3049329627220032,1.3049329627220032,30.493296272200322,高値,中度,84168176.09556921,64500000.0,True,30,要人手査定
9283,13107,東京都墨田区立花,中古マンション等,50,19.0,1.0,31000000,0.3049149141652334,0.6950850858347666,-30.491491416523342,安値,中度,39619849.892581694,57000000.0,True,30,要人手査定
8815,13106,東京都台東区三ノ輪,中古マンション等,60,30.0,3.0,45000000,0.304857080052629,0.695142919947371,-30.4857080052629,安値,中度,47617290.01639491,68500000.0,True,30,要人手査定
20851,13113,東京都渋谷区富ケ谷,中古マンション等,55,19.0,4.0,140000000,0.3048278091359601,1.30482780913596,30.48278091359601,高値,中度,129177953.10446005,99000000.0,True,30,要人手査定
39592,13229,東京都西東京市ひばりが丘,中古マンション等,135,23.0,26.0,65000000,0.3047934311336481,1.3047934311336482,30.47934311336481,高値,中度,63934878.12554876,49000000.0,True,30,要人手査定
29217,13120,東京都練馬区東大泉,中古マンション等,35,55.0,7.0,15000000,0.30479296995434174,0.6952070300456583,-30.479296995434176,安値,中度,14946951.145981653,21500000.0,True,30,要人手査定
23620,13115,東京都杉並区堀ノ内,中古マンション等,25,37.0,7.0,17000000,0.30479224812248723,1.3047922481224872,30.479224812248724,高値,中度,16962299.225592334,13000000.0,True,30,要人手査定
22713,13114,東京都中野区南台,中古マンション等,55,29.0,10.0,54000000,0.3047413187242441,1.304741318724244,30.474131872424408,高値,中度,76979737.8047304,59000000.0,True,30,要人手査定
38102,13214,東京都国分寺市西町,中古マンション等,75,34.0,13.0,35000000,0.30474008767127686,0.6952599123287232,-30.474008767127685,安値,中度,33024845.83561435,47500000.0,True,30,要人手査定
30847,13121,東京都足立区足立,中古マンション等,50,45.0,2.0,8500000,0.30473526387884436,0.6952647361211556,-30.473526387884437,安値,中度,17033986.034968313,24500000.0,True,30,要人手査定
21927,13114,東京都中野区中央,中古マンション等,60,44.0,9.0,70000000,0.3047149512763244,1.3047149512763245,30.47149512763244,高値,中度,54145670.47796746,41500000.0,True,30,要人手査定
1851,13102,東京都中央区新川,中古マンション等,95,18.0,3.0,130000000,0.3047078520461285,1.3047078520461286,30.47078520461285,高値,中度,228323874.1080725,175000000.0,True,30,要人手査定
16554,13111,東京都大田区中馬込,中古マンション等,50,36.0,8.0,30000000,0.3046935670169429,0.695306432983057,-30.469356701694288,安値,中度,29898176.618271455,43000000.0,True,30,要人手査定
21330,13113,東京都渋谷区千駄ケ谷,中古マンション等,20,52.0,5.0,22000000,0.3046773756015588,0.6953226243984412,-30.46773756015588,安値,中度,15644759.048964927,22500000.0,True,30,要人手査定
21606,13113,東京都渋谷区幡ケ谷,中古マンション等,30,44.0,4.0,20000000,0.30466297522127805,0.695337024778722,-30.466297522127807,安値,中度,20164773.718582936,29000000.0,True,30,要人手査定
38403,13219,東京都狛江市岩戸南,中古マンション等,50,55.0,9.0,20000000,0.30463227709362184,0.6953677229063782,-30.463227709362183,安値,中度,16688825.349753076,24000000.0,True,30,要人手査定
31440,13121,東京都足立区舎人,中古マンション等,40,9.0,3.0,25000000,0.3046128090924272,0.6953871909075727,-30.46128090924272,安値,中度,25729326.063580193,37000000.0,True,30,要人手査定
17398,13111,東京都大田区蒲田,中古マンション等,60,21.0,3.0,68000000,0.3046119053697159,1.3046119053697158,30.46119053697159,高値,中度,73710572.65338895,56500000.0,True,30,要人手査定
27019,13119,東京都板橋区小豆沢,中古マンション等,65,41.0,9.0,45000000,0.3045972411699034,1.3045972411699034,30.459724116990337,高値,中度,45008604.82036167,34500000.0,True,30,要人手査定
4009,13103,東京都港区芝浦,中古マンション等,85,20.0,12.0,130000000,0.3045883230693841,1.304588323069384,30.45883230693841,高値,中度,195688248.4604076,150000000.0,True,30,要人手査定
13128,13109,東京都品川区西大井,中古マンション等,50,57.0,8.0,24000000,0.3045871871538811,0.6954128128461189,-30.458718715388112,安値,中度,26425686.888152517,38000000.0,True,30,要人手査定
31365,13121,東京都足立区千住仲町,中古マンション等,50,10.0,6.0,58000000,0.3045476698853548,1.3045476698853549,30.454766988535482,高値,中度,53486454.46529955,41000000.0,True,30,要人手査定
2859,13103,東京都港区海岸,中古マンション等,80,3.0,6.0,370000000,0.30452371876568424,0.6954762812343157,-30.452371876568424,安値,中度,246894079.8381821,355000000.0,True,30,要人手査定
8404,13106,東京都台東区雷門,中古マンション等,45,21.0,4.0,70000000,0.3045109605182664,1.3045109605182663,30.451096051826642,高値,中度,58702993.22332199,45000000.0,True,30,要人手査定
25822,13117,東京都北区赤羽,中古マンション等,60,7.0,8.0,75000000,0.30447286131730333,1.3044728613173033,30.447286131730333,高値,中度,84790735.98562472,65000000.0,True,30,要人手査定
29960,13120,東京都練馬区中村北,中古マンション等,40,52.0,8.0,16000000,0.30441570106197247,1.3044157010619726,30.441570106197247,高値,中度,24131690.46964649,18500000.0,True,30,要人手査定
5884,13104,東京都新宿区市谷仲之町,中古マンション等,70,15.0,4.0,150000000,0.3044105423694167,1.3044105423694168,30.44105423694167,高値,中度,150007212.37248293,115000000.0,True,30,要人手査定
18685,13112,東京都世田谷区上祖師谷,中古マンション等,95,26.0,10.0,62000000,0.3043688557428523,0.6956311442571478,-30.436885574285228,安値,中度,83475737.31085773,120000000.0,True,30,要人手査定
15676,13110,東京都目黒区下目黒,中古マンション等,50,31.0,15.0,81000000,0.30436850672258925,1.3043685067225892,30.436850672258924,高値,中度,83479584.43024571,64000000.0,True,30,要人手査定
30773,13121,東京都足立区花畑,中古マンション等,60,31.0,12.0,25000000,0.30431931439427107,0.6956806856057289,-30.431931439427107,安値,中度,20174739.88256614,29000000.0,True,30,要人手査定
23569,13115,東京都杉並区高円寺南,中古マンション等,40,54.0,3.0,35000000,0.30429900406866034,1.3042990040686604,30.429900406866032,高値,中度,26085980.081373207,20000000.0,True,30,要人手査定
11211,13108,東京都江東区大島,中古マンション等,50,7.0,2.0,45000000,0.3042961953276061,0.6957038046723939,-30.42961953276061,安値,中度,60526231.00649827,87000000.0,True,30,要人手査定
35425,13206,東京都府中市住吉町,中古マンション等,55,15.0,3.0,40000000,0.3042431772941786,0.6957568227058214,-30.42431772941786,安値,中度,34092084.31258525,49000000.0,True,30,要人手査定
14138,13109,東京都品川区南大井,中古マンション等,70,25.0,11.0,70000000,0.3041847075920061,0.6958152924079939,-30.41847075920061,安値,中度,64015006.90153544,92000000.0,True,30,要人手査定
38854,13224,東京都多摩市落合,中古マンション等,125,41.0,16.0,25000000,0.3041836999573346,1.3041836999573346,30.418369995733457,高値,中度,31952500.648954697,24500000.0,True,30,要人手査定
24495,13116,東京都豊島区池袋,中古マンション等,55,41.0,6.0,64000000,0.3041824635263802,1.3041824635263801,30.41824635263802,高値,中度,61296575.78573987,47000000.0,True,30,要人手査定
19916,13112,東京都世田谷区上馬,中古マンション等,15,40.0,7.0,17000000,0.3041411954210875,1.3041411954210875,30.414119542108747,高値,中度,14345553.149631962,11000000.0,True,30,要人手査定
6365,13104,東京都新宿区西早稲田,中古マンション等,15,38.0,12.0,14000000,0.30412063887971824,0.6958793611202817,-30.412063887971826,安値,中度,12525828.500165071,18000000.0,True,30,要人手査定
39432,13229,東京都西東京市田無町,中古マンション等,50,48.0,7.0,13000000,0.3040863050095169,0.6959136949904832,-30.408630500951688,安値,中度,13918273.899809662,20000000.0,True,30,要人手査定
36205,13208,東京都調布市染地,中古マンション等,75,10.0,5.0,50000000,0.30408342898422147,0.6959165710157785,-30.40834289842215,安値,中度,54629450.824738614,78500000.0,True,30,要人手査定
36208,13208,東京都調布市染地,中古マンション等,75,10.0,5.0,58000000,0.30408342898422147,0.6959165710157785,-30.40834289842215,安値,中度,54629450.824738614,78500000.0,True,30,要人手査定
35299,13205,東京都青梅市大柳町,中古マンション等,70,44.0,14.0,4200000,0.3040825850201194,0.6959174149798806,-30.408258502011943,安値,中度,6680807.183806853,9600000.0,True,30,要人手査定
36734,13209,東京都町田市鶴川,中古マンション等,55,58.0,22.0,2500000,0.30407145090635407,0.6959285490936459,-30.407145090635407,安値,中度,6089374.804569402,8750000.0,True,30,要人手査定
344,13101,東京都千代田区一番町,中古マンション等,40,49.0,2.0,58000000,0.30404830858620946,1.3040483085862093,30.404830858620947,高値,中度,52161932.34344838,40000000.0,True,30,要人手査定
20256,13112,東京都世田谷区弦巻,中古マンション等,80,24.0,9.0,120000000,0.30404714054180115,1.304047140541801,30.404714054180115,高値,中度,119972336.9298457,92000000.0,True,30,要人手査定
14290,13109,東京都品川区大井,中古マンション等,40,47.0,4.0,54000000,0.3040070326502315,1.3040070326502315,30.40070326502315,高値,中度,48248260.208058566,37000000.0,True,30,要人手査定
13892,13109,東京都品川区八潮,中古マンション等,80,43.0,15.0,35000000,0.30398991687219595,0.696010083127804,-30.398991687219596,安値,中度,36540529.36420971,52500000.0,True,30,要人手査定
36780,13209,東京都町田市金井,中古マンション等,70,20.0,14.0,30000000,0.30398878756116104,0.696011212438839,-30.398878756116105,安値,中度,26100420.46645646,37500000.0,True,30,要人手査定
30861,13121,東京都足立区千住関屋町,中古マンション等,65,47.0,7.0,36000000,0.3039687546717331,1.3039687546717331,30.396875467173313,高値,中度,31947234.489457462,24500000.0,True,30,要人手査定
5198,13104,東京都新宿区水道町,中古マンション等,35,11.0,4.0,49000000,0.30392039251510145,1.3039203925151015,30.392039251510145,高値,中度,60632298.251952216,46500000.0,True,30,要人手査定
4188,13103,東京都港区芝,中古マンション等,65,20.0,3.0,140000000,0.30388095978393315,0.6961190402160669,-30.388095978393316,安値,中度,146184998.44537404,210000000.0,True,30,要人手査定
10865,13108,東京都江東区潮見,中古マンション等,80,13.0,8.0,69000000,0.3038722462465798,0.6961277537534202,-30.387224624657982,安値,中度,76574052.91287622,110000000.0,True,30,要人手査定
2149,13102,東京都中央区築地,中古マンション等,20,45.0,3.0,24000000,0.30385350825363205,1.303853508253632,30.385350825363204,高値,中度,22817436.39443856,17500000.0,True,30,要人手査定
13711,13109,東京都品川区東五反田,中古マンション等,80,18.0,4.0,200000000,0.3038280370479029,1.303828037047903,30.38280370479029,高値,中度,189055065.37194592,145000000.0,True,30,要人手査定
18290,13112,東京都世田谷区南烏山,中古マンション等,70,44.0,3.0,56000000,0.30380458534897037,0.6961954146510296,-30.380458534897038,安値,中度,43164115.70836384,62000000.0,True,30,要人手査定
5869,13104,東京都新宿区荒木町,中古マンション等,35,47.0,2.0,34000000,0.30362631962665776,1.3036263196266578,30.362631962665777,高値,中度,41716042.22805305,32000000.0,True,30,要人手査定
19119,13112,東京都世田谷区下馬,中古マンション等,95,27.0,8.0,160000000,0.30361996056401963,1.3036199605640195,30.361996056401964,高値,中度,149916295.46486226,115000000.0,True,30,要人手査定
7510,13105,東京都文京区千石,中古マンション等,35,55.0,10.0,14000000,0.3036037963756506,0.6963962036243494,-30.36037963756506,安値,中度,21240084.210542656,30500000.0,True,30,要人手査定
20529,13113,東京都渋谷区神宮前,中古マンション等,60,8.0,5.0,170000000,0.3035994341750765,1.3035994341750765,30.35994341750765,高値,中度,162949929.27188456,125000000.0,True,30,要人手査定
203,13101,東京都千代田区神田駿河台,中古マンション等,15,51.0,6.0,18000000,0.30358353117218007,0.6964164688278199,-30.358353117218005,安値,中度,14276537.610970309,20500000.0,True,30,要人手査定
9660,13107,東京都墨田区亀沢,中古マンション等,50,2.0,4.0,77000000,0.3035730028812815,1.3035730028812815,30.357300288128148,高値,中度,76910807.1699956,59000000.0,True,30,要人手査定
25736,13117,東京都北区赤羽西,中古マンション等,20,38.0,5.0,13000000,0.30356127843270403,0.696438721567296,-30.356127843270404,安値,中度,10794800.184293088,15500000.0,True,30,要人手査定
31697,13122,東京都葛飾区東新小岩,中古マンション等,65,17.0,8.0,49000000,0.3034235473748467,1.3034235473748468,30.342354737484673,高値,中度,61912618.50030522,47500000.0,True,30,要人手査定
38623,13221,東京都清瀬市野塩,中古マンション等,85,27.0,3.0,37000000,0.3033816763453313,1.3033816763453314,30.338167634533132,高値,中度,36494686.93766928,28000000.0,True,30,要人手査定
29948,13120,東京都練馬区中村北,中古マンション等,15,32.0,3.0,12000000,0.3033726410845386,1.3033726410845385,30.33726410845386,高値,中度,14337099.051929925,11000000.0,True,30,要人手査定
19426,13112,東京都世田谷区池尻,中古マンション等,50,54.0,10.0,60000000,0.303330811068362,1.303330811068362,30.3330811068362,高値,中度,48874905.415063575,37500000.0,True,30,要人手査定
34596,13202,東京都立川市砂川町,中古マンション等,80,28.0,16.0,19000000,0.3032879432637503,0.6967120567362497,-30.328794326375032,安値,中度,19159581.560246866,27500000.0,True,30,要人手査定
5231,13104,東京都新宿区矢来町,中古マンション等,20,56.0,1.0,11000000,0.3032729063619194,0.6967270936380806,-30.32729063619194,安値,中度,15327996.060037773,22000000.0,True,30,要人手査定
21615,13113,東京都渋谷区幡ケ谷,中古マンション等,35,52.0,3.0,26000000,0.30324557121301743,0.6967544287869826,-30.324557121301744,安値,中度,23341273.364363916,33500000.0,True,30,要人手査定
35056,13204,東京都三鷹市上連雀,中古マンション等,20,39.0,10.0,8500000,0.30320498592959455,0.6967950140704054,-30.320498592959456,安値,中度,8361540.168844866,12000000.0,True,30,要人手査定
36088,13207,東京都昭島市つつじが丘,中古マンション等,55,45.0,11.0,14000000,0.3032008145039778,0.6967991854960223,-30.32008145039778,安値,中度,13239184.524424423,19000000.0,True,30,要人手査定
22712,13114,東京都中野区南台,中古マンション等,50,29.0,10.0,50000000,0.3031855121124102,1.3031855121124103,30.31855121124102,高値,中度,65810868.361676715,50500000.0,True,30,要人手査定
508,13101,東京都千代田区永田町,中古マンション等,15,48.0,3.0,18000000,0.3031411823475996,0.6968588176524004,-30.314118234759963,安値,中度,13937176.353048008,20000000.0,True,30,要人手査定
30534,13121,東京都足立区扇,中古マンション等,75,11.0,6.0,41000000,0.30306714544761304,0.696932854552387,-30.306714544761306,安値,中度,46346034.82773373,66500000.0,True,30,要人手査定
2565,13103,東京都港区白金,中古マンション等,25,34.0,8.0,20000000,0.30306088789460195,0.696939112105398,-30.306088789460194,安値,中度,21605112.47526734,31000000.0,True,30,要人手査定
10232,13108,東京都江東区北砂,中古マンション等,75,4.0,7.0,79000000,0.30304215259229506,0.696957847407705,-30.304215259229505,安値,中度,83634941.6889246,120000000.0,True,30,要人手査定
13981,13109,東京都品川区豊町,中古マンション等,45,37.0,6.0,29000000,0.3030167171122246,0.6969832828877753,-30.30167171122246,安値,中度,34152180.86150099,49000000.0,True,30,要人手査定
19201,13112,東京都世田谷区上馬,中古マンション等,55,27.0,11.0,80000000,0.30300120911216444,1.3030012091121643,30.300120911216442,高値,中度,79483073.75584203,61000000.0,True,30,要人手査定
2842,13103,東京都港区六本木,中古マンション等,60,22.0,1.0,170000000,0.3029984404577202,1.3029984404577202,30.29984404577202,高値,中度,195449766.06865802,150000000.0,True,30,要人手査定
34357,13202,東京都立川市若葉町,中古マンション等,115,23.0,5.0,37000000,0.30298795121127825,1.3029879512112783,30.298795121127824,高値,中度,63846409.60935263,49000000.0,True,30,要人手査定
6259,13104,東京都新宿区中里町,中古マンション等,80,29.0,4.0,150000000,0.3029878998634984,1.3029878998634983,30.29878998634984,高値,中度,149843608.4843023,115000000.0,True,30,要人手査定
14261,13109,東京都品川区荏原,中古マンション等,40,41.0,6.0,31000000,0.30294355203810486,1.302943552038105,30.294355203810486,高値,中度,37785363.00910504,29000000.0,True,30,要人手査定
27286,13119,東京都板橋区中丸町,中古マンション等,20,35.0,13.0,15000000,0.30292860589934245,1.3029286058993423,30.292860589934246,高値,中度,10358282.416899772,7950000.0,True,30,要人手査定
36165,13208,東京都調布市調布ケ丘,中古マンション等,80,14.0,10.0,65000000,0.3029214351710815,1.3029214351710816,30.29214351710815,高値,中度,70357757.4992384,54000000.0,True,30,要人手査定
18159,13112,東京都世田谷区南烏山,中古マンション等,50,43.0,6.0,34000000,0.3029169068355748,0.6970830931644252,-30.291690683557484,安値,中度,30671656.099234708,44000000.0,True,30,要人手査定
4446,13103,東京都港区三田,中古マンション等,70,16.0,3.0,260000000,0.302915339244749,1.302915339244749,30.2915339244749,高値,中度,293155951.3300685,225000000.0,True,30,要人手査定
4175,13103,東京都港区芝,中古マンション等,15,46.0,9.0,13000000,0.3028759494445856,0.6971240505554144,-30.28759494445856,安値,中度,12199670.884719752,17500000.0,True,30,要人手査定
35268,13205,東京都青梅市滝ノ上町,中古マンション等,55,33.0,6.0,7500000,0.30282724956080376,0.6971727504391962,-30.282724956080376,安値,中度,7668900.254831159,11000000.0,True,30,要人手査定
6627,13105,東京都文京区小石川,中古マンション等,95,46.0,8.0,140000000,0.3027990337938923,1.3027990337938922,30.27990337938923,高値,中度,112040716.90627474,86000000.0,True,30,要人手査定
16345,13111,東京都大田区中馬込,中古マンション等,65,44.0,11.0,37000000,0.3027793072611593,0.6972206927388407,-30.277930726115933,安値,中度,28586048.402292468,41000000.0,True,30,要人手査定
19930,13112,東京都世田谷区上北沢,中古マンション等,20,42.0,4.0,14000000,0.302776085659962,1.302776085659962,30.2776085659962,高値,中度,14330536.942259582,11000000.0,True,30,要人手査定
29951,13120,東京都練馬区中村北,中古マンション等,15,32.0,3.0,15000000,0.30275003781305404,1.302750037813054,30.275003781305404,高値,中度,14330250.415943595,11000000.0,True,30,要人手査定
14490,13109,東京都品川区西五反田,中古マンション等,60,23.0,6.0,87000000,0.30272394968759203,1.302723949687592,30.272394968759205,高値,中度,107474725.84922634,82500000.0,True,30,要人手査定
26513,13118,東京都荒川区東日暮里,中古マンション等,75,25.0,7.0,110000000,0.3027210666525357,1.3027210666525357,30.272106665253567,高値,中度,81420066.66578348,62500000.0,True,30,要人手査定
33370,13123,東京都江戸川区平井,中古マンション等,55,1.0,2.0,74000000,0.30266299551927,1.3026629955192701,30.266299551927002,高値,中度,82067768.71771401,63000000.0,True,30,要人手査定
18831,13112,東京都世田谷区北烏山,中古マンション等,75,51.0,17.0,29000000,0.3026431713270612,0.6973568286729388,-30.26431713270612,安値,中度,30335022.04727284,43500000.0,True,30,要人手査定
21370,13113,東京都渋谷区上原,中古マンション等,15,41.0,2.0,22000000,0.30264165821644085,0.6973583417835592,-30.264165821644085,安値,中度,17433958.54458898,25000000.0,True,30,要人手査定
24419,13116,東京都豊島区長崎,中古マンション等,30,40.0,7.0,16000000,0.3026346063518947,0.6973653936481053,-30.26346063518947,安値,中度,12901259.782489948,18500000.0,True,30,要人手査定
29343,13120,東京都練馬区関町東,中古マンション等,110,22.0,8.0,87000000,0.30260297831532873,1.3026029783153288,30.260297831532874,高値,中度,86623098.05796936,66500000.0,True,30,要人手査定
4404,13103,東京都港区西麻布,中古マンション等,25,23.0,8.0,39000000,0.3025236809912883,1.3025236809912883,30.25236809912883,高値,中度,39075710.42973865,30000000.0,True,30,要人手査定
35591,13206,東京都府中市清水が丘,中古マンション等,25,20.0,1.0,13000000,0.30242016820980383,0.6975798317901962,-30.242016820980382,安値,中度,16044336.131174512,23000000.0,True,30,要人手査定
34122,13201,東京都八王子市千人町,中古マンション等,15,34.0,6.0,5000000,0.3024085402045111,1.3024085402045111,30.240854020451106,高値,中度,5600356.722879398,4300000.0,True,30,要人手査定
23338,13115,東京都杉並区下井草,中古マンション等,65,22.0,8.0,48000000,0.3023012922266715,0.6976987077733284,-30.230129222667152,安値,中度,48490060.19024633,69500000.0,True,30,要人手査定
38024,13214,東京都国分寺市西町,中古マンション等,65,7.0,22.0,53000000,0.30227249500382264,0.6977275049961774,-30.227249500382264,安値,中度,42910241.55726491,61500000.0,True,30,要人手査定
12118,13108,東京都江東区有明,中古マンション等,40,17.0,9.0,70000000,0.3022487705846261,1.3022487705846262,30.224877058462614,高値,中度,56647821.520431235,43500000.0,True,30,要人手査定
19925,13112,東京都世田谷区上北沢,中古マンション等,25,52.0,5.0,13000000,0.30222472209662493,0.6977752779033751,-30.22247220966249,安値,中度,12908842.64121244,18500000.0,True,30,要人手査定
31279,13121,東京都足立区千住,中古マンション等,20,8.0,6.0,28000000,0.3022139271148915,1.3022139271148914,30.22139271148915,高値,中度,29950920.323642503,23000000.0,True,30,要人手査定
38394,13219,東京都狛江市岩戸北,中古マンション等,45,54.0,8.0,14000000,0.3022097962787797,0.6977902037212202,-30.22097962787797,安値,中度,16746964.889309287,24000000.0,True,30,要人手査定
5262,13104,東京都新宿区荒木町,中古マンション等,35,47.0,3.0,40000000,0.30211826272591796,1.302118262725918,30.211826272591797,高値,中度,38412488.75041458,29500000.0,True,30,要人手査定
25342,13117,東京都北区豊島,中古マンション等,40,38.0,19.0,28000000,0.3020939394480393,0.6979060605519607,-30.20939394480393,安値,中度,19541369.6954549,28000000.0,True,30,要人手査定
15291,13110,東京都目黒区三田,中古マンション等,40,24.0,10.0,63000000,0.30205902042884,1.30205902042884,30.205902042884,高値,中度,64451921.51122758,49500000.0,True,30,要人手査定
10050,13107,東京都墨田区向島,中古マンション等,50,34.0,7.0,67000000,0.30202765665339837,1.3020276566533984,30.202765665339836,高値,中度,52732120.09446263,40500000.0,True,30,要人手査定
10597,13108,東京都江東区大島,中古マンション等,55,46.0,4.0,24000000,0.3020038506118756,0.6979961493881244,-30.20038506118756,安値,中度,26523853.676748727,38000000.0,True,30,要人手査定
4908,13104,東京都新宿区西新宿,中古マンション等,45,2.0,6.0,120000000,0.30200341825402677,1.3020034182540268,30.200341825402678,高値,中度,110670290.55159228,85000000.0,True,30,要人手査定
6630,13105,東京都文京区小石川,中古マンション等,95,36.0,6.0,160000000,0.30199063933921083,1.3019906393392109,30.19906393392108,高値,中度,130199063.93392108,100000000.0,True,30,要人手査定
37656,13212,東京都日野市神明,中古マンション等,100,45.0,13.0,16000000,0.3019384395673233,0.6980615604326766,-30.19384395673233,安値,中度,19894754.472331285,28500000.0,True,30,要人手査定
37330,13211,東京都小平市天神町,中古マンション等,70,35.0,19.0,22000000,0.30191046531575944,0.6980895346842405,-30.191046531575942,安値,中度,19197462.203816615,27500000.0,True,30,要人手査定
11872,13108,東京都江東区南砂,中古マンション等,75,3.0,6.0,79000000,0.3018868814376282,0.6981131185623718,-30.18868814376282,安値,中度,83773574.22748461,120000000.0,True,30,要人手査定
156,13101,東京都千代田区神田東松下町,中古マンション等,75,8.0,2.0,140000000,0.3018738828601481,0.6981261171398518,-30.18738828601481,安値,中度,139625223.42797038,200000000.0,True,30,要人手査定
7526,13105,東京都文京区千駄木,中古マンション等,30,28.0,5.0,30000000,0.3018308816493429,1.301830881649343,30.18308816493429,高値,中度,29942110.277934887,23000000.0,True,30,要人手査定
13369,13109,東京都品川区勝島,中古マンション等,80,11.0,9.0,87000000,0.30182967896411955,0.6981703210358804,-30.182967896411956,安値,中度,87271290.12948506,125000000.0,True,30,要人手査定
38607,13221,東京都清瀬市松山,中古マンション等,80,22.0,3.0,52000000,0.3018275842656666,1.3018275842656666,30.182758426566657,高値,中度,41007568.9043685,31500000.0,True,30,要人手査定
38276,13215,東京都国立市東,中古マンション等,75,26.0,3.0,69000000,0.3017695881295154,1.3017695881295153,30.176958812951536,高値,中度,68993788.17086431,53000000.0,True,30,要人手査定
35383,13205,東京都青梅市東青梅,中古マンション等,60,35.0,6.0,12000000,0.3017448203574002,0.6982551796425999,-30.17448203574002,安値,中度,7261853.868283038,10400000.0,True,30,要人手査定
21035,13113,東京都渋谷区代々木,中古マンション等,105,23.0,7.0,190000000,0.3017185847087015,0.6982814152912985,-30.17185847087015,安値,中度,192027389.2051071,275000000.0,True,30,要人手査定
32489,13123,東京都江戸川区南葛西,中古マンション等,70,49.0,5.0,29000000,0.3017135933197123,0.6982864066802877,-30.17135933197123,安値,中度,23392594.62378964,33500000.0,True,30,要人手査定
12075,13108,東京都江東区福住,中古マンション等,75,25.0,8.0,91000000,0.30170783934634987,1.30170783934635,30.170783934634986,高値,中度,91119548.75424449,70000000.0,True,30,要人手査定
39602,13229,東京都西東京市谷戸町,中古マンション等,110,23.0,18.0,63000000,0.3017015254822273,1.3017015254822273,30.170152548222728,高値,中度,63783374.74862914,49000000.0,True,30,要人手査定
16405,13111,東京都大田区蒲田,中古マンション等,55,42.0,5.0,45000000,0.30167519980136154,1.3016751998013616,30.167519980136152,高値,中度,44256956.79324629,34000000.0,True,30,要人手査定
38270,13215,東京都国立市東,中古マンション等,60,17.0,3.0,51000000,0.3016508727425327,1.3016508727425327,30.16508727425327,高値,中度,60526765.58252777,46500000.0,True,30,要人手査定
9762,13107,東京都墨田区墨田,中古マンション等,70,38.0,7.0,34000000,0.30161390648124203,0.6983860935187579,-30.161390648124204,安値,中度,33871725.53565976,48500000.0,True,30,要人手査定
26433,13118,東京都荒川区西尾久,中古マンション等,40,47.0,6.0,22000000,0.3016112569704865,0.6983887430295135,-30.161125697048654,安値,中度,16761329.832708323,24000000.0,True,30,要人手査定
35691,13206,東京都府中市本宿町,中古マンション等,70,4.0,6.0,48000000,0.30159938898856103,0.698400611011439,-30.159938898856105,安値,中度,50983244.60383505,73000000.0,True,30,要人手査定
2139,13102,東京都中央区築地,中古マンション等,25,44.0,2.0,20000000,0.3015883472747797,1.3015883472747796,30.158834727477966,高値,中度,24079384.424583424,18500000.0,True,30,要人手査定
11507,13108,東京都江東区東砂,中古マンション等,50,18.0,15.0,24000000,0.3015867822276131,0.6984132177723869,-30.15867822276131,安値,中度,33523834.45307457,48000000.0,True,30,要人手査定
11210,13108,東京都江東区大島,中古マンション等,60,48.0,8.0,22000000,0.30158612747961533,0.6984138725203847,-30.158612747961534,安値,中度,27936554.900815386,40000000.0,True,30,要人手査定
21427,13113,東京都渋谷区桜丘町,中古マンション等,35,26.0,4.0,49000000,0.3015729382369319,1.3015729382369319,30.157293823693188,高値,中度,61173928.0971358,47000000.0,True,30,要人手査定
29814,13120,東京都練馬区田柄,中古マンション等,70,33.0,15.0,42000000,0.301552497074773,1.301552497074773,30.1552497074773,高値,中度,52062099.88299092,40000000.0,True,30,要人手査定
21513,13113,東京都渋谷区神泉町,中古マンション等,45,27.0,3.0,89000000,0.3015353548057524,1.3015353548057524,30.15353548057524,高値,中度,83298262.70756815,64000000.0,True,30,要人手査定
35082,13204,東京都三鷹市下連雀,中古マンション等,70,47.0,5.0,31000000,0.30148773307149546,0.6985122669285045,-30.148773307149547,安値,中度,28639002.944068685,41000000.0,True,30,要人手査定
30386,13121,東京都足立区新田,中古マンション等,95,18.0,17.0,64000000,0.3014338877152789,1.301433887715279,30.14338877152789,高値,中度,58564524.94718755,45000000.0,True,30,要人手査定
25945,13117,東京都北区王子,中古マンション等,35,8.0,7.0,39000000,0.30143003018736364,1.3014300301873636,30.143003018736366,高値,中度,44899336.041464046,34500000.0,True,30,要人手査定
29130,13120,東京都練馬区豊玉北,中古マンション等,40,56.0,5.0,16000000,0.3014237779335018,0.6985762220664983,-30.142377793350178,安値,中度,16067253.10752946,23000000.0,True,30,要人手査定
33778,13201,東京都八王子市横山町,中古マンション等,80,20.0,3.0,58000000,0.3013330777852424,1.3013330777852423,30.133307778524237,高値,中度,46197324.261376105,35500000.0,True,30,要人手査定
1078,13102,東京都中央区勝どき,中古マンション等,110,3.0,2.0,370000000,0.3013098270745831,1.301309827074583,30.13098270745831,高値,中度,403406046.39312077,310000000.0,True,30,要人手査定
27952,13119,東京都板橋区前野町,中古マンション等,45,37.0,9.0,25000000,0.30129487410796174,0.6987051258920383,-30.129487410796173,安値,中度,20961153.776761148,30000000.0,True,30,要人手査定
6005,13104,東京都新宿区北町,中古マンション等,70,10.0,2.0,200000000,0.3012584242445198,1.3012584242445198,30.12584242445198,高値,中度,169163595.15178758,130000000.0,True,30,要人手査定
26106,13117,東京都北区田端新町,中古マンション等,35,25.0,9.0,29000000,0.3012462378058878,1.3012462378058878,30.124623780588777,高値,中度,36434894.65856486,28000000.0,True,30,要人手査定
31398,13121,東京都足立区中央本町,中古マンション等,60,23.0,14.0,29000000,0.3012435274379852,1.3012435274379852,30.12435274379852,高値,中度,35784197.00454459,27500000.0,True,30,要人手査定
15365,13110,東京都目黒区駒場,中古マンション等,75,57.0,6.0,46000000,0.30123717154057045,0.6987628284594295,-30.123717154057044,安値,中度,50660305.06330864,72500000.0,True,30,要人手査定
23874,13115,東京都杉並区下井草,中古マンション等,35,21.0,15.0,25000000,0.3012334007713224,1.3012334007713224,30.123340077132237,高値,中度,30578984.918126076,23500000.0,True,30,要人手査定
9791,13107,東京都墨田区太平,中古マンション等,45,6.0,6.0,70000000,0.3012188143590058,1.3012188143590058,30.121881435900583,高値,中度,67663378.3466683,52000000.0,True,30,要人手査定
18777,13112,東京都世田谷区梅丘,中古マンション等,45,17.0,10.0,36000000,0.30119200080318154,0.6988079991968185,-30.119200080318155,安値,中度,37735631.956628196,54000000.0,True,30,要人手査定
4950,13104,東京都新宿区喜久井町,中古マンション等,20,41.0,2.0,10000000,0.3011495533426631,0.698850446657337,-30.11495533426631,安値,中度,12579308.039832065,18000000.0,True,30,要人手査定
35835,13206,東京都府中市日鋼町,中古マンション等,70,60.0,14.0,26000000,0.301134667712434,1.301134667712434,30.113466771243402,高値,中度,26022693.35424868,20000000.0,True,30,要人手査定
33758,13201,東京都八王子市鹿島,中古マンション等,60,50.0,13.0,5400000,0.30112133740957864,0.6988786625904213,-30.112133740957862,安値,中度,8386543.951085056,12000000.0,True,30,要人手査定
18944,13112,東京都世田谷区上馬,中古マンション等,80,43.0,8.0,78000000,0.3011008997255146,1.3011008997255147,30.110089972551464,高値,中度,78066053.98353088,60000000.0,True,30,要人手査定
31259,13121,東京都足立区新田,中古マンション等,80,23.0,14.0,30000000,0.3010933205618546,1.3010933205618547,30.109332056185462,高値,中度,48790999.52106955,37500000.0,True,30,要人手査定
4964,13104,東京都新宿区北新宿,中古マンション等,75,26.0,9.0,80000000,0.30109129896931436,0.6989087010306857,-30.109129896931435,安値,中度,87363587.62883571,125000000.0,True,30,要人手査定
5001,13104,東京都新宿区西新宿,中古マンション等,100,29.0,6.0,180000000,0.301075220909902,1.301075220909902,30.1075220909902,高値,中度,169139778.71828726,130000000.0,True,30,要人手査定
13019,13109,東京都品川区荏原,中古マンション等,45,16.0,9.0,52000000,0.3010650794378653,0.6989349205621347,-30.106507943786532,安値,中度,45081302.37625769,64500000.0,True,30,要人手査定
10629,13108,東京都江東区亀戸,中古マンション等,100,21.0,13.0,74000000,0.30104544913088144,0.6989545508691186,-30.104544913088144,安値,中度,62905909.57822067,90000000.0,True,30,要人手査定
12326,13108,東京都江東区亀戸,中古マンション等,40,9.0,9.0,42000000,0.3010437230564921,0.6989562769435079,-30.104372305649207,安値,中度,45082679.86285626,64500000.0,True,30,要人手査定
12319,13108,東京都江東区亀戸,中古マンション等,40,9.0,9.0,41000000,0.3010437230564921,0.6989562769435079,-30.104372305649207,安値,中度,45082679.86285626,64500000.0,True,30,要人手査定
12425,13108,東京都江東区北砂,中古マンション等,65,10.0,8.0,69000000,0.30103717148056286,0.6989628285194371,-30.103717148056287,安値,中度,67449912.95212568,96500000.0,True,30,要人手査定
32290,13122,東京都葛飾区新小岩,中古マンション等,50,45.0,4.0,40000000,0.30097532847118436,1.3009753284711845,30.097532847118437,高値,中度,33174870.8760152,25500000.0,True,30,要人手査定
38415,13219,東京都狛江市西野川,中古マンション等,95,26.0,18.0,43000000,0.30095779047200366,1.3009577904720038,30.095779047200367,高値,中度,51387832.723644145,39500000.0,True,30,要人手査定
38047,13214,東京都国分寺市本町,中古マンション等,90,45.0,4.0,38000000,0.30094868886709253,0.6990513111329074,-30.094868886709254,安値,中度,37748770.801177,54000000.0,True,30,要人手査定
24533,13116,東京都豊島区池袋,中古マンション等,60,41.0,7.0,62000000,0.30091189167093335,1.3009118916709335,30.091189167093336,高値,中度,65045594.58354667,50000000.0,True,30,要人手査定
34562,13202,東京都立川市曙町,中古マンション等,70,8.0,9.0,70000000,0.3009029917226307,1.3009029917226307,30.09029917226307,高値,中度,70248761.55302206,54000000.0,True,30,要人手査定
19138,13112,東京都世田谷区太子堂,中古マンション等,70,16.0,10.0,72000000,0.3008926051408365,1.3008926051408365,30.089260514083648,高値,中度,122283904.88323863,94000000.0,True,30,要人手査定
29490,13120,東京都練馬区練馬,中古マンション等,60,46.0,1.0,44000000,0.30088663671243415,1.300886636712434,30.088663671243417,高値,中度,42929259.01151033,33000000.0,True,30,要人手査定
20861,13113,東京都渋谷区本町,中古マンション等,40,23.0,2.0,43000000,0.30087288205733204,0.6991271179426679,-30.087288205733202,安値,中度,42996317.75347408,61500000.0,True,30,要人手査定
35678,13206,東京都府中市是政,中古マンション等,85,40.0,6.0,24000000,0.3008666694095686,0.6991333305904315,-30.086666940956857,安値,中度,23071399.909484237,33000000.0,True,30,要人手査定
15751,13110,東京都目黒区中目黒,中古マンション等,50,56.0,7.0,72000000,0.30086389575382627,1.3008638957538263,30.086389575382626,高値,中度,63742330.89193749,49000000.0,True,30,要人手査定
20539,13113,東京都渋谷区神宮前,中古マンション等,45,40.0,7.0,76000000,0.30083950167581025,1.3008395016758103,30.083950167581026,高値,中度,60489036.827925175,46500000.0,True,30,要人手査定
21896,13114,東京都中野区東中野,中古マンション等,70,4.0,4.0,130000000,0.3007864698805806,1.3007864698805807,30.07864698805806,高値,中度,122924321.40371487,94500000.0,True,30,要人手査定
38193,13215,東京都国立市中,中古マンション等,100,25.0,17.0,83000000,0.3007755319299748,1.3007755319299747,30.07755319299748,高値,中度,69591490.95825365,53500000.0,True,30,要人手査定
26877,13118,東京都荒川区南千住,中古マンション等,75,34.0,18.0,66000000,0.30075056311321435,1.3007505631132144,30.075056311321436,高値,中度,55281898.93231161,42500000.0,True,30,要人手査定
14869,13109,東京都品川区南品川,中古マンション等,60,14.0,6.0,78000000,0.3005819537892485,0.6994180462107514,-30.05819537892485,安値,中度,76935985.08318266,110000000.0,True,30,要人手査定
27648,13119,東京都板橋区加賀,中古マンション等,80,23.0,12.0,73000000,0.30054402002453723,1.3005440200245373,30.054402002453724,高値,中度,70879649.09133728,54500000.0,True,30,要人手査定
8575,13106,東京都台東区蔵前,中古マンション等,30,17.0,0.0,43000000,0.3005153204182734,1.3005153204182733,30.05153204182734,高値,中度,37064686.63192079,28500000.0,True,30,要人手査定
33159,13123,東京都江戸川区平井,中古マンション等,55,3.0,7.0,65000000,0.30047213073597145,1.3004721307359715,30.047213073597145,高値,中度,65023606.536798574,50000000.0,True,30,要人手査定
35979,13207,東京都昭島市宮沢町,中古マンション等,95,24.0,10.0,36000000,0.30046560431475,1.30046560431475,30.046560431475,高値,中度,42265132.140229374,32500000.0,True,30,要人手査定
8435,13106,東京都台東区浅草,中古マンション等,50,9.0,9.0,73000000,0.3004561551143388,1.3004561551143388,30.045615511433883,高値,中度,66323263.91083128,51000000.0,True,30,要人手査定
25304,13117,東京都北区浮間,中古マンション等,60,8.0,9.0,43000000,0.30045573045492574,0.6995442695450743,-30.045573045492574,安値,中度,45470377.52042983,65000000.0,True,30,要人手査定
4927,13104,東京都新宿区弁天町,中古マンション等,75,3.0,5.0,170000000,0.30045492452307315,0.6995450754769268,-30.045492452307315,安値,中度,153899916.6049239,220000000.0,True,30,要人手査定
35358,13205,東京都青梅市河辺町,中古マンション等,60,33.0,13.0,12000000,0.30045065330047943,1.3004506533004794,30.045065330047944,高値,中度,12094191.075694459,9300000.0,True,30,要人手査定
4857,13104,東京都新宿区中井,中古マンション等,75,29.0,6.0,77000000,0.30035997492081346,0.6996400250791865,-30.035997492081346,安値,中度,76960402.75871052,110000000.0,True,30,要人手査定
39119,13224,東京都多摩市愛宕,中古マンション等,90,34.0,9.0,22000000,0.3003508076500932,0.6996491923499069,-30.03508076500932,安値,中度,25187370.924596645,36000000.0,True,30,要人手査定
18245,13112,東京都世田谷区千歳台,中古マンション等,45,22.0,9.0,30000000,0.30033636031252103,0.699663639687479,-30.033636031252104,安値,中度,36382509.26374891,52000000.0,True,30,要人手査定
23582,13115,東京都杉並区下井草,中古マンション等,40,21.0,2.0,33000000,0.30029136553622754,0.6997086344637725,-30.029136553622752,安値,中度,34285723.08872485,49000000.0,True,30,要人手査定
10564,13108,東京都江東区扇橋,中古マンション等,70,15.0,5.0,84000000,0.3002822141270181,0.6997177858729818,-30.02822141270181,安値,中度,90963312.16348764,130000000.0,True,30,要人手査定
13980,13109,東京都品川区八潮,中古マンション等,80,42.0,8.0,42000000,0.3002755430778751,0.6997244569221249,-30.027554307787508,安値,中度,41983467.4153275,60000000.0,True,30,要人手査定
34940,13203,東京都武蔵野市中町,中古マンション等,75,16.0,3.0,100000000,0.3002696941872227,1.3002696941872227,30.02696941872227,高値,中度,112473328.54719476,86500000.0,True,30,要人手査定
37943,13214,東京都国分寺市東恋ケ窪,中古マンション等,65,13.0,9.0,40000000,0.3002469766995082,0.6997530233004918,-30.024697669950818,安値,中度,43034810.93298025,61500000.0,True,30,要人手査定
16163,13111,東京都大田区蒲田,中古マンション等,55,28.0,3.0,66000000,0.3001967310301404,1.3001967310301403,30.01967310301404,高値,中度,66960131.64805223,51500000.0,True,30,要人手査定
18785,13112,東京都世田谷区奥沢,中古マンション等,55,58.0,3.0,47000000,0.3001949176684822,1.3001949176684822,30.019491766848223,高値,中度,55908381.45974474,43000000.0,True,30,要人手査定
13093,13109,東京都品川区大井,中古マンション等,55,7.0,5.0,140000000,0.30019269340789145,1.3001926934078916,30.019269340789144,高値,中度,136520232.8078286,105000000.0,True,30,要人手査定
13098,13109,東京都品川区大井,中古マンション等,55,7.0,5.0,150000000,0.30019269340789145,1.3001926934078916,30.019269340789144,高値,中度,136520232.8078286,105000000.0,True,30,要人手査定
5094,13104,東京都新宿区中落合,中古マンション等,60,30.0,7.0,60000000,0.30018664060236827,0.6998133593976317,-30.018664060236826,安値,中度,54585442.03301527,78000000.0,True,30,要人手査定
31657,13122,東京都葛飾区東新小岩,中古マンション等,80,21.0,9.0,65000000,0.30017775757985965,1.3001777575798596,30.017775757985966,高値,中度,65008887.87899298,50000000.0,True,30,要人手査定
6447,13104,東京都新宿区南元町,中古マンション等,55,48.0,6.0,67000000,0.30013685033688997,1.30013685033689,30.013685033688997,高値,中度,70207389.91819206,54000000.0,True,30,要人手査定
10234,13108,東京都江東区北砂,中古マンション等,60,4.0,7.0,72000000,0.30012773251925756,0.6998722674807424,-30.012773251925758,安値,中度,68587482.21311276,98000000.0,True,30,要人手査定
15,13101,東京都千代田区岩本町,中古マンション等,20,48.0,3.0,14000000,0.30010751204438035,0.6998924879556196,-30.010751204438037,安値,中度,13997849.759112393,20000000.0,True,30,要人手査定
11513,13108,東京都江東区東砂,中古マンション等,65,31.0,12.0,42000000,0.30010382514113443,0.6998961748588656,-30.01038251411344,安値,中度,37094497.26751988,53000000.0,True,30,要人手査定
6713,13105,東京都文京区小石川,中古マンション等,80,28.0,8.0,130000000,0.3000603234834252,1.3000603234834252,30.006032348342522,高値,中度,130006032.34834252,100000000.0,True,30,要人手査定
35364,13205,東京都青梅市新町,中古マンション等,55,39.0,5.0,13000000,0.3000519748911157,1.3000519748911157,30.005197489111566,高値,中度,10400415.799128925,8000000.0,True,30,要人手査定
30690,13121,東京都足立区千住,中古マンション等,80,22.0,3.0,89000000,0.30004628593602733,1.3000462859360273,30.00462859360273,高値,中度,88403147.44364986,68000000.0,True,30,要人手査定
